Date,DANGCEM,GTCO,ZENITHB
06/22/2026,973.4,127.1,115.35
06/19/2026,1070.0,115.55,110.0
06/18/2026,1070.0,128.35,115.5
06/17/2026,1155.0,129.0,119.0
06/16/2026,1155.0,126.0,120.0
06/15/2026,1155.0,135.65,123.5
06/11/2026,1155.0,135.95,124.5
06/10/2026,1155.0,136.0,127.0
06/09/2026,1155.0,136.0,129.0
06/08/2026,1180.0,135.0,128.5
06/05/2026,1180.0,134.7,128.0
06/04/2026,1180.0,135.0,124.9
06/03/2026,1180.0,133.4,124.9
06/02/2026,1180.0,136.0,125.95
06/01/2026,1180.0,136.0,128.85
05/29/2026,1180.0,137.0,131.1
05/28/2026,1180.0,140.0,
05/26/2026,1180.0,140.0,132.0
05/25/2026,1180.0,144.35,131.95
05/22/2026,1180.0,145.0,132.0
05/21/2026,1180.0,145.0,132.0
05/20/2026,1180.0,145.0,132.0
05/19/2026,1180.0,145.7,131.95
05/18/2026,1180.0,146.5,130.0
05/15/2026,1180.0,146.8,129.0
05/14/2026,1180.0,147.5,130.1
05/13/2026,1180.0,147.5,131.0
05/12/2026,1180.0,151.95,135.0
05/11/2026,1180.0,153.0,132.0
05/08/2026,1088.0,144.0,126.0
05/07/2026,989.1,139.0,125.0
05/06/2026,1040.0,139.0,129.0
05/05/2026,1040.0,139.0,128.2
05/04/2026,970.0,140.0,129.4
04/30/2026,970.0,135.0,130.5
04/29/2026,970.0,136.0,125.45
04/28/2026,938.9,129.85,122.7
04/27/2026,907.5,128.0,121.85
04/24/2026,890.0,133.8,135.9
04/23/2026,870.0,133.0,134.0
04/22/2026,850.0,130.0,129.5
04/21/2026,850.0,130.0,127.0
04/20/2026,823.0,129.9,127.2
04/17/2026,823.0,128.5,126.0
04/16/2026,810.0,128.0,124.0
04/15/2026,810.0,130.0,122.9
04/14/2026,810.0,126.0,115.0
04/13/2026,810.0,134.0,112.6
04/10/2026,810.0,135.0,112.0
04/09/2026,810.0,131.5,112.0
04/08/2026,810.0,129.0,109.0
04/07/2026,810.0,125.0,103.0
04/02/2026,810.0,122.0,103.0
04/01/2026,810.0,120.95,103.0
03/31/2026,810.0,112.65,95.8
03/30/2026,810.0,114.95,100.05
03/27/2026,810.0,116.1,103.0
03/26/2026,810.0,115.4,103.05
03/25/2026,810.0,114.55,101.5
03/24/2026,810.0,111.0,107.2
03/23/2026,810.0,105.0,107.5
03/18/2026,810.0,114.35,110.0
03/17/2026,810.0,123.5,111.15
03/16/2026,802.9,118.15,103.0
03/13/2026,794.9,117.5,95.95
03/12/2026,810.0,117.45,93.15
03/11/2026,810.0,118.0,93.0
03/10/2026,815.0,117.0,93.15
03/09/2026,815.0,118.0,93.05
03/06/2026,815.0,119.0,93.0
03/05/2026,810.0,119.0,93.1
03/04/2026,809.9,119.0,92.0
03/03/2026,809.9,118.9,92.0
03/02/2026,809.9,117.95,91.95
02/27/2026,779.0,117.0,91.0
02/26/2026,829.5,117.1,89.0
02/25/2026,829.5,118.0,91.0
02/24/2026,829.5,120.0,93.0
02/23/2026,799.9,120.0,88.95
02/20/2026,799.9,118.0,86.5
02/19/2026,799.9,117.0,85.0
02/18/2026,799.9,115.95,83.7
02/17/2026,799.9,117.2,80.55
02/16/2026,798.6,120.0,89.5
02/13/2026,726.3,112.0,81.4
02/12/2026,726.3,107.0,78.0
02/11/2026,739.9,106.0,77.85
02/10/2026,739.9,101.0,76.1
02/09/2026,739.9,100.2,74.3
02/06/2026,680.0,100.25,74.0
02/05/2026,660.0,100.0,73.6
02/04/2026,649.9,99.8,73.8
02/03/2026,644.0,99.5,73.2
02/02/2026,635.0,98.8,71.5
01/30/2026,635.0,99.0,71.45
01/29/2026,635.0,98.85,71.35
01/28/2026,635.0,99.0,71.0
01/27/2026,635.0,98.5,70.9
01/26/2026,635.0,98.5,71.0
01/23/2026,635.0,98.5,71.0
01/22/2026,635.0,95.6,69.55
01/21/2026,635.0,94.95,72.0
01/20/2026,635.0,95.0,72.0
01/19/2026,635.0,97.4,71.4
01/16/2026,635.0,98.95,69.85
01/15/2026,635.0,98.9,69.0
01/14/2026,635.0,99.0,69.0
01/13/2026,635.0,99.5,68.0
01/12/2026,635.0,99.45,67.0
01/09/2026,635.0,99.2,67.0
01/08/2026,635.0,99.0,67.0
01/07/2026,635.0,99.0,67.0
01/06/2026,635.0,99.95,66.9
01/05/2026,609.0,97.0,67.0
01/02/2026,609.0,92.3,64.5
12/31/2025,609.0,90.7,61.8
12/30/2025,609.0,91.0,62.85
12/29/2025,609.0,89.55,62.7
12/24/2025,609.0,88.65,63.0
12/23/2025,610.0,88.0,62.5
12/22/2025,610.0,88.1,63.0
12/19/2025,610.0,88.1,63.3
12/18/2025,614.9,88.1,63.5
12/17/2025,614.9,88.4,63.5
12/16/2025,614.9,88.0,63.5
12/15/2025,614.9,89.9,64.05
12/12/2025,614.9,89.9,64.0
12/11/2025,614.9,90.85,64.45
12/10/2025,614.9,91.25,64.5
12/09/2025,614.9,91.0,64.5
12/08/2025,614.9,90.05,65.0
12/05/2025,614.9,89.0,62.2
12/04/2025,588.0,88.0,60.5
12/03/2025,588.0,87.0,60.0
12/02/2025,588.0,86.4,59.7
12/01/2025,534.6,86.4,60.0
11/28/2025,534.6,86.4,60.0
11/27/2025,534.6,86.1,60.0
11/26/2025,534.6,86.0,60.3
11/25/2025,534.6,86.0,59.75
11/24/2025,534.6,84.8,59.5
11/21/2025,534.6,84.5,59.75
11/20/2025,534.6,84.0,59.85
11/19/2025,534.6,84.6,59.5
11/18/2025,534.6,85.8,61.0
11/17/2025,534.6,85.5,62.95
11/14/2025,594.0,86.0,64.0
11/13/2025,594.0,88.5,64.4
11/12/2025,594.0,85.8,59.4
11/11/2025,594.0,78.0,54.0
11/10/2025,660.0,84.5,59.6
11/07/2025,660.0,85.0,60.0
11/06/2025,660.0,85.5,59.9
11/05/2025,660.0,85.95,60.8
11/04/2025,660.0,85.15,61.55
11/03/2025,660.0,89.5,63.0
10/31/2025,660.0,89.5,63.0
10/30/2025,660.0,89.0,63.0
10/29/2025,660.0,90.35,63.7
10/28/2025,665.0,90.45,63.4
10/27/2025,665.0,90.65,65.5
10/24/2025,665.0,92.5,67.2
10/23/2025,649.3,92.8,67.55
10/22/2025,639.0,93.0,67.55
10/21/2025,600.0,92.95,68.5
10/20/2025,600.0,93.25,68.6
10/17/2025,600.0,93.3,68.2
10/16/2025,599.8,93.5,68.05
10/15/2025,585.6,93.4,68.1
10/14/2025,585.6,94.0,68.0
10/13/2025,585.0,94.0,68.0
10/10/2025,575.0,95.0,68.5
10/09/2025,540.0,95.0,69.2
10/08/2025,530.0,94.0,69.0
10/07/2025,530.0,95.0,68.6
10/06/2025,525.1,99.0,69.0
10/03/2025,525.1,95.85,69.4
10/02/2025,525.1,95.9,69.0
09/30/2025,525.1,93.9,69.0
09/29/2025,525.1,94.0,69.6
09/26/2025,525.1,93.0,69.85
09/25/2025,516.2,92.8,69.45
09/24/2025,516.2,91.0,68.8
09/23/2025,516.2,90.0,67.9
09/22/2025,516.2,93.0,65.7
09/19/2025,516.2,94.0,64.0
09/18/2025,516.2,94.7,66.0
09/17/2025,516.2,94.0,66.95
09/16/2025,511.2,95.0,67.8
09/15/2025,511.2,94.2,68.0
09/12/2025,511.2,93.0,68.0
09/11/2025,528.0,92.65,67.0
09/10/2025,528.0,92.4,66.0
09/09/2025,520.2,92.5,66.0
09/08/2025,520.2,92.0,65.75
09/04/2025,520.2,92.0,64.9
09/03/2025,520.2,90.5,64.25
09/02/2025,520.2,91.5,65.0
09/01/2025,520.2,92.0,64.4
08/29/2025,520.2,92.0,66.0
08/28/2025,520.2,92.05,69.0
08/27/2025,520.0,95.0,69.9
08/26/2025,520.0,98.0,70.6
08/25/2025,520.0,96.05,70.0
08/22/2025,520.0,94.0,70.0
08/21/2025,520.0,92.75,68.3
08/20/2025,520.0,90.15,68.0
08/19/2025,520.0,95.0,67.05
08/18/2025,577.0,97.0,72.3
08/15/2025,577.0,97.7,72.4
08/14/2025,577.0,97.2,72.0
08/13/2025,577.0,97.7,72.55
08/12/2025,577.0,99.0,74.0
08/11/2025,577.0,99.85,74.0
08/08/2025,577.0,100.0,74.65
08/07/2025,577.0,99.95,74.7
08/06/2025,577.0,99.4,74.4
08/05/2025,577.0,99.0,75.9
08/04/2025,577.0,100.0,76.9
08/01/2025,528.3,99.5,76.5
07/31/2025,528.3,100.5,76.5
07/30/2025,509.6,101.95,75.0
07/29/2025,509.6,98.0,73.0
07/28/2025,494.5,94.1,72.7
07/25/2025,493.0,94.0,74.0
07/24/2025,490.0,94.1,73.2
07/23/2025,490.0,94.0,71.5
07/22/2025,489.0,93.8,70.75
07/21/2025,489.0,94.5,71.0
07/18/2025,495.0,95.05,72.0
07/17/2025,473.3,93.05,75.0
07/16/2025,430.3,101.0,76.0
07/14/2025,430.0,93.85,71.5
07/11/2025,425.0,94.1,69.7
07/10/2025,425.0,90.5,63.4
07/09/2025,425.0,88.0,59.0
07/08/2025,425.0,85.95,57.3
07/07/2025,425.0,84.5,57.55
07/04/2025,425.0,83.2,57.5
07/03/2025,425.0,82.75,58.0
07/02/2025,425.0,80.0,57.0
07/01/2025,425.0,80.25,56.05
06/30/2025,440.0,81.25,56.95
06/27/2025,440.0,82.5,58.0
06/26/2025,440.0,83.0,58.3
06/25/2025,440.0,83.0,58.0
06/24/2025,440.0,83.6,53.0
06/23/2025,440.0,83.55,50.85
06/20/2025,440.0,84.95,49.9
06/19/2025,440.0,79.75,49.95
06/18/2025,440.0,79.0,48.5
06/17/2025,438.9,75.65,46.05
06/16/2025,438.9,71.5,47.0
06/13/2025,438.9,71.5,50.2
06/11/2025,438.9,71.0,50.1
06/10/2025,420.0,71.2,50.3
06/05/2025,450.0,70.05,50.75
06/04/2025,450.0,69.5,48.8
06/03/2025,450.0,68.0,48.6
06/02/2025,440.0,66.6,48.95
05/30/2025,440.0,67.0,49.0
05/29/2025,440.0,69.0,48.5
05/28/2025,440.0,69.5,48.45
05/27/2025,440.0,69.8,48.5
05/26/2025,440.0,68.4,48.25
05/23/2025,440.0,70.0,47.4
05/22/2025,440.0,69.0,47.6
05/21/2025,440.0,69.75,47.95
05/20/2025,440.0,69.3,48.05
05/19/2025,440.0,68.5,48.0
05/16/2025,440.0,68.0,48.4
05/15/2025,440.0,68.55,48.5
05/14/2025,440.0,68.6,48.5
05/13/2025,440.0,69.05,48.0
05/12/2025,440.0,69.0,48.8
05/09/2025,440.0,69.05,48.9
05/08/2025,440.0,68.0,49.0
05/07/2025,432.0,67.5,49.0
05/06/2025,432.0,65.0,48.0
05/05/2025,432.0,63.45,46.95
05/02/2025,432.0,64.0,47.5
04/30/2025,432.0,65.4,47.8
04/29/2025,432.0,67.8,47.75
04/28/2025,432.0,67.0,46.4
04/25/2025,432.0,63.0,46.5
04/24/2025,480.0,61.1,45.5
04/23/2025,480.0,61.0,45.1
04/22/2025,480.0,60.0,45.0
04/17/2025,480.0,59.0,44.0
04/16/2025,480.0,59.0,44.0
04/15/2025,480.0,67.0,49.8
04/14/2025,480.0,68.0,50.0
04/11/2025,480.0,68.0,49.95
04/10/2025,480.0,66.5,49.2
04/09/2025,480.0,64.8,47.3
04/08/2025,480.0,65.95,47.0
04/07/2025,480.0,65.5,45.5
04/04/2025,480.0,69.4,47.9
04/03/2025,480.0,69.5,47.05
04/02/2025,480.0,69.6,47.0
03/28/2025,480.0,68.8,47.0
03/27/2025,480.0,64.25,47.8
03/26/2025,480.0,64.1,48.9
03/25/2025,480.0,62.85,49.45
03/24/2025,480.0,62.0,47.9
03/21/2025,480.0,58.2,45.6
03/20/2025,480.0,60.0,46.85
03/19/2025,480.0,60.0,47.5
03/18/2025,480.0,60.5,47.75
03/17/2025,480.0,60.65,47.55
03/14/2025,480.0,61.0,47.8
03/13/2025,480.0,60.5,48.0
03/12/2025,480.0,61.6,47.75
03/11/2025,480.0,59.9,47.5
03/10/2025,480.0,59.6,48.0
03/07/2025,480.0,59.5,47.8
03/06/2025,480.0,59.0,47.3
03/05/2025,480.0,58.5,47.0
03/04/2025,480.0,59.0,47.85
03/03/2025,480.0,60.25,48.0
02/28/2025,480.0,61.2,48.35
02/27/2025,480.0,61.0,48.0
02/26/2025,480.0,61.0,48.0
02/25/2025,480.0,62.5,48.0
02/24/2025,480.0,63.0,48.4
02/21/2025,480.0,63.05,49.4
02/20/2025,480.0,62.4,49.95
02/19/2025,480.0,62.85,50.45
02/18/2025,480.0,62.85,50.75
02/17/2025,480.0,63.0,51.45
02/14/2025,480.0,63.45,51.6
02/13/2025,474.1,63.5,51.45
02/12/2025,431.0,63.0,51.45
02/11/2025,414.9,62.9,51.3
02/10/2025,394.0,63.05,50.8
02/07/2025,394.0,64.0,52.0
02/06/2025,394.0,64.0,50.3
02/05/2025,394.0,64.0,50.0
02/04/2025,394.0,62.0,49.2
02/03/2025,394.0,61.05,50.0
01/31/2025,394.0,61.05,50.6
01/30/2025,394.0,62.3,50.65
01/29/2025,385.0,62.35,50.9
01/28/2025,385.0,62.4,50.8
01/27/2025,400.0,62.35,51.0
01/24/2025,400.0,61.25,49.6
01/23/2025,400.0,61.0,48.1
01/22/2025,400.0,60.0,47.55
01/21/2025,400.0,59.0,47.2
01/20/2025,400.0,58.0,47.0
01/17/2025,400.0,58.0,46.8
01/16/2025,400.0,58.0,46.95
01/15/2025,387.9,57.35,46.95
01/14/2025,431.0,57.95,46.75
01/13/2025,478.8,58.0,46.85
01/10/2025,478.8,58.0,46.0
01/09/2025,478.8,57.0,46.5
01/08/2025,478.8,57.0,44.5
01/07/2025,478.8,57.0,44.95
01/06/2025,478.8,56.2,46.65
01/03/2025,478.8,57.0,46.5
01/02/2025,478.8,57.0,45.85
12/31/2024,478.8,57.0,45.5
12/30/2024,478.8,57.0,45.95
12/27/2024,478.8,57.0,45.95
12/24/2024,478.8,57.95,46.0
12/23/2024,478.8,58.75,46.0
12/20/2024,478.8,57.0,45.85
12/19/2024,478.8,54.0,44.8
12/18/2024,478.8,52.95,44.7
12/17/2024,478.8,52.5,44.0
12/16/2024,478.8,52.0,44.3
12/13/2024,478.8,52.95,44.0
12/12/2024,478.8,53.0,43.75
12/11/2024,478.8,53.0,44.1
12/10/2024,478.8,53.0,44.0
12/09/2024,478.8,53.2,44.35
12/06/2024,478.8,53.2,43.95
12/05/2024,478.8,52.75,44.0
12/04/2024,478.8,52.65,44.75
12/03/2024,478.8,52.5,45.0
12/02/2024,478.8,52.5,44.7
11/29/2024,478.8,52.95,44.5
11/28/2024,478.8,53.0,44.0
11/27/2024,478.8,53.0,43.5
11/26/2024,478.8,53.0,43.5
11/25/2024,478.8,52.75,43.1
11/22/2024,478.8,54.6,44.3
11/21/2024,478.8,54.6,44.5
11/20/2024,478.8,56.0,44.9
11/19/2024,478.8,56.0,44.0
11/18/2024,478.8,55.35,43.5
11/15/2024,478.8,56.0,43.3
11/14/2024,478.8,54.5,43.0
11/13/2024,478.8,54.2,43.0
11/12/2024,478.8,53.65,42.0
11/11/2024,478.8,53.6,41.6
11/08/2024,478.8,53.6,42.0
11/07/2024,478.8,53.5,43.0
11/06/2024,478.8,54.05,42.65
11/05/2024,478.8,55.1,43.0
11/04/2024,478.8,55.1,40.65
11/01/2024,478.8,55.3,41.25
10/31/2024,478.8,53.7,39.95
10/30/2024,478.8,53.3,39.5
10/29/2024,478.8,50.6,39.0
10/28/2024,478.8,50.9,39.9
10/25/2024,478.8,52.0,39.9
10/24/2024,478.8,53.0,40.0
10/23/2024,478.8,52.5,39.3
10/22/2024,478.8,52.5,37.55
10/21/2024,478.8,51.0,37.5
10/18/2024,478.8,50.0,37.45
10/17/2024,478.8,50.0,37.5
10/16/2024,478.8,52.0,37.45
10/15/2024,478.8,51.5,37.5
10/14/2024,478.8,49.9,37.5
10/11/2024,478.8,49.0,37.45
10/10/2024,478.8,47.95,37.5
10/09/2024,478.8,47.2,37.35
10/08/2024,478.8,47.2,37.4
10/07/2024,478.8,49.0,37.5
10/04/2024,478.8,49.1,37.5
10/03/2024,478.8,48.7,37.7
10/02/2024,532.0,47.85,37.75
09/30/2024,532.0,48.0,37.75
09/27/2024,532.0,47.4,37.7
09/26/2024,532.0,46.5,37.75
09/25/2024,532.0,47.35,37.7
09/24/2024,532.0,46.95,37.6
09/23/2024,532.0,46.9,37.5
09/20/2024,532.0,47.5,37.9
09/19/2024,532.0,46.25,37.0
09/18/2024,532.0,46.4,36.7
09/17/2024,532.0,46.9,36.7
09/13/2024,532.0,46.0,38.0
09/12/2024,532.0,45.65,37.0
09/11/2024,532.0,45.45,37.0
09/10/2024,532.0,45.5,37.0
09/09/2024,532.0,45.4,37.0
09/06/2024,532.0,45.4,37.5
09/05/2024,532.0,45.5,37.0
09/04/2024,532.0,45.8,37.4
09/03/2024,532.0,46.0,38.3
09/02/2024,532.0,45.6,39.0
08/30/2024,532.0,45.5,38.25
08/29/2024,532.0,45.9,38.35
08/28/2024,532.0,45.8,38.4
08/27/2024,532.0,45.65,38.0
08/26/2024,532.0,45.5,37.95
08/23/2024,532.0,45.6,37.9
08/22/2024,532.0,45.55,37.9
08/21/2024,532.0,45.5,38.0
08/20/2024,532.0,45.8,38.0
08/19/2024,532.0,45.8,38.0
08/16/2024,591.1,46.0,38.0
08/15/2024,591.1,45.55,37.85
08/14/2024,591.1,45.5,37.0
08/13/2024,591.1,45.6,37.0
08/12/2024,591.1,45.6,38.55
08/09/2024,591.1,45.9,38.85
08/08/2024,591.1,46.0,38.0
08/07/2024,591.1,45.0,37.0
08/06/2024,591.1,44.35,36.5
08/05/2024,591.1,45.0,36.0
08/02/2024,591.1,45.0,36.0
08/01/2024,591.1,44.0,35.0
07/31/2024,591.1,44.0,33.1
07/30/2024,591.1,43.95,33.85
07/29/2024,591.1,44.0,34.55
07/26/2024,591.1,44.0,35.85
07/25/2024,656.7,44.75,35.95
07/24/2024,656.7,45.0,36.77
07/23/2024,656.7,45.05,36.77
07/22/2024,656.7,45.0,37.37
07/19/2024,656.7,44.95,36.87
07/18/2024,656.7,45.3,37.07
07/17/2024,656.7,45.5,39.86
07/16/2024,656.7,45.6,39.86
07/15/2024,656.7,45.6,38.86
07/12/2024,656.7,45.5,36.92
07/11/2024,656.7,45.2,36.97
07/10/2024,656.7,45.1,36.92
07/09/2024,656.7,45.5,37.37
07/08/2024,656.7,47.5,37.52
07/05/2024,656.7,47.35,37.37
07/04/2024,656.7,47.2,37.32
07/03/2024,656.7,47.2,35.73
07/02/2024,656.7,46.0,35.58
07/01/2024,656.7,45.15,34.68
06/28/2024,656.7,45.0,35.58
06/27/2024,656.7,44.55,35.38
06/26/2024,656.7,44.0,35.58
06/25/2024,656.7,43.6,35.08
06/24/2024,656.7,43.5,35.73
06/21/2024,656.7,44.0,35.77
06/20/2024,656.7,44.9,35.82
06/19/2024,656.7,43.0,35.87
06/14/2024,656.7,42.2,35.87
06/13/2024,656.7,42.05,35.87
06/11/2024,656.7,41.05,34.88
06/10/2024,656.7,40.0,34.68
06/07/2024,656.7,39.95,33.13
06/06/2024,656.7,40.0,32.89
06/05/2024,656.7,40.0,32.79
06/04/2024,656.7,40.0,31.89
06/03/2024,656.7,40.0,32.89
05/31/2024,656.7,40.0,32.89
05/30/2024,656.7,39.8,32.89
05/29/2024,656.7,39.0,32.39
05/28/2024,656.7,38.0,31.29
05/27/2024,656.7,37.75,30.64
05/24/2024,656.7,37.3,29.9
05/23/2024,656.7,37.0,30.74
05/22/2024,656.7,38.0,30.89
05/21/2024,656.7,39.4,32.39
05/20/2024,656.7,39.35,31.69
05/17/2024,656.7,39.9,32.69
05/16/2024,656.7,40.0,32.39
05/15/2024,656.7,42.25,33.18
05/14/2024,656.7,42.25,34.28
05/13/2024,656.7,42.2,34.58
05/10/2024,656.7,41.45,33.88
05/09/2024,656.7,40.0,33.88
05/08/2024,656.7,38.0,33.68
05/07/2024,656.7,38.55,34.58
05/06/2024,656.7,41.0,34.68
05/03/2024,656.7,38.1,34.48
05/02/2024,656.7,35.0,32.64
04/30/2024,656.7,32.7,31.99
04/29/2024,656.7,32.7,31.19
04/26/2024,656.7,35.5,32.49
04/25/2024,656.7,35.95,36.27
04/24/2024,656.7,36.0,36.47
04/23/2024,656.7,35.75,35.87
04/22/2024,656.7,36.7,37.77
04/19/2024,656.7,33.5,35.38
04/18/2024,656.7,34.35,35.87
04/17/2024,656.7,35.75,35.28
04/16/2024,656.7,36.8,35.28
04/15/2024,686.7,38.2,38.52
04/12/2024,686.7,41.4,39.86
04/08/2024,686.7,46.0,41.41
04/05/2024,686.7,48.0,42.35
04/04/2024,686.7,49.0,43.05
04/03/2024,686.7,52.4,43.85
04/02/2024,686.7,53.05,44.39
03/28/2024,686.7,52.5,44.34
03/27/2024,686.7,52.0,43.85
03/26/2024,686.7,49.2,40.31
03/25/2024,686.7,48.3,39.36
03/22/2024,686.7,48.75,39.81
03/21/2024,686.7,47.2,39.31
03/20/2024,686.7,45.85,37.87
03/19/2024,686.7,45.85,37.97
03/18/2024,686.7,46.65,38.86
03/15/2024,686.7,48.45,39.56
03/14/2024,686.7,44.05,38.37
03/13/2024,686.7,44.4,38.86
03/12/2024,686.7,43.0,38.07
03/11/2024,686.7,41.9,36.07
03/08/2024,686.7,41.1,33.88
03/07/2024,686.7,40.7,33.83
03/06/2024,686.7,41.35,33.88
03/05/2024,686.7,41.7,35.38
03/04/2024,686.7,41.5,35.33
03/01/2024,686.7,41.7,35.38
02/29/2024,686.7,39.6,34.88
02/28/2024,686.7,36.0,32.34
02/27/2024,686.7,39.45,34.38
02/26/2024,686.7,39.5,35.18
02/23/2024,686.7,39.05,35.18
02/22/2024,686.7,39.5,35.63
02/21/2024,686.7,38.55,35.38
02/20/2024,686.7,38.85,35.53
02/19/2024,686.7,39.0,35.58
02/16/2024,763.0,39.0,35.68
02/15/2024,763.0,39.05,35.63
02/14/2024,763.0,39.2,36.37
02/13/2024,763.0,39.45,35.38
02/12/2024,763.0,39.85,36.77
02/09/2024,763.0,40.0,36.72
02/08/2024,763.0,39.95,35.87
02/07/2024,763.0,39.2,36.67
02/06/2024,763.0,39.9,37.37
02/05/2024,763.0,40.5,38.57
02/02/2024,763.0,41.55,39.36
02/01/2024,763.0,40.7,38.47
01/31/2024,763.0,37.0,34.98
01/30/2024,763.0,41.0,38.86
01/29/2024,763.0,43.75,41.85
01/26/2024,694.1,43.95,42.85
01/25/2024,694.1,43.8,42.7
01/24/2024,694.1,42.75,42.1
01/23/2024,651.8,42.55,41.9
01/22/2024,592.6,44.1,43.85
01/19/2024,538.8,44.1,44.84
01/18/2024,489.9,45.5,44.15
01/17/2024,452.5,46.5,45.04
01/16/2024,411.9,47.35,45.69
01/15/2024,375.0,46.35,44.39
01/12/2024,350.0,46.3,42.85
01/11/2024,350.0,45.0,43.35
01/10/2024,350.0,44.0,42.5
01/09/2024,337.1,48.2,47.19
01/08/2024,325.0,44.0,42.9
01/05/2024,325.0,42.5,41.85
01/04/2024,319.9,42.0,40.86
01/03/2024,319.9,41.5,40.51
01/02/2024,319.9,40.1,38.86
12/29/2023,319.9,40.5,38.52
12/28/2023,319.9,40.05,38.07
12/27/2023,313.0,40.25,37.87
12/22/2023,320.0,40.05,37.77
12/21/2023,320.0,40.0,38.52
12/20/2023,320.0,40.0,38.37
12/19/2023,320.0,39.7,37.62
12/18/2023,320.0,39.6,36.97
12/15/2023,320.0,39.9,36.97
12/14/2023,320.0,39.9,36.97
12/13/2023,320.0,39.9,36.27
12/12/2023,320.0,39.5,35.38
12/11/2023,320.0,39.25,35.38
12/08/2023,320.0,39.1,34.88
12/07/2023,320.0,39.0,35.13
12/06/2023,320.0,39.7,35.97
12/05/2023,320.0,39.5,34.78
12/04/2023,320.0,39.2,34.73
12/01/2023,320.0,39.1,34.88
11/30/2023,320.0,39.0,33.93
11/29/2023,320.0,38.45,34.88
11/28/2023,320.0,38.5,35.03
11/27/2023,328.0,38.85,35.18
11/24/2023,328.0,39.0,34.58
11/23/2023,328.0,38.95,33.38
11/22/2023,328.0,38.2,33.28
11/21/2023,328.0,37.3,33.08
11/20/2023,328.0,37.1,33.03
11/17/2023,328.0,37.0,33.28
11/16/2023,328.0,37.0,33.38
11/15/2023,328.0,37.0,33.63
11/14/2023,328.0,36.3,34.28
11/13/2023,328.0,36.0,33.38
11/10/2023,328.0,35.7,32.93
11/09/2023,328.0,35.9,32.93
11/08/2023,328.0,35.7,33.08
11/07/2023,328.0,35.6,33.18
11/06/2023,328.0,35.3,33.48
11/03/2023,328.0,35.15,33.88
11/02/2023,328.0,35.0,33.88
11/01/2023,328.0,35.4,34.28
10/31/2023,328.0,34.8,33.03
10/30/2023,328.0,35.35,33.38
10/27/2023,310.1,35.35,33.18
10/26/2023,310.1,35.0,32.98
10/25/2023,310.1,35.55,33.23
10/24/2023,310.1,36.0,33.43
10/23/2023,310.1,35.2,33.13
10/20/2023,310.1,35.5,32.93
10/19/2023,310.1,35.7,33.03
10/18/2023,310.1,35.45,33.28
10/17/2023,310.1,35.2,32.89
10/16/2023,310.1,34.8,32.04
10/13/2023,310.1,34.7,31.89
10/12/2023,310.1,34.7,31.89
10/11/2023,310.1,35.0,31.49
10/10/2023,310.1,35.65,31.69
10/09/2023,310.1,35.9,31.84
10/06/2023,310.1,36.05,31.89
10/05/2023,340.0,36.0,31.79
10/04/2023,340.0,36.0,31.79
10/03/2023,340.0,35.2,31.39
09/29/2023,340.0,34.45,31.34
09/28/2023,334.0,34.5,31.19
09/26/2023,334.0,34.75,30.94
09/25/2023,334.0,35.8,31.89
09/22/2023,334.0,35.95,32.89
09/21/2023,365.0,36.0,32.89
09/20/2023,365.0,35.6,32.89
09/19/2023,365.0,35.4,32.89
09/18/2023,365.0,35.25,33.03
09/15/2023,365.0,35.2,33.13
09/14/2023,365.0,36.0,32.89
09/13/2023,365.0,37.1,33.73
09/12/2023,365.0,35.0,33.48
09/11/2023,365.0,35.5,34.68
09/08/2023,365.0,38.85,36.82
09/07/2023,365.0,39.0,36.82
09/06/2023,370.0,38.8,36.87
09/05/2023,369.8,39.5,36.87
09/04/2023,369.8,40.5,36.97
09/01/2023,369.8,38.0,34.28
08/31/2023,360.0,36.7,32.79
08/30/2023,360.0,36.3,32.79
08/29/2023,360.0,36.65,33.38
08/28/2023,360.0,36.0,32.64
08/25/2023,360.0,36.1,32.64
08/24/2023,360.0,36.0,32.89
08/23/2023,360.0,35.8,33.28
08/22/2023,360.0,36.45,33.68
08/21/2023,360.0,36.5,33.83
08/18/2023,360.0,36.45,33.88
08/17/2023,349.9,37.1,33.88
08/16/2023,349.9,37.2,34.33
08/15/2023,349.9,37.4,34.28
08/14/2023,349.9,37.6,33.98
08/11/2023,349.9,37.9,34.88
08/10/2023,349.9,38.0,34.88
08/09/2023,320.0,37.5,34.88
08/08/2023,352.0,37.5,34.88
08/07/2023,352.0,37.0,34.08
08/04/2023,352.0,36.4,33.98
08/03/2023,352.0,36.3,33.48
08/02/2023,352.0,35.5,33.38
08/01/2023,352.0,35.5,33.38
07/31/2023,352.0,36.65,33.78
07/28/2023,352.0,37.05,33.88
07/27/2023,352.0,37.5,34.88
07/26/2023,352.0,38.7,35.18
07/25/2023,352.0,38.7,34.88
07/24/2023,352.0,38.5,34.58
07/21/2023,352.0,38.5,35.03
07/20/2023,352.0,35.0,32.19
07/19/2023,352.0,34.8,32.14
07/18/2023,352.0,34.5,32.69
07/17/2023,330.0,34.0,33.83
07/14/2023,335.0,33.7,32.39
07/13/2023,326.0,34.0,33.53
07/12/2023,326.0,36.0,34.23
07/11/2023,360.7,35.9,33.98
07/10/2023,330.1,36.0,34.68
07/07/2023,300.1,36.7,34.68
07/06/2023,290.0,35.95,34.43
07/05/2023,285.0,36.0,33.98
07/04/2023,285.0,35.1,33.78
07/03/2023,285.0,36.5,35.13
06/30/2023,285.0,35.0,34.13
06/27/2023,287.5,34.4,33.88
06/26/2023,287.5,32.7,32.39
06/23/2023,287.5,31.45,31.89
06/22/2023,287.5,31.5,31.69
06/21/2023,287.5,32.0,31.64
06/20/2023,287.3,32.3,31.89
06/19/2023,286.9,32.05,31.89
06/16/2023,284.0,30.6,30.89
06/15/2023,284.0,31.85,31.94
06/14/2023,284.0,33.7,33.68
06/13/2023,286.8,30.8,30.69
06/09/2023,283.0,28.0,27.9
06/08/2023,286.0,27.9,27.9
06/07/2023,290.0,27.8,27.85
06/06/2023,290.0,27.85,27.9
06/05/2023,290.0,28.1,27.85
06/02/2023,290.0,28.35,28.5
06/01/2023,290.0,29.0,29.4
05/31/2023,290.0,28.7,28.9
05/30/2023,290.0,29.4,29.6
05/26/2023,270.0,27.5,26.91
05/25/2023,270.0,26.9,26.66
05/24/2023,270.0,27.3,26.66
05/23/2023,270.0,27.7,26.91
05/22/2023,270.0,27.15,26.36
05/19/2023,270.0,26.6,25.91
05/18/2023,270.0,26.2,24.91
05/17/2023,270.0,26.15,25.06
05/16/2023,270.0,25.1,24.41
05/15/2023,270.0,24.1,24.07
05/12/2023,270.0,24.25,23.92
05/11/2023,270.0,24.0,23.82
05/10/2023,270.0,24.6,24.31
05/09/2023,270.0,24.6,24.41
05/08/2023,270.0,24.5,24.31
05/05/2023,270.0,24.05,23.97
05/04/2023,270.0,24.0,23.92
05/03/2023,270.0,23.05,23.92
05/02/2023,270.0,22.75,23.42
04/28/2023,270.0,24.85,22.72
04/27/2023,270.0,24.9,22.72
04/26/2023,270.0,25.0,22.47
04/25/2023,270.0,25.0,21.97
04/20/2023,270.0,25.0,21.87
04/19/2023,270.0,25.15,21.77
04/18/2023,270.0,25.15,21.72
04/17/2023,270.0,25.0,21.92
04/14/2023,270.0,24.4,24.91
04/13/2023,270.0,24.35,24.96
04/12/2023,270.0,24.3,25.41
04/11/2023,270.0,24.3,25.41
04/06/2023,270.0,24.4,25.41
04/05/2023,270.0,24.7,25.41
04/04/2023,270.0,24.6,25.06
04/03/2023,270.0,25.4,25.71
03/31/2023,270.0,25.5,25.76
03/30/2023,290.0,25.55,25.81
03/29/2023,290.0,25.2,25.61
03/28/2023,276.0,24.8,24.91
03/27/2023,288.0,24.8,24.91
03/24/2023,288.0,24.9,24.86
03/23/2023,288.0,25.15,25.01
03/22/2023,288.0,25.2,24.96
03/21/2023,288.0,24.6,25.01
03/20/2023,288.0,24.7,24.66
03/17/2023,288.0,24.6,24.51
03/16/2023,288.0,24.7,24.36
03/15/2023,288.0,25.0,23.77
03/14/2023,288.0,25.2,24.91
03/13/2023,288.0,26.0,24.91
03/10/2023,288.0,26.5,25.71
03/09/2023,288.0,26.55,25.91
03/08/2023,285.0,26.4,25.91
03/07/2023,280.0,26.2,25.86
03/06/2023,278.0,26.3,26.21
03/03/2023,278.0,26.5,26.51
03/02/2023,278.0,26.7,26.31
03/01/2023,278.0,26.9,26.56
02/28/2023,278.0,26.65,26.41
02/27/2023,272.0,26.0,25.86
02/24/2023,272.0,25.5,25.66
02/23/2023,270.0,25.3,25.26
02/22/2023,270.0,25.2,25.11
02/21/2023,270.0,25.0,24.91
02/20/2023,270.0,25.1,24.91
02/17/2023,270.0,25.15,24.91
02/16/2023,270.0,25.2,25.41
02/15/2023,270.0,25.15,25.26
02/14/2023,270.0,25.1,25.21
02/13/2023,270.0,25.15,25.56
02/10/2023,270.0,25.2,25.11
02/09/2023,270.0,25.1,25.01
02/08/2023,270.0,25.15,25.11
02/07/2023,265.0,25.25,24.91
02/06/2023,266.9,25.1,25.01
02/03/2023,266.9,25.2,25.11
02/02/2023,266.9,25.05,25.01
02/01/2023,266.9,25.05,25.41
01/31/2023,266.9,24.95,24.91
01/30/2023,266.9,25.0,25.01
01/27/2023,266.9,24.45,24.81
01/26/2023,266.9,24.35,24.61
01/25/2023,266.9,24.35,24.41
01/24/2023,266.9,24.05,24.41
01/23/2023,265.0,24.15,24.51
01/20/2023,265.0,24.1,24.36
01/19/2023,265.0,24.35,24.41
01/18/2023,265.0,24.45,24.46
01/17/2023,270.0,24.2,24.51
01/16/2023,270.0,24.1,24.51
01/13/2023,270.0,24.5,25.46
01/12/2023,270.0,24.5,25.01
01/11/2023,270.0,24.0,24.31
01/10/2023,270.0,23.65,24.27
01/09/2023,262.0,23.7,24.22
01/06/2023,262.0,24.0,24.36
01/05/2023,261.0,24.0,24.46
01/04/2023,261.0,23.5,24.02
01/03/2023,261.0,23.25,23.92
12/30/2022,261.0,23.0,23.92
12/29/2022,261.0,23.4,24.81
12/28/2022,261.0,23.3,24.81
12/23/2022,261.0,22.45,24.46
12/22/2022,261.0,22.15,24.02
12/21/2022,262.3,22.05,24.22
12/20/2022,262.3,21.65,24.17
12/19/2022,262.3,21.6,23.92
12/16/2022,262.3,20.9,24.02
12/15/2022,262.3,20.5,23.42
12/14/2022,262.3,20.9,22.92
12/13/2022,262.3,21.0,22.92
12/12/2022,262.3,21.0,22.37
12/09/2022,262.3,21.0,22.02
12/08/2022,262.3,20.9,21.97
12/07/2022,262.3,21.0,21.92
12/06/2022,262.3,21.05,21.97
12/05/2022,262.3,21.4,22.12
12/02/2022,262.3,21.4,22.67
12/01/2022,262.3,20.3,22.67
11/30/2022,262.3,20.0,21.82
11/29/2022,262.3,19.9,21.62
11/28/2022,262.3,19.95,21.92
11/25/2022,262.3,20.0,21.82
11/24/2022,262.3,20.3,21.92
11/23/2022,262.3,20.5,22.62
11/22/2022,238.5,20.4,22.02
11/21/2022,238.5,19.5,21.62
11/18/2022,238.5,19.45,21.28
11/17/2022,238.5,19.0,21.23
11/16/2022,238.5,19.3,21.72
11/15/2022,238.5,18.1,20.03
11/14/2022,238.5,17.7,19.88
11/11/2022,238.5,17.55,19.88
11/10/2022,238.5,17.6,19.83
11/09/2022,221.3,17.55,19.88
11/08/2022,220.0,17.5,19.83
11/07/2022,240.0,17.55,19.93
11/04/2022,240.0,17.6,19.78
11/03/2022,240.0,17.6,19.83
11/02/2022,240.0,17.6,19.88
11/01/2022,220.5,17.6,19.93
10/31/2022,220.5,17.6,19.93
10/28/2022,220.5,17.9,20.03
10/27/2022,245.0,18.0,20.03
10/26/2022,245.0,18.2,19.53
10/25/2022,245.0,18.3,19.68
10/24/2022,245.0,18.4,19.93
10/21/2022,245.0,18.5,19.98
10/20/2022,245.0,18.45,20.13
10/19/2022,245.0,18.45,20.28
10/18/2022,245.0,18.55,20.33
10/17/2022,245.0,18.1,20.13
10/14/2022,245.0,17.9,19.93
10/13/2022,245.0,16.95,19.48
10/12/2022,245.0,16.85,19.38
10/11/2022,245.0,16.95,19.33
10/07/2022,245.0,17.0,19.48
10/06/2022,245.0,16.95,19.23
10/05/2022,245.0,17.3,18.93
10/04/2022,245.0,17.6,19.23
09/30/2022,245.0,17.75,19.93
09/29/2022,245.0,17.8,19.93
09/28/2022,245.0,18.0,19.83
09/27/2022,245.0,18.75,20.13
09/26/2022,245.0,18.85,19.93
09/23/2022,245.0,18.5,19.88
09/22/2022,245.0,19.1,19.93
09/21/2022,245.0,19.25,19.88
09/20/2022,245.0,19.55,19.73
09/19/2022,245.0,19.65,19.68
09/16/2022,245.0,19.7,19.68
09/15/2022,245.0,19.7,19.58
09/14/2022,245.0,19.75,19.43
09/13/2022,245.0,19.8,19.93
09/12/2022,245.0,19.8,19.98
09/09/2022,245.0,19.7,19.98
09/08/2022,245.0,19.8,19.98
09/07/2022,245.0,19.8,19.98
09/06/2022,245.0,19.8,20.18
09/05/2022,245.0,19.9,20.93
09/02/2022,245.0,19.8,21.43
09/01/2022,245.0,19.85,21.18
08/31/2022,245.0,19.85,21.82
08/30/2022,245.0,19.85,21.87
08/29/2022,245.0,19.9,21.87
08/26/2022,245.0,20.0,21.82
08/25/2022,245.0,19.95,21.92
08/24/2022,245.0,20.1,21.92
08/23/2022,245.0,20.2,21.92
08/22/2022,258.8,20.25,21.92
08/19/2022,258.8,20.3,21.87
08/18/2022,258.8,20.3,21.87
08/17/2022,258.8,20.3,21.62
08/16/2022,258.8,20.3,21.72
08/15/2022,258.8,20.35,21.62
08/12/2022,258.8,20.4,21.18
08/11/2022,265.0,20.45,21.33
08/10/2022,265.0,20.55,21.38
08/09/2022,241.0,20.55,21.18
08/08/2022,265.0,20.5,21.18
08/05/2022,265.0,20.6,21.82
08/04/2022,265.0,20.5,21.92
08/03/2022,265.0,20.4,21.33
08/02/2022,265.0,20.35,21.33
08/01/2022,265.0,20.0,20.93
07/29/2022,265.0,19.85,20.63
07/28/2022,265.0,18.9,18.83
07/27/2022,265.0,19.6,20.53
07/26/2022,265.0,20.4,20.93
07/25/2022,265.0,20.7,21.62
07/22/2022,265.0,20.75,20.68
07/21/2022,265.0,20.85,21.87
07/20/2022,265.0,20.9,21.87
07/19/2022,265.0,21.45,21.92
07/18/2022,265.0,21.35,22.0
07/15/2022,265.0,20.95,22.2
07/14/2022,275.0,20.7,22.1
07/13/2022,275.0,20.4,22.45
07/08/2022,275.0,20.4,22.0
07/07/2022,275.0,20.4,21.85
07/06/2022,275.0,20.3,21.75
07/05/2022,275.0,20.45,21.65
07/04/2022,275.0,20.45,22.1
07/01/2022,275.0,20.45,21.85
06/30/2022,275.0,20.5,21.7
06/29/2022,275.0,20.5,21.7
06/28/2022,275.0,20.7,21.65
06/27/2022,275.0,20.85,21.7
06/24/2022,275.0,20.9,21.65
06/23/2022,275.0,20.95,21.6
06/22/2022,275.0,21.0,21.95
06/21/2022,270.0,21.0,22.0
06/20/2022,249.3,21.0,22.0
06/17/2022,277.0,21.05,21.4
06/16/2022,277.0,21.5,21.95
06/15/2022,277.0,21.65,22.25
06/14/2022,277.0,21.5,22.7
06/10/2022,277.0,22.0,22.85
06/09/2022,277.0,22.2,22.85
06/08/2022,277.0,22.4,23.4
06/07/2022,277.0,22.4,23.4
06/06/2022,277.0,22.5,23.35
06/03/2022,277.0,22.55,23.45
06/02/2022,277.0,22.55,23.0
06/01/2022,277.0,22.6,23.45
05/31/2022,277.0,22.55,23.45
05/30/2022,297.0,22.9,23.85
05/27/2022,297.0,23.0,23.9
05/26/2022,297.0,23.0,23.85
05/25/2022,297.0,22.4,23.6
05/24/2022,297.0,23.0,24.0
05/23/2022,300.0,23.5,24.05
05/20/2022,300.0,23.7,24.1
05/19/2022,300.0,23.9,24.3
05/18/2022,300.0,23.9,24.4
05/17/2022,300.0,23.9,24.1
05/16/2022,300.0,23.95,24.35
05/13/2022,300.0,23.9,24.5
05/12/2022,300.0,23.6,24.0
05/11/2022,300.0,23.95,24.3
05/10/2022,292.4,23.75,24.25
05/09/2022,292.4,23.75,24.3
05/06/2022,292.4,23.4,24.45
05/05/2022,292.4,23.5,24.0
05/04/2022,292.4,23.95,24.15
04/29/2022,292.4,24.0,24.5
04/28/2022,285.8,23.95,24.55
04/27/2022,285.8,23.95,24.15
04/26/2022,285.8,24.25,24.8
04/25/2022,285.8,24.6,25.55
04/22/2022,285.4,24.2,25.3
04/21/2022,285.4,24.1,24.3
04/20/2022,285.4,23.7,24.0
04/19/2022,280.0,24.5,24.85
04/14/2022,280.0,24.5,25.0
04/13/2022,273.5,24.4,25.1
04/12/2022,273.5,23.65,25.4
04/11/2022,273.5,22.95,24.0
04/08/2022,273.5,23.0,23.0
04/07/2022,273.5,22.45,22.8
04/06/2022,273.5,22.1,22.65
04/05/2022,273.5,22.35,22.75
04/04/2022,273.5,21.8,22.0
04/01/2022,273.5,21.5,22.4
03/31/2022,273.5,22.4,22.4
03/30/2022,273.5,23.0,22.75
03/29/2022,273.5,23.3,23.25
03/28/2022,273.5,23.25,23.55
03/25/2022,273.5,23.15,26.9
03/24/2022,273.5,23.0,26.6
03/23/2022,273.5,26.0,26.9
03/22/2022,273.5,26.0,26.95
03/21/2022,273.5,26.15,27.0
03/18/2022,273.5,26.2,26.65
03/17/2022,273.5,26.2,26.45
03/16/2022,273.5,26.15,26.4
03/15/2022,273.5,26.2,26.8
03/14/2022,273.5,26.7,27.0
03/11/2022,273.5,27.0,27.0
03/10/2022,273.5,26.0,26.7
03/09/2022,273.5,26.15,26.5
03/08/2022,273.5,26.2,26.8
03/07/2022,273.5,26.0,26.85
03/04/2022,273.5,26.0,26.45
03/03/2022,273.5,26.35,26.7
03/02/2022,273.5,26.65,26.95
03/01/2022,273.5,26.95,27.0
02/28/2022,273.5,26.9,27.1
02/25/2022,273.5,26.9,26.95
02/24/2022,273.5,26.9,27.0
02/23/2022,273.5,26.5,26.95
02/22/2022,273.5,26.8,26.95
02/21/2022,273.5,26.45,26.95
02/18/2022,273.5,26.2,26.8
02/17/2022,273.5,26.3,26.8
02/16/2022,273.5,26.0,26.85
02/15/2022,274.8,26.3,26.85
02/14/2022,274.8,26.4,27.05
02/11/2022,274.8,26.6,26.9
02/10/2022,274.8,27.25,27.4
02/09/2022,274.8,27.25,27.1
02/08/2022,274.8,27.25,27.0
02/07/2022,274.8,27.35,26.95
02/04/2022,274.8,27.5,26.35
02/03/2022,274.8,27.45,26.15
02/02/2022,260.6,27.7,26.5
02/01/2022,260.6,28.0,27.35
01/31/2022,260.6,26.9,26.05
01/28/2022,260.6,25.65,25.75
01/27/2022,260.6,25.5,25.5
01/26/2022,284.9,25.5,25.4
01/25/2022,284.9,25.5,25.4
01/24/2022,284.9,25.65,25.6
01/21/2022,284.9,25.8,25.8
01/20/2022,284.9,25.5,25.85
01/19/2022,270.0,25.45,25.8
01/18/2022,270.0,25.5,25.7
01/17/2022,270.0,25.15,25.5
01/14/2022,270.0,25.2,25.5
01/13/2022,275.0,25.45,25.5
01/12/2022,275.0,25.45,25.45
01/11/2022,259.0,25.5,25.4
01/10/2022,260.0,25.55,25.35
01/07/2022,250.0,25.8,25.4
01/06/2022,250.0,25.9,25.35
01/05/2022,250.0,25.9,25.3
01/04/2022,257.0,26.0,25.3
12/31/2021,257.0,26.0,25.15
12/30/2021,257.0,26.0,25.0
12/29/2021,257.0,26.0,24.75
12/24/2021,257.0,25.75,24.4
12/23/2021,257.0,25.9,24.2
12/22/2021,256.5,25.9,24.4
12/21/2021,256.5,25.8,24.65
12/20/2021,256.5,25.8,24.85
12/17/2021,255.0,25.6,24.8
12/16/2021,252.0,25.8,24.8
12/15/2021,255.0,25.6,24.8
12/14/2021,255.0,25.0,24.75
12/13/2021,255.0,26.0,25.05
12/10/2021,252.0,26.5,25.5
12/09/2021,252.0,25.5,24.55
12/08/2021,280.0,24.3,24.0
12/07/2021,280.0,24.15,24.0
12/06/2021,280.0,23.95,23.5
12/03/2021,280.0,24.1,23.5
12/02/2021,280.0,24.5,23.55
12/01/2021,280.0,24.6,24.0
11/30/2021,280.0,24.6,23.95
11/29/2021,280.0,24.95,24.2
11/26/2021,280.0,25.0,24.35
11/25/2021,280.0,25.0,24.45
11/24/2021,280.0,25.4,24.45
11/23/2021,280.0,25.4,24.2
11/22/2021,280.0,25.45,24.2
11/19/2021,280.0,25.4,23.9
11/18/2021,280.0,26.1,24.1
11/17/2021,280.0,26.3,24.1
11/16/2021,280.0,26.9,24.05
11/15/2021,280.0,27.5,24.05
11/12/2021,280.0,27.45,24.0
11/11/2021,280.0,27.4,24.0
11/10/2021,280.0,27.65,24.1
11/09/2021,280.0,27.65,24.4
11/08/2021,280.0,27.95,24.5
11/05/2021,280.0,28.2,24.6
11/04/2021,280.0,28.2,24.5
11/03/2021,280.0,28.0,24.5
11/02/2021,280.0,28.3,25.0
11/01/2021,280.0,28.4,25.15
10/29/2021,280.0,28.65,25.25
10/28/2021,280.0,28.55,25.05
10/27/2021,280.0,28.55,25.0
10/26/2021,280.0,28.5,24.8
10/25/2021,280.0,28.6,24.9
10/22/2021,280.0,28.5,25.0
10/21/2021,280.0,29.0,24.95
10/20/2021,280.0,29.6,24.95
10/18/2021,280.0,29.6,24.85
10/15/2021,280.0,29.6,24.7
10/14/2021,280.0,28.5,24.7
10/13/2021,280.0,28.5,24.8
10/12/2021,280.0,28.2,24.55
10/11/2021,280.0,28.0,24.55
10/08/2021,280.0,28.6,24.5
10/07/2021,280.0,28.4,24.15
10/06/2021,280.0,28.4,24.05
10/05/2021,280.0,28.5,23.9
10/04/2021,280.0,28.1,23.5
09/30/2021,280.0,28.05,23.45
09/29/2021,261.0,27.9,23.5
09/28/2021,245.0,27.7,23.3
09/27/2021,245.0,27.6,23.45
09/24/2021,245.0,27.75,23.5
09/23/2021,245.0,27.4,22.85
09/22/2021,245.0,27.05,22.9
09/21/2021,245.0,27.1,22.95
09/20/2021,245.0,27.3,23.5
09/17/2021,245.0,28.0,23.8
09/16/2021,245.0,27.05,23.65
09/15/2021,245.0,27.2,23.65
09/14/2021,245.0,27.0,23.8
09/13/2021,245.0,27.1,23.7
09/10/2021,245.0,27.05,24.0
09/09/2021,245.0,27.1,23.8
09/08/2021,245.0,27.05,24.0
09/07/2021,245.0,27.6,24.2
09/06/2021,245.0,27.85,24.25
09/03/2021,245.0,27.85,24.1
09/02/2021,245.0,27.5,24.05
09/01/2021,243.0,27.45,24.0
08/31/2021,243.0,27.35,24.0
08/30/2021,243.0,27.5,24.25
08/27/2021,249.6,27.55,24.4
08/26/2021,249.6,27.8,24.3
08/25/2021,249.6,27.8,24.4
08/24/2021,249.6,28.0,24.5
08/23/2021,249.6,27.9,24.3
08/20/2021,249.6,28.1,24.3
08/19/2021,249.6,28.0,24.25
08/18/2021,249.6,28.05,24.2
08/17/2021,249.6,28.3,24.2
08/16/2021,241.6,28.35,24.25
08/13/2021,241.6,28.25,24.4
08/12/2021,241.6,28.4,24.3
08/11/2021,240.0,28.1,24.2
08/10/2021,240.0,28.0,24.1
08/09/2021,240.0,28.15,24.25
08/06/2021,248.1,28.0,24.35
08/05/2021,248.1,28.0,24.4
08/04/2021,248.1,28.35,24.5
08/03/2021,248.1,28.45,24.4
08/02/2021,248.1,28.5,24.6
07/30/2021,248.1,28.5,24.55
07/29/2021,248.0,29.05,24.45
07/28/2021,248.0,29.55,24.4
07/27/2021,248.0,29.55,24.8
07/26/2021,248.0,29.65,24.65
07/23/2021,248.0,29.6,24.85
07/22/2021,248.0,29.5,24.65
07/19/2021,230.0,29.45,24.45
07/16/2021,230.0,29.4,24.45
07/15/2021,230.0,29.3,24.3
07/14/2021,230.0,29.45,24.0
07/13/2021,230.0,29.45,24.3
07/12/2021,230.0,29.55,24.4
07/09/2021,230.0,29.45,24.95
07/08/2021,229.9,29.3,25.0
07/07/2021,229.9,29.85,25.0
07/06/2021,229.9,29.3,24.8
07/05/2021,229.9,29.3,24.1
07/02/2021,229.9,29.45,24.0
07/01/2021,221.0,29.5,23.9
06/30/2021,221.0,29.9,23.75
06/29/2021,221.0,30.0,23.75
06/28/2021,221.0,30.0,23.65
06/25/2021,221.0,30.0,23.8
06/24/2021,230.0,28.55,23.8
06/23/2021,230.0,,23.5
06/22/2021,230.0,,23.8
06/21/2021,230.0,,23.9
06/18/2021,230.0,,23.8
06/17/2021,230.0,28.55,23.5
06/16/2021,230.0,28.05,23.4
06/15/2021,230.0,28.5,23.35
06/11/2021,230.0,28.9,23.15
06/10/2021,230.0,29.0,23.1
06/09/2021,230.0,28.9,22.95
06/08/2021,225.0,28.4,22.9
06/07/2021,220.0,28.3,22.95
06/04/2021,220.0,28.65,23.0
06/03/2021,215.5,28.4,23.0
06/02/2021,215.5,28.4,22.95
06/01/2021,212.5,28.4,22.85
05/31/2021,212.5,28.4,23.0
05/28/2021,212.5,28.0,23.0
05/27/2021,204.0,28.1,22.9
05/26/2021,210.0,28.45,22.8
05/25/2021,210.0,28.65,23.05
05/24/2021,210.0,29.0,23.05
05/21/2021,210.0,29.25,23.0
05/20/2021,210.0,29.5,23.0
05/19/2021,214.0,29.35,23.0
05/18/2021,215.0,29.5,23.5
05/17/2021,215.0,29.5,23.7
05/14/2021,215.0,30.0,23.7
05/11/2021,215.0,29.55,23.25
05/10/2021,211.6,30.0,23.0
05/07/2021,211.6,29.25,22.2
05/06/2021,211.6,29.0,21.95
05/05/2021,217.0,29.0,21.3
05/04/2021,217.0,30.1,22.0
04/30/2021,217.0,30.1,22.25
04/29/2021,220.0,30.05,22.15
04/28/2021,204.0,31.0,22.1
04/27/2021,220.0,31.15,22.1
04/26/2021,220.0,31.3,22.2
04/23/2021,220.0,31.2,22.3
04/22/2021,220.0,31.3,22.0
04/21/2021,220.0,31.25,22.3
04/20/2021,220.0,30.0,22.25
04/19/2021,220.0,29.5,21.65
04/16/2021,220.0,29.15,21.5
04/15/2021,215.0,28.75,21.8
04/14/2021,215.0,28.8,22.0
04/13/2021,215.0,28.95,21.9
04/12/2021,215.0,28.9,22.0
04/09/2021,215.0,28.9,21.95
04/08/2021,215.0,28.75,21.8
04/07/2021,215.0,28.0,21.0
04/06/2021,215.0,28.95,21.9
04/01/2021,215.0,29.95,22.1
03/31/2021,215.0,32.85,22.55
03/30/2021,215.0,33.0,22.6
03/29/2021,224.0,32.9,22.05
03/26/2021,225.0,31.55,22.0
03/25/2021,225.0,31.15,22.0
03/24/2021,225.0,31.0,22.0
03/23/2021,220.0,31.05,22.0
03/22/2021,220.0,31.0,22.5
03/19/2021,220.0,31.0,22.5
03/18/2021,227.8,29.8,22.0
03/17/2021,227.8,28.0,20.5
03/16/2021,227.8,28.5,20.3
03/15/2021,220.0,29.95,21.2
03/12/2021,220.0,30.75,21.35
03/11/2021,220.0,30.95,21.45
03/10/2021,228.0,30.7,21.75
03/09/2021,220.0,31.0,21.75
03/08/2021,220.0,31.05,24.9
03/05/2021,220.0,31.0,25.3
03/04/2021,220.0,31.5,25.3
03/03/2021,220.0,31.7,25.55
03/02/2021,220.0,31.5,25.65
03/01/2021,220.0,31.0,25.8
02/26/2021,220.0,31.0,25.45
02/25/2021,220.0,31.05,25.85
02/24/2021,220.0,31.05,26.3
02/23/2021,220.0,30.75,26.0
02/22/2021,220.0,30.5,24.8
02/19/2021,220.0,30.4,24.7
02/18/2021,220.0,30.3,24.1
02/17/2021,220.0,30.9,25.0
02/16/2021,220.0,30.9,25.0
02/15/2021,220.0,30.8,25.15
02/12/2021,220.0,30.35,25.0
02/11/2021,228.0,30.55,24.8
02/10/2021,213.0,32.2,25.0
02/09/2021,230.0,32.7,25.8
02/08/2021,230.0,32.85,26.0
02/05/2021,230.0,36.0,26.0
02/04/2021,230.0,33.0,26.75
02/03/2021,236.0,33.05,26.95
02/02/2021,236.0,33.75,26.3
02/01/2021,236.0,34.5,27.15
01/29/2021,236.0,34.5,27.2
01/28/2021,236.0,34.0,27.2
01/27/2021,236.0,33.2,26.4
01/26/2021,236.0,33.15,26.25
01/25/2021,236.0,33.1,26.5
01/22/2021,234.0,33.1,26.5
01/21/2021,234.0,33.0,26.45
01/20/2021,234.5,33.05,26.3
01/19/2021,234.6,33.75,26.2
01/18/2021,234.6,33.65,26.15
01/15/2021,237.0,33.05,26.3
01/14/2021,237.0,33.0,26.4
01/13/2021,230.0,32.4,25.9
01/12/2021,230.0,32.5,25.8
01/11/2021,225.0,32.85,25.85
01/08/2021,225.0,33.0,25.65
01/07/2021,244.9,33.0,25.3
01/06/2021,244.9,32.5,25.1
01/05/2021,244.9,32.55,24.6
01/04/2021,244.9,33.5,25.7
12/31/2020,244.9,32.35,24.8
12/30/2020,245.0,32.5,24.95
12/29/2020,245.0,32.7,25.0
12/24/2020,245.0,32.8,24.5
12/23/2020,245.0,33.0,24.5
12/22/2020,245.0,33.0,24.5
12/21/2020,230.4,33.5,24.3
12/18/2020,209.5,33.75,24.8
12/17/2020,200.0,33.75,24.75
12/16/2020,195.0,33.95,24.1
12/15/2020,195.0,33.55,23.5
12/14/2020,188.0,33.0,22.6
12/11/2020,183.0,32.9,22.7
12/10/2020,199.0,32.35,22.0
12/09/2020,199.0,33.15,23.45
12/08/2020,199.0,33.15,23.4
12/07/2020,199.0,33.15,23.7
12/04/2020,199.0,33.25,23.95
12/03/2020,205.0,33.6,23.55
12/02/2020,205.0,34.1,24.0
12/01/2020,205.0,35.0,24.4
11/30/2020,205.0,33.2,24.0
11/27/2020,205.0,35.0,24.45
11/26/2020,205.0,35.4,24.5
11/25/2020,205.0,34.5,24.5
11/24/2020,199.8,34.1,24.1
11/23/2020,199.8,34.05,24.15
11/20/2020,193.2,35.35,25.6
11/19/2020,195.0,35.8,26.05
11/18/2020,195.0,37.0,26.7
11/17/2020,187.1,37.0,25.9
11/16/2020,200.0,36.0,26.0
11/13/2020,200.0,36.4,27.15
11/12/2020,200.0,38.2,28.15
11/11/2020,185.0,36.0,25.6
11/10/2020,185.0,35.0,24.5
11/09/2020,185.0,35.25,23.95
11/06/2020,174.5,33.5,22.3
11/05/2020,169.0,32.3,21.9
11/04/2020,169.0,32.1,21.85
11/03/2020,169.0,32.0,21.85
11/02/2020,160.0,32.5,21.95
10/30/2020,160.0,32.5,22.1
10/28/2020,155.3,31.25,21.5
10/27/2020,152.0,31.25,21.45
10/26/2020,152.0,30.65,21.15
10/23/2020,151.0,30.45,21.0
10/22/2020,150.0,30.0,20.65
10/21/2020,150.0,30.0,20.8
10/20/2020,150.0,30.4,21.05
10/19/2020,150.0,30.8,21.0
10/16/2020,150.0,30.35,21.55
10/15/2020,150.0,29.5,20.0
10/14/2020,150.0,30.0,20.0
10/13/2020,150.0,29.55,20.0
10/12/2020,150.0,30.3,19.95
10/09/2020,150.0,30.4,20.0
10/08/2020,150.5,32.0,20.1
10/07/2020,158.0,31.0,19.55
10/06/2020,158.2,31.5,20.8
10/05/2020,144.0,29.7,19.0
10/02/2020,144.0,29.0,18.05
09/30/2020,142.9,28.05,17.85
09/29/2020,139.0,27.05,17.5
09/28/2020,139.0,27.0,17.3
09/25/2020,139.0,27.0,17.3
09/24/2020,135.9,26.0,17.1
09/23/2020,134.7,25.5,17.0
09/22/2020,134.7,25.4,16.7
09/21/2020,135.0,25.4,16.7
09/18/2020,135.0,25.35,16.7
09/17/2020,135.0,25.0,16.7
09/16/2020,135.0,24.95,17.0
09/15/2020,135.0,25.15,17.2
09/14/2020,135.0,25.1,17.25
09/11/2020,134.0,25.0,17.2
09/10/2020,134.0,24.75,16.95
09/09/2020,134.0,24.3,16.4
09/08/2020,134.0,24.3,16.9
09/07/2020,134.0,25.9,17.3
09/04/2020,134.0,26.55,17.4
09/03/2020,134.0,25.7,17.2
09/02/2020,134.0,25.65,16.95
09/01/2020,134.0,25.6,16.85
08/31/2020,134.9,25.5,16.75
08/28/2020,134.2,25.4,16.85
08/27/2020,134.2,25.2,16.85
08/26/2020,135.0,25.05,16.95
08/25/2020,135.0,25.0,16.95
08/24/2020,135.0,25.2,16.85
08/21/2020,135.0,25.1,16.8
08/20/2020,135.0,25.25,16.9
08/19/2020,135.0,25.2,16.9
08/18/2020,135.0,24.9,16.75
08/17/2020,135.0,24.85,16.7
08/14/2020,136.0,24.9,16.7
08/13/2020,136.0,24.8,16.75
08/12/2020,136.0,24.85,16.75
08/11/2020,136.0,24.8,16.85
08/10/2020,141.8,24.55,16.8
08/07/2020,141.8,24.35,16.9
08/06/2020,141.8,23.75,16.7
08/05/2020,141.8,23.6,16.5
08/04/2020,141.8,23.15,16.95
08/03/2020,141.8,22.85,16.35
07/29/2020,141.8,22.5,16.3
07/28/2020,141.8,22.6,16.35
07/27/2020,141.8,23.3,15.9
07/24/2020,134.2,21.65,15.5
07/23/2020,134.2,21.5,15.55
07/22/2020,122.0,21.55,15.55
07/21/2020,122.0,21.5,15.55
07/20/2020,126.0,21.5,15.65
07/17/2020,126.0,21.5,15.75
07/16/2020,126.0,22.0,15.75
07/15/2020,126.0,21.5,15.55
07/14/2020,126.0,21.3,15.6
07/13/2020,126.0,22.0,16.2
07/10/2020,126.0,22.45,16.7
07/09/2020,126.0,22.75,16.75
07/08/2020,126.0,22.5,16.65
07/07/2020,126.0,21.05,16.35
07/06/2020,127.0,21.0,16.05
07/03/2020,127.0,20.8,15.25
07/02/2020,127.0,20.7,14.8
07/01/2020,127.0,21.85,15.7
06/30/2020,127.0,22.05,16.1
06/29/2020,128.0,22.35,16.2
06/26/2020,128.0,22.7,16.2
06/25/2020,130.0,22.7,16.15
06/24/2020,130.0,22.7,16.4
06/23/2020,130.0,22.75,16.25
06/22/2020,130.0,22.75,16.15
06/19/2020,130.0,23.15,16.15
06/18/2020,139.0,23.1,16.15
06/17/2020,139.0,23.0,16.15
06/16/2020,139.0,23.6,16.1
06/15/2020,139.0,23.6,16.2
06/11/2020,139.0,24.0,16.65
06/10/2020,139.0,24.2,16.6
06/09/2020,139.0,24.05,16.9
06/08/2020,139.0,24.1,16.9
06/05/2020,139.0,23.9,16.75
06/04/2020,141.9,24.5,16.7
06/03/2020,140.5,25.0,17.0
06/02/2020,141.0,25.1,17.1
06/01/2020,139.0,24.55,17.05
05/29/2020,139.0,24.0,16.9
05/28/2020,138.5,24.4,17.45
05/27/2020,137.3,24.85,17.9
05/22/2020,150.0,23.75,16.95
05/21/2020,150.0,24.0,17.0
05/20/2020,150.0,23.85,16.5
05/19/2020,147.5,23.3,15.85
05/18/2020,143.5,22.75,15.5
05/15/2020,143.5,22.5,15.45
05/14/2020,146.0,22.0,15.4
05/13/2020,143.5,21.45,15.1
05/12/2020,143.5,21.0,15.05
05/11/2020,150.0,21.0,15.05
05/08/2020,150.0,21.95,15.4
05/07/2020,150.0,22.5,15.2
05/06/2020,143.8,22.95,15.8
05/05/2020,143.0,21.0,14.85
05/04/2020,130.0,21.0,14.35
04/30/2020,130.0,21.0,14.3
04/29/2020,130.0,21.1,14.7
04/28/2020,130.0,21.0,14.85
04/27/2020,130.0,20.0,14.2
04/24/2020,130.0,19.3,14.05
04/23/2020,131.5,18.9,13.9
04/22/2020,136.0,18.6,13.75
04/21/2020,136.0,18.35,13.05
04/20/2020,136.0,19.9,14.15
04/17/2020,136.0,20.8,15.0
04/16/2020,136.0,20.5,14.35
04/15/2020,133.1,21.9,15.9
04/14/2020,121.0,20.45,14.5
04/09/2020,117.0,18.85,14.0
04/08/2020,117.0,18.3,13.25
04/07/2020,117.0,18.0,12.95
04/06/2020,117.0,17.85,12.05
04/03/2020,125.0,17.6,11.9
04/02/2020,128.4,17.3,11.0
04/01/2020,116.8,17.55,11.4
03/31/2020,129.7,17.7,11.7
03/30/2020,129.7,17.9,11.95
03/27/2020,129.7,18.45,12.6
03/26/2020,129.7,18.0,12.1
03/25/2020,129.7,17.1,11.75
03/24/2020,129.7,16.9,10.95
03/23/2020,129.7,16.75,10.7
03/20/2020,129.7,18.6,11.85
03/19/2020,129.0,18.3,12.15
03/18/2020,133.4,20.9,13.5
03/17/2020,137.7,19.6,13.5
03/16/2020,153.0,19.0,12.8
03/13/2020,153.0,19.0,11.9
03/12/2020,153.0,18.1,10.85
03/11/2020,153.0,19.9,12.05
03/10/2020,170.0,19.95,13.05
03/09/2020,170.0,22.15,16.95
03/06/2020,170.0,24.6,18.8
03/05/2020,170.0,24.9,20.0
03/04/2020,170.0,24.6,19.6
03/03/2020,170.0,24.5,19.6
03/02/2020,170.0,22.7,18.05
02/28/2020,170.0,23.8,18.5
02/27/2020,170.0,26.4,19.0
02/26/2020,170.0,27.0,19.05
02/25/2020,170.0,26.8,19.05
02/24/2020,170.0,26.9,19.1
02/21/2020,170.0,27.95,19.85
02/20/2020,170.0,28.0,19.4
02/19/2020,170.0,28.4,19.5
02/18/2020,170.0,28.85,19.5
02/17/2020,170.0,29.0,19.6
02/14/2020,170.0,29.9,19.65
02/13/2020,170.0,30.85,19.9
02/12/2020,170.0,29.0,19.95
02/11/2020,170.0,29.0,20.0
02/10/2020,170.0,29.3,19.85
02/07/2020,170.0,29.5,19.8
02/06/2020,170.0,30.0,20.0
02/05/2020,170.0,29.1,19.2
02/04/2020,179.9,29.0,19.2
02/03/2020,179.9,29.4,19.9
01/31/2020,179.9,30.0,20.85
01/30/2020,179.9,31.0,21.15
01/29/2020,179.9,30.1,21.15
01/28/2020,179.9,31.0,21.15
01/27/2020,179.9,32.1,21.45
01/24/2020,179.9,32.1,21.95
01/23/2020,174.9,32.1,22.0
01/22/2020,172.8,32.2,22.0
01/21/2020,173.0,32.2,22.35
01/20/2020,175.0,34.0,22.75
01/17/2020,175.0,33.5,22.3
01/16/2020,175.0,32.35,21.8
01/15/2020,170.0,31.8,21.35
01/14/2020,170.0,31.6,21.3
01/13/2020,172.0,31.5,21.7
01/10/2020,172.0,31.95,21.85
01/09/2020,175.0,32.55,22.0
01/08/2020,164.0,31.25,21.8
01/07/2020,150.0,30.5,21.0
01/06/2020,146.0,31.0,20.0
01/03/2020,142.0,30.1,19.25
01/02/2020,142.0,29.2,18.7
12/31/2019,142.0,29.7,18.6
12/30/2019,141.5,29.0,18.5
12/27/2019,140.0,29.0,18.4
12/24/2019,140.0,29.0,18.15
12/23/2019,140.0,29.35,18.3
12/20/2019,140.0,29.6,18.3
12/19/2019,140.0,30.0,18.5
12/18/2019,140.0,29.5,18.5
12/17/2019,140.0,29.55,18.7
12/16/2019,142.0,29.5,18.75
12/13/2019,140.0,29.2,18.75
12/12/2019,140.0,29.0,18.55
12/11/2019,140.0,28.0,18.5
12/10/2019,140.0,28.65,18.55
12/09/2019,142.0,29.0,18.5
12/06/2019,142.7,29.9,18.6
12/05/2019,143.0,30.1,18.7
12/04/2019,143.0,30.25,18.7
12/03/2019,143.0,30.3,18.8
12/02/2019,143.0,30.3,18.6
11/29/2019,142.8,30.45,18.6
11/28/2019,143.0,30.05,18.6
11/27/2019,143.6,29.9,18.5
11/26/2019,144.0,29.8,18.35
11/25/2019,144.4,29.6,18.6
11/22/2019,144.4,29.4,18.65
11/21/2019,144.9,29.5,18.6
11/20/2019,144.0,29.05,18.8
11/19/2019,144.9,29.0,18.5
11/18/2019,144.9,29.0,18.7
11/15/2019,144.9,29.0,18.85
11/14/2019,145.0,29.9,19.15
11/13/2019,145.0,28.0,17.8
11/12/2019,147.2,28.7,17.4
11/08/2019,145.8,28.6,17.15
11/07/2019,147.9,27.0,17.0
11/06/2019,147.9,26.25,17.35
11/05/2019,149.5,26.05,17.35
11/04/2019,149.5,26.1,17.15
11/01/2019,149.5,25.2,17.0
10/31/2019,149.4,24.9,17.0
10/30/2019,149.0,25.5,16.95
10/29/2019,146.0,25.5,17.0
10/28/2019,146.0,26.2,17.0
10/25/2019,146.0,26.3,17.0
10/24/2019,146.2,26.0,17.0
10/23/2019,146.2,26.1,17.0
10/22/2019,143.9,26.3,17.25
10/21/2019,144.0,26.3,17.2
10/18/2019,145.0,26.3,17.45
10/17/2019,145.0,26.65,17.7
10/16/2019,145.0,27.0,17.85
10/15/2019,145.0,26.65,17.9
10/14/2019,145.0,26.85,17.9
10/11/2019,144.2,26.8,17.95
10/10/2019,145.0,26.75,17.95
10/09/2019,145.0,26.7,17.95
10/08/2019,150.9,26.7,18.0
10/07/2019,150.9,26.55,18.0
10/04/2019,151.0,26.5,18.0
10/03/2019,151.0,27.0,18.25
10/02/2019,151.2,27.0,18.4
09/30/2019,151.5,29.2,18.7
09/27/2019,150.7,27.6,18.5
09/26/2019,152.0,27.95,18.35
09/25/2019,152.0,28.25,18.3
09/24/2019,154.0,28.25,18.55
09/23/2019,154.6,28.95,19.0
09/20/2019,155.0,29.0,18.7
09/19/2019,155.0,29.25,19.0
09/18/2019,155.0,29.8,19.35
09/17/2019,155.0,28.5,18.8
09/16/2019,155.0,28.5,19.1
09/13/2019,155.4,27.55,19.05
09/12/2019,155.0,27.5,18.7
09/11/2019,155.0,26.9,18.25
09/10/2019,155.0,26.85,18.2
09/09/2019,155.7,26.5,18.0
09/06/2019,155.7,26.15,18.0
09/05/2019,157.7,26.5,17.35
09/04/2019,157.7,26.15,17.5
09/03/2019,160.0,26.9,17.5
09/02/2019,160.0,27.2,17.55
08/30/2019,162.0,27.35,17.2
08/29/2019,162.5,27.05,18.35
08/28/2019,165.5,27.0,18.5
08/27/2019,165.0,27.15,19.0
08/26/2019,167.0,28.0,18.7
08/23/2019,166.5,27.9,18.6
08/22/2019,167.0,27.0,18.0
08/21/2019,166.0,26.5,17.5
08/20/2019,166.0,26.4,17.4
08/19/2019,164.5,26.3,17.0
08/16/2019,164.0,26.0,16.6
08/15/2019,162.0,25.75,16.25
08/14/2019,165.0,25.95,16.2
08/09/2019,165.0,26.5,16.35
08/08/2019,165.0,26.9,16.8
08/07/2019,165.0,27.7,17.75
08/06/2019,168.0,27.7,18.0
08/05/2019,170.0,28.0,18.25
08/02/2019,170.0,28.0,18.3
08/01/2019,170.0,27.9,18.3
07/31/2019,170.0,28.4,18.3
07/30/2019,170.0,28.5,18.4
07/29/2019,170.0,28.7,18.45
07/26/2019,170.0,28.45,18.5
07/25/2019,171.0,28.75,18.5
07/24/2019,173.0,28.75,18.6
07/23/2019,174.0,29.0,18.5
07/22/2019,170.0,29.05,18.4
07/19/2019,170.0,29.2,18.5
07/18/2019,170.0,29.2,18.5
07/17/2019,170.0,29.2,18.6
07/16/2019,170.5,29.5,18.75
07/15/2019,170.0,29.0,18.8
07/12/2019,173.0,29.9,19.0
07/11/2019,173.0,30.0,19.1
07/10/2019,173.5,29.05,19.2
07/09/2019,174.7,28.0,19.2
07/08/2019,177.0,28.85,19.2
07/05/2019,177.0,29.0,19.35
07/04/2019,177.0,29.5,19.5
07/03/2019,177.0,30.0,19.25
07/02/2019,179.9,30.0,19.45
07/01/2019,181.0,30.6,19.6
06/28/2019,184.0,32.9,19.8
06/27/2019,185.0,30.8,19.85
06/26/2019,184.0,30.65,20.0
06/25/2019,184.0,30.6,19.95
06/24/2019,184.0,31.1,20.0
06/21/2019,184.0,31.25,20.0
06/20/2019,182.0,31.25,20.0
06/19/2019,182.0,31.0,20.2
06/18/2019,182.1,30.8,20.25
06/17/2019,182.4,30.9,20.2
06/14/2019,184.0,31.0,20.0
06/13/2019,183.0,30.8,20.1
06/11/2019,185.0,30.5,20.15
06/10/2019,189.0,30.5,20.25
06/07/2019,189.0,30.4,20.35
06/06/2019,189.0,30.7,20.4
06/03/2019,199.8,31.3,20.25
05/31/2019,199.5,31.6,20.1
05/30/2019,199.8,32.0,20.55
05/28/2019,201.6,33.0,20.95
05/27/2019,192.0,31.3,19.2
05/24/2019,200.0,31.1,19.0
05/23/2019,205.0,31.05,18.8
05/22/2019,203.0,30.5,19.0
05/21/2019,185.0,31.3,19.5
05/20/2019,178.0,30.4,19.65
05/17/2019,176.0,30.6,19.6
05/16/2019,176.0,31.0,19.55
05/15/2019,178.0,31.6,20.0
05/14/2019,178.5,31.6,20.0
05/13/2019,178.5,31.0,19.7
05/10/2019,179.0,32.0,20.0
05/09/2019,179.0,32.3,20.0
05/08/2019,179.0,32.3,20.45
05/07/2019,181.0,33.0,20.55
05/06/2019,181.0,33.0,20.9
05/03/2019,180.0,33.45,21.0
05/02/2019,180.0,33.0,21.2
04/30/2019,180.0,33.0,21.3
04/29/2019,186.0,33.45,21.1
04/26/2019,186.9,34.2,21.35
04/25/2019,188.0,34.5,21.45
04/24/2019,189.2,34.2,21.35
04/23/2019,191.0,34.1,20.9
04/18/2019,189.0,34.8,20.9
04/17/2019,188.0,34.75,20.9
04/16/2019,186.0,35.6,20.9
04/15/2019,186.0,35.1,20.5
04/12/2019,189.0,35.05,20.45
04/11/2019,186.0,34.25,20.45
04/10/2019,186.0,33.55,20.6
04/09/2019,185.0,34.0,20.15
04/08/2019,185.5,34.0,20.2
04/05/2019,189.0,35.0,20.35
04/04/2019,189.0,35.0,20.5
04/03/2019,190.0,35.0,20.4
04/02/2019,193.0,36.0,21.3
04/01/2019,191.0,36.0,21.9
03/29/2019,191.0,36.05,21.8
03/28/2019,190.0,36.9,21.8
03/27/2019,190.0,36.0,22.0
03/26/2019,190.0,37.4,21.7
03/25/2019,188.5,37.5,21.5
03/22/2019,189.7,37.5,22.05
03/21/2019,188.1,36.15,22.0
03/20/2019,189.4,36.8,22.2
03/19/2019,189.4,36.85,21.95
03/18/2019,189.9,35.4,21.9
03/15/2019,190.0,35.4,22.0
03/14/2019,190.0,35.4,22.2
03/13/2019,192.0,35.7,22.4
03/12/2019,194.0,35.5,22.55
03/11/2019,195.0,37.3,22.75
03/08/2019,195.0,37.3,24.95
03/07/2019,195.0,37.65,24.6
03/06/2019,196.5,37.95,24.5
03/05/2019,196.0,37.6,24.7
03/04/2019,197.0,37.2,24.5
03/01/2019,196.6,35.5,23.95
02/28/2019,195.3,35.35,23.9
02/27/2019,192.5,37.95,24.9
02/26/2019,192.5,38.15,25.8
02/25/2019,192.5,38.2,26.0
02/22/2019,192.4,38.2,25.75
02/21/2019,193.0,38.0,25.3
02/20/2019,192.4,38.0,25.8
02/19/2019,192.5,37.7,25.35
02/18/2019,193.3,36.5,24.0
02/15/2019,194.0,37.95,24.75
02/14/2019,191.0,37.95,24.75
02/13/2019,190.0,37.95,24.9
02/12/2019,189.3,38.95,25.0
02/11/2019,185.0,38.85,24.95
02/08/2019,185.5,38.65,24.4
02/07/2019,190.0,38.0,24.45
02/06/2019,188.0,34.7,22.8
02/05/2019,189.5,34.1,22.75
02/04/2019,190.0,33.85,22.9
02/01/2019,190.0,33.7,22.95
01/31/2019,190.0,33.45,22.5
01/30/2019,194.0,34.0,23.0
01/29/2019,194.0,33.8,22.95
01/28/2019,194.0,34.25,23.45
01/25/2019,194.0,34.5,23.0
01/24/2019,192.0,33.6,22.15
01/23/2019,190.0,33.0,22.0
01/22/2019,190.0,32.1,21.8
01/21/2019,190.0,31.7,21.5
01/18/2019,194.9,31.95,21.5
01/17/2019,190.0,32.4,21.7
01/16/2019,188.0,32.6,21.95
01/15/2019,180.0,33.5,21.95
01/14/2019,180.0,33.5,21.8
01/11/2019,177.0,33.5,21.85
01/10/2019,171.5,33.2,21.6
01/09/2019,170.0,31.3,21.0
01/08/2019,186.0,32.0,20.3
01/07/2019,186.0,33.85,21.3
01/04/2019,186.0,33.5,21.7
01/03/2019,186.0,32.95,22.7
01/02/2019,186.0,34.5,23.05
12/31/2018,189.7,34.45,23.05
12/28/2018,183.0,34.3,23.0
12/27/2018,187.7,34.4,23.3
12/24/2018,194.0,34.3,23.0
12/21/2018,187.0,33.8,22.7
12/20/2018,190.0,34.7,22.55
12/19/2018,186.0,34.6,22.6
12/18/2018,189.0,35.0,22.9
12/17/2018,185.0,34.05,22.9
12/14/2018,185.0,35.0,23.0
12/13/2018,186.0,35.0,23.0
12/12/2018,186.0,35.0,23.05
12/11/2018,185.5,34.4,23.15
12/10/2018,184.2,34.75,23.05
12/07/2018,184.0,34.9,23.55
12/06/2018,185.0,35.0,23.5
12/05/2018,190.0,35.3,23.85
12/04/2018,185.0,35.95,24.0
12/03/2018,185.0,34.65,23.6
11/30/2018,186.9,34.35,23.2
11/29/2018,185.0,34.3,23.0
11/28/2018,190.0,35.6,23.25
11/27/2018,193.0,35.0,23.6
11/26/2018,195.0,35.9,23.95
11/23/2018,195.0,36.4,24.0
11/22/2018,200.0,36.0,24.15
11/21/2018,200.0,35.85,24.0
11/19/2018,203.5,36.95,24.1
11/16/2018,203.5,36.9,24.0
11/15/2018,205.0,34.0,23.3
11/14/2018,205.0,36.4,24.05
11/13/2018,205.0,36.4,24.25
11/12/2018,205.0,36.5,24.0
11/09/2018,205.0,37.15,24.4
11/08/2018,205.0,37.5,24.3
11/07/2018,205.0,37.05,24.0
11/06/2018,205.0,37.3,23.85
11/05/2018,205.0,38.0,23.7
11/02/2018,204.9,37.5,23.55
11/01/2018,203.0,37.4,23.2
10/31/2018,209.0,37.5,23.5
10/30/2018,216.0,38.0,23.7
10/29/2018,212.5,38.5,24.45
10/26/2018,211.0,37.0,24.0
10/25/2018,200.5,36.5,24.0
10/24/2018,200.0,36.5,24.2
10/23/2018,214.5,36.4,24.0
10/22/2018,210.0,36.5,24.0
10/19/2018,210.0,36.8,22.9
10/18/2018,206.0,36.8,22.55
10/17/2018,200.0,37.0,22.45
10/16/2018,205.0,36.65,22.7
10/15/2018,200.0,36.9,22.35
10/12/2018,200.0,36.5,22.2
10/11/2018,200.0,36.5,22.05
10/10/2018,200.0,36.9,22.0
10/09/2018,200.0,37.0,21.9
10/08/2018,200.0,36.55,21.75
10/05/2018,200.0,36.4,21.55
10/04/2018,200.1,36.75,22.4
10/03/2018,200.1,36.7,21.8
10/02/2018,205.0,36.5,21.5
09/28/2018,205.0,36.55,21.5
09/27/2018,205.0,36.7,21.5
09/26/2018,205.0,37.5,21.4
09/25/2018,210.0,37.0,20.45
09/24/2018,205.0,35.25,21.0
09/21/2018,205.0,34.7,20.8
09/20/2018,210.0,34.0,20.65
09/19/2018,210.0,34.0,20.75
09/18/2018,210.0,33.7,20.75
09/17/2018,210.0,33.95,20.25
09/14/2018,210.0,34.75,20.05
09/13/2018,210.0,32.95,19.6
09/12/2018,210.0,32.6,19.7
09/11/2018,223.0,32.5,19.9
09/10/2018,223.0,34.5,20.5
09/07/2018,223.0,35.0,20.9
09/06/2018,224.0,34.95,21.0
09/05/2018,223.0,36.65,21.45
09/04/2018,230.0,37.05,21.9
09/03/2018,230.0,36.5,21.35
08/31/2018,228.0,36.0,21.0
08/30/2018,228.0,38.0,21.65
08/29/2018,229.0,39.05,22.0
08/28/2018,230.0,39.0,22.2
08/27/2018,230.0,38.0,22.0
08/24/2018,235.0,37.5,21.95
08/23/2018,230.0,37.8,21.85
08/20/2018,215.0,36.95,21.85
08/17/2018,220.0,38.0,22.85
08/16/2018,206.0,38.05,22.95
08/15/2018,214.0,38.05,23.0
08/14/2018,214.0,38.25,23.5
08/13/2018,214.0,38.8,23.45
08/10/2018,214.0,39.0,23.6
08/09/2018,228.0,39.0,23.6
08/08/2018,228.0,39.0,23.75
08/07/2018,228.0,39.15,23.75
08/06/2018,228.0,40.0,23.95
08/03/2018,229.0,40.05,23.85
08/02/2018,230.0,40.15,23.65
08/01/2018,231.0,39.9,23.05
07/31/2018,234.0,40.05,23.0
07/30/2018,234.0,40.5,23.7
07/27/2018,234.0,39.6,23.7
07/26/2018,234.0,39.0,23.7
07/25/2018,235.0,38.8,23.25
07/24/2018,235.0,39.0,23.1
07/23/2018,236.0,38.8,23.05
07/20/2018,234.7,38.0,23.0
07/19/2018,230.0,38.0,22.95
07/18/2018,230.0,36.55,23.95
07/17/2018,230.0,39.2,23.8
07/16/2018,227.0,39.65,23.95
07/13/2018,227.0,39.95,24.0
07/12/2018,227.0,39.7,24.0
07/11/2018,225.0,40.05,24.4
07/10/2018,227.0,40.1,24.2
07/09/2018,227.0,41.5,24.3
07/06/2018,225.0,41.5,24.3
07/05/2018,228.0,40.05,24.3
07/04/2018,223.0,40.0,24.3
07/03/2018,222.8,39.6,24.0
07/02/2018,224.1,40.0,24.6
06/29/2018,229.0,40.5,25.0
06/28/2018,225.0,40.05,24.9
06/27/2018,230.0,40.7,25.0
06/26/2018,230.0,41.0,25.5
06/25/2018,230.0,41.05,25.95
06/22/2018,225.0,40.7,25.9
06/21/2018,230.3,40.05,25.7
06/20/2018,239.0,40.65,26.0
06/19/2018,239.0,41.0,25.5
06/14/2018,239.0,41.5,26.4
06/13/2018,239.0,41.5,26.75
06/12/2018,239.0,41.5,27.2
06/11/2018,235.8,41.6,27.3
06/08/2018,235.8,41.15,27.05
06/07/2018,239.2,42.0,27.8
06/06/2018,230.0,41.9,28.0
06/05/2018,228.0,42.0,27.05
06/04/2018,223.0,40.4,26.0
06/01/2018,223.0,38.65,25.5
05/31/2018,240.0,40.5,25.5
05/30/2018,242.5,41.0,25.6
05/28/2018,245.0,41.0,26.1
05/25/2018,244.0,41.95,26.65
05/24/2018,244.0,42.8,27.0
05/23/2018,244.0,43.5,27.95
05/22/2018,244.0,43.4,27.95
05/21/2018,245.0,43.5,28.05
05/18/2018,245.0,44.0,28.0
05/17/2018,248.0,44.05,27.9
05/16/2018,250.0,44.0,27.75
05/15/2018,243.5,44.0,27.6
05/14/2018,243.5,44.3,28.75
05/11/2018,245.0,44.25,28.9
05/10/2018,245.0,44.5,27.95
05/09/2018,248.0,45.0,27.5
05/08/2018,247.0,45.65,27.4
05/07/2018,248.0,45.05,27.45
05/04/2018,245.5,45.3,27.5
05/03/2018,245.2,45.2,27.65
05/02/2018,247.9,44.95,27.6
04/30/2018,246.0,45.0,27.45
04/27/2018,245.0,44.35,27.4
04/26/2018,245.0,43.75,27.45
04/25/2018,245.0,43.7,27.5
04/24/2018,248.0,43.45,27.9
04/23/2018,248.0,43.9,27.2
04/20/2018,249.5,44.85,27.0
04/19/2018,252.5,44.0,27.0
04/18/2018,249.0,44.35,27.0
04/17/2018,249.0,44.1,26.95
04/16/2018,249.5,43.95,26.5
04/13/2018,260.0,44.05,26.1
04/12/2018,258.0,43.0,26.0
04/11/2018,260.0,43.0,26.25
04/10/2018,255.0,43.0,26.35
04/09/2018,252.0,43.5,26.9
04/06/2018,254.9,44.1,27.3
04/05/2018,255.0,44.1,27.5
04/04/2018,251.0,44.3,27.35
04/03/2018,251.0,43.4,29.8
03/29/2018,260.0,44.7,29.3
03/28/2018,253.0,42.75,29.8
03/27/2018,255.0,46.0,29.85
03/26/2018,255.0,45.3,30.5
03/23/2018,255.0,46.9,30.2
03/22/2018,264.9,44.95,28.8
03/21/2018,264.9,44.65,28.3
03/20/2018,265.0,44.5,28.0
03/19/2018,265.0,45.3,28.0
03/16/2018,264.0,44.9,27.6
03/15/2018,262.6,45.65,28.75
03/14/2018,268.8,47.3,29.9
03/13/2018,268.4,47.3,30.45
03/12/2018,265.0,47.55,31.0
03/09/2018,265.0,47.7,30.9
03/08/2018,262.0,49.0,31.0
03/07/2018,265.0,47.6,31.2
03/06/2018,274.9,48.5,31.25
03/05/2018,275.0,49.35,31.1
03/02/2018,265.0,48.5,31.55
03/01/2018,264.9,48.0,31.5
02/28/2018,269.8,49.0,31.9
02/27/2018,257.0,49.0,31.35
02/26/2018,259.0,49.35,32.15
02/23/2018,260.0,48.6,31.9
02/22/2018,260.0,48.0,31.75
02/21/2018,260.0,48.0,31.5
02/20/2018,260.0,47.25,31.05
02/19/2018,251.3,47.5,31.3
02/16/2018,259.9,46.5,32.0
02/15/2018,259.9,46.5,31.65
02/14/2018,258.4,45.6,31.5
02/13/2018,258.7,45.6,30.0
02/12/2018,272.0,45.6,29.4
02/09/2018,266.7,48.0,30.9
02/08/2018,265.0,49.0,32.0
02/07/2018,264.0,48.95,32.0
02/06/2018,270.0,48.95,31.2
02/05/2018,270.0,49.3,32.65
02/02/2018,278.0,49.0,31.95
02/01/2018,275.0,49.05,31.05
01/31/2018,270.0,49.15,31.0
01/30/2018,270.0,48.95,31.0
01/29/2018,268.0,48.7,31.0
01/26/2018,260.06,49.0,31.0
01/25/2018,260.16,49.87,31.0
01/24/2018,269.0,50.9,31.0
01/23/2018,269.0,52.0,32.0
01/22/2018,273.0,53.51,32.75
01/19/2018,273.0,54.71,33.0
01/18/2018,273.0,52.11,32.3
01/17/2018,273.0,51.15,32.5
01/16/2018,260.0,51.0,33.51
01/15/2018,255.0,50.1,32.0
01/12/2018,252.0,49.0,31.26
01/11/2018,252.0,49.61,33.01
01/10/2018,247.0,47.25,32.02
01/09/2018,237.5,44.98,30.0
01/08/2018,234.26,44.0,28.61
01/05/2018,223.11,43.0,27.9
01/04/2018,223.11,42.34,27.32
01/03/2018,223.0,40.8,26.02
01/02/2018,230.0,40.55,25.93
12/29/2017,230.0,40.75,25.64
12/28/2017,230.0,40.53,25.5
12/27/2017,230.5,40.5,25.5
12/22/2017,240.0,40.5,25.5
12/21/2017,238.0,40.5,25.44
12/20/2017,229.0,40.5,25.45
12/19/2017,228.5,39.9,25.38
12/18/2017,230.0,40.0,25.62
12/15/2017,240.0,39.8,25.7
12/14/2017,230.0,40.0,24.99
12/13/2017,239.88,39.9,25.0
12/12/2017,241.0,41.9,26.0
12/11/2017,240.9,41.65,26.03
12/08/2017,245.0,42.0,26.91
12/07/2017,250.0,42.01,27.5
12/06/2017,251.0,43.05,26.04
12/05/2017,250.0,43.0,25.01
12/04/2017,245.8,42.7,24.85
11/30/2017,245.0,43.0,24.93
11/29/2017,241.0,42.55,24.79
11/28/2017,241.0,42.05,24.76
11/27/2017,240.0,42.05,24.73
11/24/2017,240.0,42.0,24.99
11/23/2017,230.0,42.0,25.0
11/22/2017,230.0,42.06,24.55
11/21/2017,230.0,42.01,24.24
11/20/2017,230.0,42.6,24.98
11/17/2017,230.0,43.0,24.12
11/16/2017,230.0,43.1,24.04
11/15/2017,230.0,42.5,23.95
11/14/2017,236.55,41.56,23.68
11/13/2017,238.0,41.69,24.84
11/10/2017,229.01,43.0,25.0
11/09/2017,229.01,42.5,25.1
11/08/2017,231.0,42.1,25.58
11/07/2017,229.0,42.03,25.8
11/06/2017,227.0,41.75,25.69
11/03/2017,227.0,41.21,25.92
11/02/2017,227.0,41.92,25.8
11/01/2017,227.5,41.85,25.87
10/31/2017,224.0,42.0,25.49
10/30/2017,219.0,42.0,26.0
10/27/2017,218.98,42.0,25.71
10/26/2017,219.0,41.7,25.65
10/25/2017,219.0,42.0,25.6
10/24/2017,219.0,42.0,25.3
10/23/2017,219.99,41.85,25.1
10/20/2017,220.0,41.7,25.99
10/19/2017,220.0,41.7,26.25
10/18/2017,220.0,41.7,26.31
10/17/2017,220.0,41.7,26.45
10/16/2017,223.98,42.1,26.3
10/13/2017,223.5,42.0,25.5
10/12/2017,224.0,41.7,25.26
10/11/2017,224.0,42.0,25.25
10/10/2017,224.0,42.0,25.25
10/09/2017,224.0,42.02,25.25
10/06/2017,217.61,40.7,25.01
10/05/2017,215.0,40.25,24.68
10/04/2017,210.0,40.0,24.4
10/03/2017,210.0,40.0,24.01
09/29/2017,212.99,40.0,23.4
09/28/2017,212.99,40.0,23.3
09/27/2017,210.0,39.2,22.51
09/26/2017,206.0,39.6,22.12
09/25/2017,213.0,39.5,22.01
09/22/2017,213.0,39.6,22.05
09/21/2017,210.0,38.95,22.0
09/20/2017,213.39,38.7,22.08
09/19/2017,205.8,38.54,22.0
09/18/2017,205.8,38.0,22.01
09/15/2017,205.8,37.0,22.1
09/14/2017,213.99,37.82,22.2
09/13/2017,209.0,37.88,22.75
09/12/2017,209.0,37.52,22.86
09/11/2017,210.0,37.8,23.08
09/08/2017,215.0,38.54,23.08
09/07/2017,216.91,38.54,23.75
09/06/2017,207.12,38.51,23.76
09/05/2017,205.0,39.0,23.1
08/31/2017,205.0,39.19,23.0
08/30/2017,204.52,39.3,22.8
08/29/2017,212.65,39.5,22.8
08/28/2017,214.99,39.2,22.8
08/25/2017,216.0,40.4,23.1
08/24/2017,216.56,40.6,23.1
08/23/2017,224.9,40.8,23.5
08/22/2017,224.9,40.71,23.05
08/21/2017,215.62,40.7,24.0
08/18/2017,225.0,39.5,24.53
08/17/2017,219.8,37.1,23.01
08/16/2017,214.0,37.1,22.5
08/15/2017,225.0,38.92,23.26
08/14/2017,235.0,39.5,23.5
08/11/2017,240.0,39.6,23.75
08/10/2017,240.0,40.06,24.0
08/09/2017,240.0,40.53,24.5
08/08/2017,240.0,40.2,24.5
08/07/2017,240.79,40.13,25.1
08/04/2017,242.0,40.0,25.2
08/03/2017,240.0,40.01,25.4
08/02/2017,239.99,39.0,25.0
08/01/2017,240.0,38.99,24.65
07/31/2017,223.75,39.05,24.61
07/28/2017,235.51,41.1,25.9
07/27/2017,244.99,41.0,25.71
07/26/2017,245.0,39.58,25.6
07/25/2017,233.5,37.7,24.0
07/24/2017,222.6,37.5,23.25
07/21/2017,212.0,37.49,22.95
07/20/2017,209.0,37.3,22.05
07/19/2017,208.0,36.9,21.98
07/18/2017,210.0,36.6,21.53
07/17/2017,209.2,36.61,21.95
07/14/2017,209.0,36.6,21.93
07/13/2017,208.11,36.9,22.1
07/12/2017,206.26,36.2,22.02
07/11/2017,206.21,35.51,22.02
07/10/2017,204.93,34.62,21.31
07/07/2017,204.93,34.6,20.6
07/06/2017,203.94,34.0,20.4
07/05/2017,202.01,34.0,20.2
07/04/2017,202.0,34.0,20.2
07/03/2017,202.0,34.44,20.51
06/30/2017,204.99,34.82,20.89
06/29/2017,204.98,35.7,20.9
06/28/2017,200.0,36.0,20.58
06/23/2017,195.6,34.5,20.33
06/22/2017,205.0,34.34,20.43
06/21/2017,205.0,34.99,21.2
06/20/2017,213.97,35.9,22.08
06/19/2017,210.0,36.0,22.5
06/16/2017,205.0,35.73,22.89
06/15/2017,205.0,36.0,22.9
06/14/2017,204.99,35.41,21.89
06/13/2017,205.05,33.73,20.85
06/12/2017,205.36,33.7,20.64
06/09/2017,205.0,33.5,20.7
06/08/2017,205.0,33.55,20.46
06/07/2017,208.97,33.7,19.99
06/06/2017,199.5,34.0,20.15
06/05/2017,210.0,34.11,20.18
06/02/2017,192.93,34.0,19.99
06/01/2017,183.75,33.47,19.5
05/31/2017,175.0,34.01,18.95
05/30/2017,167.1,35.8,19.5
05/26/2017,166.8,35.28,19.13
05/25/2017,163.0,33.6,18.22
05/24/2017,163.0,32.6,18.01
05/23/2017,162.01,32.13,17.71
05/22/2017,163.0,32.0,17.7
05/19/2017,162.99,31.5,17.89
05/18/2017,163.0,31.6,17.97
05/17/2017,163.0,30.7,17.1
05/16/2017,163.0,29.5,17.21
05/15/2017,163.01,29.01,17.1
05/12/2017,165.0,30.0,18.13
05/11/2017,173.3,29.55,18.18
05/10/2017,166.01,28.15,17.32
05/09/2017,162.0,27.5,16.4
05/08/2017,159.5,27.05,16.21
05/05/2017,159.5,26.7,16.18
05/04/2017,159.0,26.7,15.93
05/03/2017,158.99,27.0,15.7
05/02/2017,159.0,27.0,15.45
04/28/2017,159.0,26.63,14.9
04/27/2017,160.0,26.63,14.8
04/26/2017,159.0,26.05,14.62
04/25/2017,165.0,25.9,14.61
04/24/2017,165.0,25.7,14.8
04/21/2017,159.0,24.81,14.5
04/20/2017,159.0,24.9,14.51
04/19/2017,160.0,24.83,14.6
04/18/2017,160.0,24.5,14.5
04/13/2017,164.0,24.7,14.42
04/12/2017,164.0,24.87,14.3
04/11/2017,164.0,24.45,14.25
04/10/2017,164.6,24.8,14.44
04/07/2017,164.6,25.0,14.45
04/06/2017,164.6,25.0,14.5
04/05/2017,161.1,24.5,14.5
04/04/2017,161.1,24.17,14.3
04/03/2017,161.1,24.31,14.2
03/31/2017,165.0,24.9,14.05
03/30/2017,165.0,25.35,14.0
03/29/2017,162.0,25.2,13.78
03/28/2017,162.0,26.95,13.7
03/27/2017,165.0,26.5,13.5
03/24/2017,165.0,26.5,13.49
03/23/2017,165.0,26.8,13.6
03/22/2017,165.0,26.5,13.8
03/21/2017,165.0,26.79,13.65
03/20/2017,165.0,27.15,14.0
03/17/2017,166.0,26.3,14.13
03/16/2017,160.0,25.8,14.55
03/15/2017,160.5,25.35,14.15
03/14/2017,160.5,25.5,13.76
03/13/2017,160.0,25.0,13.3
03/10/2017,161.0,24.5,14.78
03/09/2017,159.75,24.61,14.65
03/08/2017,152.15,25.87,14.59
03/07/2017,156.61,25.95,14.69
03/06/2017,149.26,25.0,14.5
03/03/2017,160.55,24.8,14.35
03/02/2017,160.55,24.9,13.9
03/01/2017,168.99,24.71,14.0
02/28/2017,168.99,24.7,14.7
02/27/2017,168.99,24.62,14.8
02/24/2017,168.99,24.05,14.73
02/23/2017,168.99,24.65,14.8
02/22/2017,168.99,23.72,14.8
02/21/2017,168.99,24.1,14.7
02/20/2017,169.0,24.29,14.99
02/17/2017,169.0,24.3,15.0
02/16/2017,169.0,24.0,14.99
02/15/2017,169.0,23.8,15.01
02/14/2017,168.01,24.29,15.14
02/13/2017,168.01,24.25,15.74
02/10/2017,167.11,24.01,15.45
02/09/2017,167.11,23.81,15.01
02/08/2017,167.11,23.82,15.0
02/07/2017,166.0,23.5,15.0
02/06/2017,165.01,23.08,15.33
02/03/2017,168.0,23.02,15.56
02/02/2017,168.0,23.6,15.6
02/01/2017,168.0,23.45,15.39
01/31/2017,166.0,23.7,15.7
01/30/2017,166.0,23.97,15.9
01/27/2017,167.01,24.35,16.0
01/26/2017,167.01,24.5,15.5
01/25/2017,167.0,23.89,15.35
01/24/2017,167.0,23.9,15.4
01/23/2017,167.0,23.9,15.95
01/20/2017,167.0,23.96,16.0
01/19/2017,167.0,23.9,15.84
01/18/2017,168.0,23.91,15.8
01/17/2017,168.0,23.9,15.83
01/16/2017,168.0,23.89,15.9
01/13/2017,168.0,23.9,15.57
01/12/2017,168.0,23.98,15.5
01/11/2017,168.0,24.0,15.19
01/10/2017,168.0,23.56,15.1
01/09/2017,169.0,24.6,15.49
01/06/2017,167.0,23.54,14.77
01/05/2017,167.02,23.47,14.5
01/04/2017,173.99,22.9,14.55
01/03/2017,173.99,24.0,14.4
12/30/2016,173.99,24.7,14.75
12/29/2016,173.99,24.74,14.89
12/28/2016,174.0,23.39,14.69
12/23/2016,174.0,23.43,14.45
12/22/2016,170.04,24.66,14.4
12/21/2016,170.04,24.8,14.4
12/20/2016,170.04,24.8,14.38
12/19/2016,170.0,25.28,14.4
12/16/2016,170.0,25.5,14.39
12/15/2016,165.02,25.6,14.73
12/14/2016,165.02,24.51,14.5
12/13/2016,162.0,23.8,14.34
12/09/2016,160.0,23.34,14.5
12/08/2016,160.0,23.24,14.5
12/07/2016,158.16,23.15,14.25
12/06/2016,158.16,23.1,14.3
12/05/2016,160.0,23.0,14.35
12/02/2016,160.0,23.49,14.03
12/01/2016,154.0,22.8,13.8
11/30/2016,154.0,22.65,13.8
11/29/2016,158.0,21.8,13.52
11/28/2016,159.99,21.89,13.5
11/25/2016,159.99,21.51,13.8
11/24/2016,161.5,21.52,14.0
11/23/2016,161.5,21.31,14.16
11/22/2016,161.5,21.06,14.2
11/21/2016,161.5,21.0,14.15
11/18/2016,161.5,21.0,14.18
11/17/2016,161.5,21.4,14.12
11/16/2016,161.5,21.5,14.18
11/15/2016,161.5,21.9,14.38
11/14/2016,164.0,21.0,14.5
11/11/2016,164.0,21.48,15.13
11/10/2016,164.0,21.61,14.7
11/09/2016,164.01,20.65,14.21
11/08/2016,164.01,21.4,14.62
11/07/2016,172.43,21.86,14.79
11/04/2016,172.43,22.57,14.8
11/03/2016,172.43,23.5,15.1
11/02/2016,175.0,23.6,14.81
11/01/2016,175.0,23.8,14.81
10/31/2016,175.0,23.5,14.7
10/28/2016,175.0,23.85,14.9
10/27/2016,175.0,24.0,14.95
10/26/2016,174.17,24.0,15.0
10/25/2016,174.17,24.15,14.9
10/24/2016,183.0,24.25,15.0
10/21/2016,183.0,24.28,14.75
10/20/2016,183.0,24.49,14.75
10/19/2016,183.0,23.3,14.69
10/18/2016,183.0,23.35,14.75
10/17/2016,183.0,23.5,14.7
10/14/2016,183.0,23.5,15.0
10/13/2016,183.0,22.86,15.06
10/12/2016,183.0,24.0,15.1
10/11/2016,183.0,23.85,15.04
10/10/2016,183.0,23.9,14.55
10/07/2016,183.0,23.45,14.23
10/06/2016,183.0,23.86,14.95
10/05/2016,181.01,24.1,15.0
10/04/2016,183.0,24.99,15.57
09/30/2016,183.0,24.0,15.21
09/29/2016,182.0,24.34,15.7
09/28/2016,182.0,24.9,15.78
09/27/2016,182.5,24.99,15.6
09/26/2016,182.5,25.09,15.45
09/23/2016,182.03,25.09,15.6
09/22/2016,180.0,25.83,15.79
09/21/2016,183.0,26.77,15.0
09/20/2016,183.0,27.0,14.6
09/19/2016,176.21,27.1,14.53
09/16/2016,176.06,27.05,14.5
09/15/2016,176.0,26.5,14.53
09/14/2016,174.51,27.0,14.59
09/09/2016,173.0,27.0,14.6
09/08/2016,173.0,27.0,14.68
09/07/2016,173.0,27.0,14.6
09/06/2016,173.0,27.0,14.6
09/05/2016,175.0,27.01,14.95
09/02/2016,176.01,27.04,14.8
09/01/2016,191.0,26.5,14.9
08/31/2016,175.89,26.5,14.9
08/30/2016,175.5,26.1,14.95
08/29/2016,173.5,25.95,15.3
08/26/2016,173.5,26.29,15.3
08/25/2016,172.0,26.25,15.3
08/24/2016,180.5,26.26,15.59
08/23/2016,180.0,25.9,15.76
08/22/2016,183.0,25.65,15.77
08/19/2016,183.0,25.25,15.8
08/18/2016,183.0,24.7,15.3
08/17/2016,183.0,25.0,15.0
08/16/2016,183.0,24.59,15.25
08/15/2016,183.0,24.16,15.0
08/12/2016,180.01,24.25,15.3
08/11/2016,180.15,24.0,15.6
08/10/2016,180.04,24.29,16.0
08/09/2016,179.0,24.0,16.0
08/08/2016,180.0,23.95,16.01
08/05/2016,180.0,23.11,16.03
08/04/2016,183.0,23.88,16.35
08/03/2016,183.0,24.06,16.45
08/02/2016,183.0,24.09,16.8
08/01/2016,180.0,24.29,16.71
07/29/2016,180.0,24.05,16.91
07/28/2016,180.06,23.5,16.31
07/27/2016,180.06,23.47,16.8
07/26/2016,175.0,22.36,16.39
07/25/2016,175.0,21.3,15.65
07/22/2016,179.5,21.03,15.37
07/21/2016,187.5,21.0,15.3
07/20/2016,187.5,21.7,15.5
07/19/2016,190.0,21.7,16.14
07/18/2016,190.0,22.59,16.41
07/15/2016,190.0,22.81,16.38
07/14/2016,190.0,23.09,16.15
07/13/2016,190.0,23.79,16.3
07/12/2016,191.0,24.0,16.41
07/11/2016,191.2,24.0,15.87
07/08/2016,191.5,23.0,15.45
07/04/2016,191.0,23.15,15.12
07/01/2016,191.99,23.2,15.6
06/30/2016,192.0,23.26,15.77
06/29/2016,194.0,23.25,16.0
06/28/2016,192.11,22.32,15.65
06/27/2016,192.11,23.0,15.96
06/24/2016,200.2,24.15,17.0
06/23/2016,203.96,24.22,17.7
06/22/2016,194.25,23.2,17.32
06/21/2016,185.0,22.05,16.69
06/20/2016,179.99,21.38,15.96
06/17/2016,183.81,21.61,16.65
06/16/2016,175.06,20.7,16.59
06/15/2016,172.2,19.95,15.77
06/14/2016,164.0,18.51,14.95
06/13/2016,163.8,19.01,15.0
06/10/2016,165.0,18.88,15.0
06/09/2016,165.0,18.7,14.8
06/08/2016,165.0,18.5,14.7
06/07/2016,169.99,18.7,14.8
06/06/2016,171.0,18.8,14.8
06/03/2016,169.5,19.2,14.95
06/02/2016,170.0,17.75,13.91
06/01/2016,167.0,17.65,13.6
05/31/2016,167.01,19.53,14.98
05/27/2016,175.13,20.61,16.58
05/26/2016,175.08,21.0,17.1
05/25/2016,177.0,20.97,16.51
05/24/2016,170.01,20.2,15.0
05/23/2016,167.09,20.02,15.17
05/20/2016,167.09,20.2,15.95
05/19/2016,167.0,20.97,15.67
05/18/2016,166.99,19.54,15.02
05/17/2016,167.0,19.03,14.44
05/16/2016,167.1,19.2,15.03
05/13/2016,165.0,18.73,14.7
05/12/2016,162.52,18.49,14.0
05/11/2016,162.52,18.35,13.8
05/10/2016,163.83,18.01,13.8
05/09/2016,168.0,18.0,13.75
05/06/2016,168.0,17.47,13.15
05/05/2016,168.0,17.11,13.0
05/04/2016,169.0,17.0,12.99
05/03/2016,171.57,17.1,12.97
04/29/2016,163.4,16.77,12.7
04/28/2016,163.4,16.64,12.28
04/27/2016,160.99,16.23,12.3
04/26/2016,161.0,16.12,12.2
04/25/2016,161.04,16.1,12.06
04/22/2016,161.04,15.92,12.15
04/21/2016,161.0,16.05,12.13
04/20/2016,161.0,16.16,11.8
04/19/2016,161.0,15.7,11.52
04/18/2016,161.03,15.35,11.3
04/15/2016,160.97,15.37,11.45
04/14/2016,160.25,15.2,11.2
04/13/2016,160.0,14.83,11.0
04/12/2016,160.0,14.21,10.9
04/11/2016,160.9,14.0,10.5
04/08/2016,169.0,14.3,10.96
04/07/2016,169.99,14.13,11.0
04/06/2016,172.0,13.99,11.01
04/05/2016,172.0,14.12,11.0
04/04/2016,172.0,14.01,10.88
04/01/2016,171.0,14.29,10.98
03/31/2016,167.8,14.3,10.75
03/30/2016,164.05,14.48,10.96
03/29/2016,162.05,14.44,11.31
03/24/2016,164.0,16.0,13.0
03/23/2016,164.0,16.0,12.54
03/22/2016,168.0,16.3,12.9
03/21/2016,168.0,16.38,13.19
03/18/2016,165.0,15.67,12.79
03/17/2016,165.0,16.35,12.27
03/16/2016,164.0,16.4,12.35
03/15/2016,164.0,16.2,12.83
03/14/2016,162.0,16.61,12.9
03/11/2016,164.0,16.25,12.35
03/10/2016,165.01,16.3,12.4
03/09/2016,164.0,16.28,12.4
03/08/2016,163.12,16.2,12.19
03/07/2016,168.0,15.99,12.19
03/04/2016,168.0,15.99,12.17
03/03/2016,168.0,16.0,11.94
03/02/2016,160.0,16.0,11.63
03/01/2016,148.83,15.91,11.08
02/29/2016,141.75,16.0,11.07
02/26/2016,135.0,15.9,11.35
02/25/2016,134.0,16.06,11.09
02/24/2016,133.0,16.06,10.87
02/23/2016,133.0,16.7,11.44
02/22/2016,139.83,16.7,11.45
02/19/2016,139.83,16.87,11.5
02/18/2016,139.83,16.7,11.39
02/17/2016,139.83,16.18,11.4
02/16/2016,146.0,16.66,11.59
02/15/2016,151.99,16.67,11.6
02/12/2016,146.5,16.55,12.2
02/11/2016,145.0,16.6,12.6
02/10/2016,135.99,16.9,12.3
02/09/2016,133.96,16.4,12.59
02/08/2016,134.0,16.24,12.73
02/05/2016,124.3,15.99,12.83
02/04/2016,124.3,15.9,12.99
02/03/2016,127.0,15.54,12.9
02/02/2016,128.01,16.38,13.61
02/01/2016,127.06,16.78,13.69
01/29/2016,128.91,16.79,12.61
01/28/2016,129.4,15.76,11.76
01/27/2016,127.5,15.35,11.2
01/26/2016,129.83,15.99,12.12
01/25/2016,130.01,16.29,12.18
01/22/2016,130.0,15.36,11.3
01/21/2016,129.0,15.11,11.0
01/20/2016,128.89,15.15,10.52
01/19/2016,123.51,13.75,9.55
01/18/2016,123.6,13.53,9.0
01/15/2016,133.0,13.37,9.44
01/14/2016,138.18,14.81,10.45
01/13/2016,145.45,16.39,10.93
01/12/2016,153.1,17.25,12.08
01/11/2016,153.1,17.9,12.71
01/08/2016,159.99,17.9,12.9
01/07/2016,159.98,17.98,13.4
01/06/2016,153.43,18.0,13.86
01/05/2016,170.0,17.99,13.9
01/04/2016,170.0,18.05,14.3
12/31/2015,170.0,18.18,14.05
12/30/2015,164.95,18.1,14.05
12/29/2015,151.9,18.21,14.2
12/23/2015,152.3,18.86,13.85
12/22/2015,153.0,19.0,13.7
12/21/2015,152.05,20.0,13.83
12/18/2015,150.01,19.05,13.97
12/17/2015,155.05,19.76,13.91
12/16/2015,156.1,19.58,14.0
12/15/2015,158.95,19.09,13.84
12/14/2015,160.0,19.0,14.34
12/11/2015,159.97,18.99,14.8
12/10/2015,160.0,18.59,15.25
12/09/2015,162.19,18.53,14.0
12/08/2015,170.72,18.9,14.35
12/07/2015,171.15,19.59,15.29
12/04/2015,161.05,19.99,16.05
12/03/2015,160.0,19.97,16.1
12/02/2015,158.0,19.99,15.85
12/01/2015,157.05,20.01,15.7
11/30/2015,157.01,20.0,15.6
11/27/2015,158.0,20.55,15.4
11/26/2015,159.99,21.0,15.61
11/25/2015,159.99,21.99,15.9
11/24/2015,158.0,21.0,15.98
11/23/2015,162.0,21.05,16.01
11/20/2015,162.0,21.5,16.5
11/19/2015,162.0,22.02,16.5
11/18/2015,162.0,22.1,16.49
11/17/2015,162.0,22.35,16.24
11/16/2015,162.0,22.51,16.18
11/13/2015,162.92,23.38,17.0
11/12/2015,163.0,23.28,17.1
11/11/2015,163.0,23.35,17.2
11/10/2015,163.0,23.23,16.99
11/09/2015,162.0,23.12,17.7
11/06/2015,163.0,23.2,17.71
11/05/2015,163.0,23.01,17.5
11/04/2015,163.0,23.05,17.69
11/03/2015,163.0,23.05,17.71
11/02/2015,162.0,23.6,17.9
10/30/2015,163.03,23.09,17.6
10/29/2015,164.06,23.07,17.04
10/28/2015,165.0,23.55,17.35
10/27/2015,163.5,23.5,17.6
10/26/2015,163.01,24.2,17.9
10/23/2015,163.01,24.5,17.7
10/22/2015,163.0,24.0,17.78
10/21/2015,164.55,24.05,17.6
10/20/2015,168.95,24.1,17.61
10/19/2015,168.95,23.71,17.61
10/16/2015,161.01,23.51,17.51
10/15/2015,161.01,23.04,16.85
10/14/2015,160.0,23.36,16.95
10/13/2015,164.0,24.0,16.8
10/12/2015,167.0,23.66,16.8
10/09/2015,167.0,23.33,16.3
10/08/2015,167.0,23.0,16.05
10/07/2015,167.0,23.04,16.3
10/06/2015,166.5,24.09,16.6
10/05/2015,168.01,24.0,16.7
10/02/2015,171.0,24.04,16.46
09/30/2015,179.99,24.0,16.81
09/29/2015,171.99,24.28,17.01
09/28/2015,169.0,24.6,17.52
09/23/2015,169.5,24.13,18.11
09/22/2015,168.0,24.15,18.1
09/21/2015,166.04,24.5,18.11
09/18/2015,167.01,24.55,18.1
09/17/2015,170.0,24.1,18.15
09/16/2015,170.0,24.01,17.75
09/15/2015,170.0,23.5,17.27
09/14/2015,170.1,24.1,17.0
09/11/2015,168.0,23.0,16.99
09/10/2015,165.0,23.0,16.92
09/09/2015,163.06,23.28,16.96
09/07/2015,168.69,24.5,16.45
09/04/2015,164.0,23.95,15.86
09/03/2015,165.3,23.9,15.26
09/02/2015,174.0,23.68,15.25
09/01/2015,174.4,24.5,15.25
08/31/2015,172.47,22.92,15.2
08/28/2015,169.89,21.73,14.49
08/27/2015,165.02,20.7,13.81
08/26/2015,165.15,20.0,13.85
08/25/2015,170.0,20.7,14.4
08/24/2015,170.0,21.55,14.4
08/21/2015,177.0,22.0,15.4
08/20/2015,177.0,22.0,15.8
08/19/2015,183.0,22.0,16.0
08/18/2015,180.0,22.4,16.2
08/17/2015,171.48,22.7,16.45
08/14/2015,180.5,23.05,16.08
08/13/2015,183.0,22.8,15.93
08/12/2015,184.15,23.76,16.4
08/11/2015,184.0,24.49,16.54
08/10/2015,185.0,24.25,16.2
08/07/2015,181.0,24.1,16.9
08/06/2015,181.0,24.7,17.2
08/05/2015,180.5,25.05,17.31
08/04/2015,172.0,24.45,16.49
08/03/2015,172.0,23.06,16.02
07/31/2015,171.0,22.99,16.06
07/30/2015,170.52,23.8,16.36
07/29/2015,170.52,24.2,16.5
07/28/2015,170.01,24.6,16.5
07/27/2015,170.01,24.98,16.98
07/24/2015,170.04,25.4,17.5
07/23/2015,170.0,25.31,17.72
07/22/2015,170.5,25.26,17.81
07/21/2015,170.46,25.5,17.84
07/16/2015,168.0,26.0,17.72
07/15/2015,168.0,25.56,17.8
07/14/2015,170.01,25.7,18.13
07/13/2015,170.0,26.1,18.88
07/10/2015,168.3,26.11,18.95
07/09/2015,168.3,26.1,18.71
07/08/2015,168.0,26.4,19.02
07/07/2015,172.0,26.62,19.07
07/06/2015,170.0,26.8,19.0
07/03/2015,170.0,26.9,19.36
07/02/2015,172.5,26.95,19.45
07/01/2015,172.0,26.95,19.21
06/30/2015,180.0,27.01,19.25
06/29/2015,174.0,27.3,19.7
06/26/2015,170.0,27.0,19.25
06/25/2015,174.15,27.0,19.5
06/24/2015,174.15,27.05,19.9
06/23/2015,174.15,27.1,19.9
06/22/2015,175.5,27.02,19.5
06/19/2015,175.0,26.96,19.47
06/18/2015,175.5,26.95,19.47
06/17/2015,175.0,26.97,19.51
06/16/2015,177.0,26.85,19.9
06/15/2015,178.0,26.65,19.8
06/12/2015,176.99,26.85,20.02
06/11/2015,177.0,26.6,19.88
06/10/2015,177.98,26.5,19.2
06/09/2015,177.55,26.94,19.84
06/08/2015,177.01,27.29,19.8
06/05/2015,177.0,27.5,19.97
06/04/2015,177.0,26.9,19.25
06/03/2015,180.0,27.55,20.2
06/02/2015,180.0,28.6,20.56
06/01/2015,180.0,28.97,20.91
05/28/2015,180.0,28.95,21.44
05/27/2015,180.0,29.1,22.0
05/26/2015,179.0,29.0,21.95
05/25/2015,177.0,29.05,22.0
05/22/2015,177.9,29.1,22.25
05/21/2015,177.75,29.29,22.5
05/20/2015,177.64,29.3,22.7
05/19/2015,178.0,29.99,22.85
05/18/2015,178.49,30.0,22.81
05/15/2015,178.5,29.5,22.22
05/14/2015,178.5,30.0,22.2
05/13/2015,177.5,29.7,21.5
05/12/2015,178.0,29.12,20.98
05/11/2015,178.0,29.03,20.96
05/08/2015,178.0,28.83,21.26
05/07/2015,178.0,28.83,21.4
05/06/2015,179.55,28.7,21.36
05/05/2015,180.0,28.6,21.3
05/04/2015,180.0,28.85,21.36
04/30/2015,184.5,28.75,21.15
04/29/2015,176.0,28.3,20.9
04/28/2015,176.0,28.7,21.6
04/27/2015,175.0,28.63,22.0
04/24/2015,175.0,28.11,22.0
04/23/2015,175.0,28.0,22.05
04/22/2015,174.0,28.7,22.82
04/21/2015,174.0,28.37,23.2
04/20/2015,174.01,28.82,23.2
04/17/2015,180.0,28.85,23.0
04/16/2015,179.1,28.6,22.49
04/15/2015,180.0,28.35,22.66
04/14/2015,180.0,28.0,23.2
04/13/2015,180.0,28.64,23.9
04/10/2015,180.0,28.01,23.52
04/09/2015,180.0,27.51,23.0
04/08/2015,178.01,27.15,22.61
04/07/2015,180.0,28.79,23.8
04/02/2015,182.0,31.88,25.05
04/01/2015,176.4,28.93,23.12
03/31/2015,160.0,26.25,20.98
03/30/2015,159.0,25.0,19.87
03/27/2015,153.0,24.36,18.9
03/26/2015,151.35,23.2,18.08
03/25/2015,152.6,22.6,17.53
03/24/2015,152.88,22.5,16.7
03/23/2015,152.3,22.81,16.59
03/20/2015,152.0,22.9,16.49
03/19/2015,152.0,22.0,17.0
03/18/2015,152.8,22.01,17.15
03/17/2015,150.0,22.19,17.96
03/16/2015,150.0,24.0,18.8
03/13/2015,153.01,25.0,20.6
03/12/2015,154.0,25.0,21.0
03/11/2015,153.55,24.23,20.67
03/10/2015,153.47,25.5,21.75
03/09/2015,153.0,24.51,21.4
03/06/2015,153.01,24.28,20.94
03/05/2015,152.9,22.03,19.0
03/04/2015,152.53,23.0,19.1
03/03/2015,152.0,24.01,18.74
03/02/2015,153.0,24.19,17.85
02/27/2015,153.0,23.5,17.6
02/26/2015,153.5,23.3,18.0
02/25/2015,154.0,23.2,18.75
02/24/2015,154.0,22.7,18.75
02/23/2015,153.1,22.0,18.23
02/20/2015,152.2,21.78,17.37
02/19/2015,153.2,21.0,17.2
02/18/2015,155.0,20.8,17.6
02/17/2015,149.2,18.87,17.02
02/16/2015,143.99,17.4,16.15
02/13/2015,141.9,17.0,15.62
02/12/2015,145.0,17.86,15.69
02/11/2015,152.0,18.91,15.94
02/10/2015,156.99,19.29,16.0
02/09/2015,157.11,20.3,16.0
02/06/2015,159.8,21.0,16.1
02/05/2015,159.0,21.9,17.49
02/04/2015,162.0,22.58,18.11
02/03/2015,157.0,21.51,16.8
02/02/2015,157.7,20.49,16.0
01/30/2015,156.0,20.03,16.01
01/29/2015,156.0,20.41,16.17
01/28/2015,156.5,20.87,17.02
01/27/2015,156.0,20.68,17.11
01/26/2015,155.0,21.0,17.1
01/23/2015,156.0,21.0,17.5
01/22/2015,155.5,20.58,16.82
01/21/2015,155.02,20.96,17.1
01/20/2015,155.0,20.72,17.5
01/19/2015,156.0,19.68,17.3
01/16/2015,153.0,17.9,16.48
01/15/2015,152.68,17.52,15.7
01/14/2015,151.1,18.3,15.6
01/13/2015,166.4,19.25,16.42
01/12/2015,166.4,19.99,16.0
01/09/2015,158.65,20.54,16.43
01/08/2015,167.0,20.71,15.0
01/07/2015,171.48,21.96,15.44
01/06/2015,180.5,24.32,17.1
01/05/2015,190.0,25.18,18.0
12/31/2014,200.0,25.18,18.41
12/30/2014,192.41,26.07,19.0
12/29/2014,193.79,26.26,19.85
12/24/2014,196.65,25.01,19.47
12/23/2014,178.46,24.52,19.5
12/22/2014,165.0,23.36,17.98
12/19/2014,160.0,22.05,16.32
12/18/2014,153.0,21.0,15.37
12/17/2014,153.0,20.4,15.62
12/16/2014,153.66,21.45,16.44
12/15/2014,160.0,22.05,17.02
12/12/2014,160.0,22.49,17.25
12/11/2014,157.99,22.8,17.48
12/10/2014,163.5,23.31,18.4
12/09/2014,170.0,23.95,18.33
12/08/2014,170.0,24.0,18.5
12/05/2014,170.0,24.0,18.77
12/04/2014,170.0,23.12,19.11
12/03/2014,170.0,24.02,19.11
12/02/2014,175.0,24.1,19.47
12/01/2014,175.0,25.04,20.33
11/28/2014,179.9,25.0,20.52
11/27/2014,179.99,25.2,20.9
11/26/2014,185.0,25.0,20.85
11/25/2014,185.0,24.7,20.85
11/24/2014,185.25,23.66,20.75
11/21/2014,189.0,23.4,20.95
11/20/2014,180.0,23.12,21.0
11/19/2014,185.2,23.1,21.07
11/18/2014,194.94,23.37,21.0
11/17/2014,205.19,23.26,20.95
11/14/2014,205.9,23.12,20.8
11/13/2014,187.11,24.0,20.6
11/12/2014,169.74,24.43,21.0
11/11/2014,170.16,24.6,21.07
11/10/2014,179.11,24.25,21.0
11/07/2014,188.53,24.0,20.11
11/06/2014,198.45,25.0,20.5
11/05/2014,208.89,25.3,21.0
11/04/2014,208.89,25.31,21.66
11/03/2014,212.5,25.2,22.26
10/31/2014,215.0,25.0,21.2
10/30/2014,214.95,26.08,21.0
10/29/2014,215.0,26.16,22.0
10/28/2014,214.93,26.69,22.0
10/27/2014,215.0,27.25,22.75
10/24/2014,215.0,27.3,22.59
10/23/2014,213.0,27.12,22.61
10/22/2014,213.0,27.41,22.6
10/21/2014,211.89,27.14,22.2
10/20/2014,211.89,27.14,22.0
10/17/2014,212.0,26.6,21.4
10/16/2014,215.0,26.9,21.08
10/15/2014,219.94,27.89,22.1
10/14/2014,219.94,29.14,21.38
10/13/2014,215.11,29.5,22.5
10/10/2014,217.01,29.57,22.8
10/09/2014,215.15,30.0,23.51
10/08/2014,219.8,30.5,24.14
10/03/2014,220.8,30.01,24.3
10/02/2014,220.84,30.4,24.49
09/30/2014,222.0,29.75,24.5
09/29/2014,222.0,29.73,24.4
09/26/2014,220.0,29.4,24.0
09/25/2014,223.98,28.8,24.05
09/24/2014,225.0,28.9,24.0
09/23/2014,219.0,28.0,23.8
09/22/2014,222.85,28.51,24.7
09/19/2014,224.0,28.95,24.65
09/18/2014,220.0,28.48,24.6
09/17/2014,222.0,28.61,24.25
09/16/2014,220.0,28.45,24.2
09/15/2014,219.99,28.26,24.2
09/12/2014,215.1,29.15,24.6
09/11/2014,218.0,29.8,24.0
09/10/2014,220.0,30.0,24.0
09/09/2014,219.99,30.01,24.0
09/08/2014,224.99,30.0,24.21
09/05/2014,225.0,29.82,24.25
09/04/2014,225.0,29.31,24.2
09/03/2014,225.5,30.0,24.19
09/02/2014,225.5,29.35,24.6
09/01/2014,225.16,29.51,24.01
08/29/2014,225.0,29.9,24.6
08/28/2014,225.0,29.87,24.75
08/27/2014,225.0,28.88,24.3
08/26/2014,228.5,28.06,24.25
08/25/2014,228.0,28.5,24.3
08/22/2014,229.97,28.53,24.7
08/21/2014,229.97,28.88,24.98
08/20/2014,230.0,29.5,24.5
08/19/2014,230.0,29.19,24.5
08/18/2014,226.0,28.85,24.1
08/15/2014,226.0,29.1,23.9
08/14/2014,231.95,29.12,24.15
08/13/2014,226.08,29.53,24.34
08/12/2014,228.0,29.5,24.59
08/11/2014,226.01,30.0,24.9
08/08/2014,230.0,30.4,25.0
08/07/2014,230.0,30.4,24.99
08/06/2014,228.0,29.99,25.1
08/05/2014,229.0,29.45,25.0
08/04/2014,226.35,29.15,25.0
08/01/2014,230.0,28.8,25.06
07/31/2014,230.0,29.9,25.08
07/30/2014,233.94,30.0,25.6
07/25/2014,232.0,31.0,25.23
07/23/2014,237.5,30.1,24.95
07/22/2014,238.0,30.13,25.0
07/21/2014,240.5,30.01,24.95
07/18/2014,240.05,30.0,25.22
07/17/2014,240.0,30.0,25.2
07/16/2014,240.0,31.0,25.2
07/15/2014,240.99,31.0,25.16
07/14/2014,241.0,31.0,25.15
07/11/2014,241.0,29.97,25.01
07/10/2014,245.0,30.0,25.3
07/09/2014,247.0,30.0,25.2
07/08/2014,247.02,29.57,25.3
07/07/2014,245.0,29.44,25.3
07/04/2014,250.0,29.6,25.1
07/03/2014,244.5,29.21,25.11
07/02/2014,240.0,29.06,25.15
07/01/2014,240.0,28.76,25.5
06/30/2014,240.0,28.95,25.05
06/27/2014,240.0,29.02,25.0
06/26/2014,235.0,28.9,25.0
06/25/2014,235.0,28.94,25.0
06/24/2014,228.25,28.5,25.0
06/23/2014,227.5,28.9,24.7
06/20/2014,225.01,28.83,23.8
06/19/2014,226.2,29.7,24.0
06/18/2014,227.01,30.0,24.8
06/17/2014,229.0,30.2,24.9
06/16/2014,227.0,31.6,25.19
06/13/2014,227.0,31.26,25.3
06/12/2014,224.25,31.25,25.3
06/11/2014,230.0,30.91,25.3
06/10/2014,226.6,30.5,25.2
06/09/2014,229.0,31.5,25.0
06/06/2014,229.99,30.0,25.0
06/05/2014,229.22,30.06,25.02
06/04/2014,229.1,29.81,25.0
06/03/2014,228.0,29.8,24.55
06/02/2014,229.5,29.3,25.01
05/30/2014,235.0,29.92,25.4
05/28/2014,227.01,28.49,24.03
05/27/2014,227.9,27.8,23.36
05/26/2014,222.99,27.8,23.11
05/23/2014,223.62,27.68,23.41
05/22/2014,222.98,28.15,23.25
05/21/2014,221.0,27.5,22.9
05/20/2014,223.0,27.49,23.3
05/19/2014,223.0,27.0,22.99
05/16/2014,223.0,27.1,22.95
05/15/2014,220.31,27.52,23.5
05/14/2014,224.98,27.5,23.3
05/13/2014,225.0,27.99,22.91
05/12/2014,225.0,26.85,22.74
05/09/2014,224.0,26.85,22.63
05/08/2014,225.0,26.8,23.0
05/07/2014,224.64,26.49,22.9
05/06/2014,225.92,26.5,22.5
05/05/2014,226.51,26.8,22.55
05/02/2014,226.0,27.15,22.7
04/30/2014,226.01,26.23,22.7
04/29/2014,227.0,26.02,21.92
04/28/2014,227.0,27.2,22.19
04/25/2014,228.0,27.3,22.35
04/24/2014,228.0,27.33,23.5
04/23/2014,230.0,28.0,23.2
04/22/2014,227.89,28.0,22.99
04/17/2014,234.8,27.2,22.5
04/16/2014,234.77,27.41,22.42
04/15/2014,234.9,27.8,22.1
04/14/2014,234.9,27.0,21.7
04/11/2014,235.0,27.48,21.7
04/10/2014,235.0,27.2,21.25
04/09/2014,235.0,27.05,22.1
04/08/2014,235.0,27.0,21.75
04/07/2014,234.99,26.8,21.0
04/04/2014,234.9,27.0,20.83
04/03/2014,235.0,26.05,21.4
04/02/2014,235.0,26.02,21.38
04/01/2014,235.0,26.3,20.95
03/31/2014,241.93,25.5,20.0
03/28/2014,239.75,24.52,19.6
03/27/2014,235.0,25.98,19.6
03/26/2014,230.0,25.62,19.7
03/25/2014,230.0,25.84,20.11
03/24/2014,228.0,25.7,20.15
03/21/2014,228.0,25.65,22.0
03/20/2014,228.51,25.0,20.79
03/19/2014,229.0,23.1,20.51
03/18/2014,228.4,23.79,20.5
03/17/2014,233.6,22.67,21.38
03/14/2014,234.7,23.7,21.38
03/13/2014,235.0,24.3,22.08
03/12/2014,238.98,25.0,22.57
03/11/2014,240.0,25.16,21.99
03/10/2014,236.86,26.0,21.6
03/07/2014,237.4,24.99,21.45
03/06/2014,237.0,25.0,21.45
03/05/2014,238.0,24.65,21.4
03/04/2014,240.0,24.98,21.29
03/03/2014,239.0,25.15,20.93
02/28/2014,240.0,25.4,20.5
02/27/2014,237.0,24.3,20.6
02/26/2014,235.0,24.75,20.99
02/25/2014,237.97,24.9,21.25
02/24/2014,237.4,24.02,20.55
02/21/2014,235.0,23.67,19.9
02/20/2014,239.92,24.62,19.99
02/19/2014,238.0,25.91,20.8
02/18/2014,235.0,25.01,20.7
02/17/2014,233.7,25.39,20.5
02/14/2014,234.7,24.73,20.1
02/13/2014,235.0,26.03,20.21
02/12/2014,238.96,27.4,20.95
02/11/2014,239.77,27.5,21.24
02/10/2014,240.0,27.05,21.8
02/07/2014,240.0,27.48,22.23
02/06/2014,238.0,27.32,23.0
02/05/2014,238.0,27.5,23.0
02/04/2014,240.5,27.52,23.0
02/03/2014,243.3,28.4,23.5
01/31/2014,234.49,27.5,23.3
01/30/2014,235.0,27.79,23.0
01/29/2014,235.0,27.9,23.0
01/28/2014,235.01,27.6,23.0
01/27/2014,235.9,27.99,23.4
01/24/2014,233.75,28.5,24.6
01/23/2014,232.01,28.5,25.5
01/22/2014,230.0,28.25,24.35
01/21/2014,230.0,28.8,25.11
01/20/2014,225.02,28.24,24.86
01/17/2014,230.0,28.5,25.11
01/16/2014,230.0,28.07,25.0
01/15/2014,230.0,28.15,24.01
01/13/2014,230.0,28.25,23.41
01/10/2014,230.0,28.3,23.2
01/09/2014,230.0,28.3,23.14
01/08/2014,240.0,28.15,22.7
01/07/2014,235.0,28.4,23.38
01/06/2014,224.0,28.5,24.21
01/03/2014,220.0,28.88,25.1
01/02/2014,220.0,27.75,25.0
12/31/2013,218.99,27.02,27.4
12/30/2013,212.8,27.0,24.87
12/27/2013,212.8,27.0,23.5
12/24/2013,211.03,27.0,23.1
12/23/2013,212.8,26.9,23.14
12/20/2013,211.0,26.96,22.9
12/19/2013,210.0,27.0,23.31
12/18/2013,211.74,27.0,21.96
12/17/2013,210.0,26.8,21.5
12/16/2013,220.0,27.1,21.21
12/13/2013,200.0,26.7,21.85
12/12/2013,200.0,26.75,21.55
12/11/2013,200.0,26.8,21.5
12/10/2013,200.0,27.0,21.37
12/09/2013,195.03,26.93,21.39
12/06/2013,195.5,26.91,21.2
12/05/2013,195.5,27.0,21.3
12/04/2013,195.0,27.31,21.5
12/03/2013,195.0,27.8,21.3
12/02/2013,195.0,27.6,21.36
11/29/2013,195.0,27.3,21.3
11/28/2013,195.0,27.3,21.27
11/27/2013,195.0,27.61,21.35
11/26/2013,194.0,27.5,21.22
11/25/2013,195.0,27.8,21.21
11/22/2013,195.0,26.8,21.18
11/21/2013,196.0,26.39,21.2
11/20/2013,195.0,26.01,21.3
11/19/2013,190.0,26.0,21.39
11/18/2013,187.0,26.3,21.3
11/15/2013,187.0,26.6,21.25
11/14/2013,185.0,26.8,21.28
11/13/2013,188.25,26.25,21.01
11/12/2013,190.0,26.2,21.3
11/11/2013,185.0,25.99,21.5
11/08/2013,185.0,25.95,21.29
11/07/2013,187.51,26.15,21.45
11/06/2013,190.0,26.01,21.68
11/05/2013,190.0,26.03,21.69
11/04/2013,190.0,26.4,21.3
11/01/2013,190.0,25.9,21.3
10/31/2013,190.0,25.3,21.54
10/30/2013,190.0,25.51,21.01
10/29/2013,190.0,25.39,21.2
10/28/2013,190.0,25.01,21.45
10/25/2013,190.0,25.2,21.7
10/24/2013,190.0,25.25,21.75
10/23/2013,186.5,25.13,21.42
10/22/2013,186.5,25.3,21.55
10/21/2013,186.0,25.25,21.87
10/18/2013,186.2,25.3,22.04
10/17/2013,190.0,25.53,21.63
10/14/2013,189.0,25.1,21.84
10/11/2013,189.0,25.25,21.51
10/10/2013,189.5,25.14,20.82
10/09/2013,194.94,25.2,21.17
10/08/2013,190.0,25.18,20.25
10/07/2013,190.0,25.4,20.2
10/04/2013,190.0,25.6,20.18
10/03/2013,190.0,25.7,20.01
10/02/2013,190.0,25.4,20.0
09/30/2013,190.0,25.1,19.99
09/27/2013,190.0,25.1,19.9
09/26/2013,190.0,25.0,19.9
09/25/2013,190.0,25.0,19.7
09/24/2013,190.0,25.0,20.0
09/23/2013,190.0,24.9,20.0
09/20/2013,190.0,25.0,19.9
09/19/2013,189.0,24.89,19.9
09/18/2013,190.0,23.79,19.45
09/17/2013,190.0,24.1,19.35
09/16/2013,189.15,24.01,19.61
09/13/2013,190.0,24.9,19.65
09/12/2013,193.0,25.0,19.43
09/11/2013,191.5,25.1,19.79
09/10/2013,191.5,24.63,19.4
09/09/2013,193.0,25.1,19.56
09/06/2013,193.0,24.89,19.5
09/05/2013,194.0,24.85,19.61
09/04/2013,190.0,25.1,19.85
09/03/2013,190.0,24.9,19.85
09/02/2013,190.0,25.15,19.85
08/30/2013,190.0,24.53,19.71
08/29/2013,190.0,25.13,19.6
08/28/2013,190.0,25.15,19.65
08/27/2013,190.0,25.2,19.82
08/26/2013,190.0,25.2,20.0
08/23/2013,188.0,25.25,20.14
08/22/2013,190.0,25.35,20.1
08/21/2013,190.0,24.85,19.9
08/20/2013,190.0,25.3,20.0
08/19/2013,190.0,25.02,20.99
08/16/2013,190.0,25.01,20.84
08/15/2013,192.0,25.0,20.95
08/14/2013,193.5,25.0,21.0
08/13/2013,194.0,25.14,21.0
08/12/2013,194.0,24.68,21.28
08/07/2013,194.0,25.35,21.11
08/06/2013,195.0,25.5,21.1
08/05/2013,195.0,25.6,21.02
08/02/2013,196.0,25.32,20.93
08/01/2013,194.72,25.61,20.2
07/31/2013,194.72,25.3,19.75
07/30/2013,194.73,25.05,20.0
07/29/2013,194.77,25.0,20.05
07/26/2013,190.0,24.7,19.45
07/25/2013,190.0,25.15,19.74
07/24/2013,189.99,25.7,20.0
07/23/2013,190.0,26.3,21.17
07/22/2013,189.97,26.34,21.4
07/19/2013,190.0,26.42,21.6
07/18/2013,190.0,26.4,21.5
07/17/2013,189.11,25.97,21.4
07/16/2013,190.0,25.9,21.47
07/15/2013,190.0,26.52,21.0
07/12/2013,189.0,26.27,20.79
07/11/2013,190.0,26.17,20.31
07/10/2013,190.0,25.84,20.3
07/09/2013,189.0,25.45,20.45
07/08/2013,185.0,25.71,20.3
07/05/2013,185.0,25.95,20.7
07/04/2013,182.38,25.16,20.43
07/03/2013,180.0,24.5,19.91
07/02/2013,180.0,25.0,20.25
07/01/2013,180.0,24.0,19.71
06/28/2013,182.0,24.3,19.8
06/27/2013,188.0,24.39,19.6
06/26/2013,188.0,24.26,18.8
06/25/2013,189.95,24.0,17.88
06/24/2013,189.8,24.2,19.1
06/21/2013,192.0,25.0,20.22
06/20/2013,195.0,25.2,20.7
06/19/2013,195.0,26.0,21.11
06/18/2013,199.0,24.97,20.9
06/17/2013,199.0,24.66,20.0
06/14/2013,199.0,24.91,20.49
06/13/2013,199.0,25.63,20.9
06/12/2013,199.0,27.4,22.25
06/11/2013,210.01,28.0,22.8
06/10/2013,210.0,28.3,22.79
06/07/2013,210.0,28.2,22.8
06/06/2013,208.49,28.3,22.5
06/05/2013,210.0,28.5,22.4
06/04/2013,196.26,28.0,22.35
06/03/2013,191.72,28.0,22.35
05/31/2013,191.0,28.5,22.2
05/30/2013,187.5,29.99,22.8
05/28/2013,186.0,28.9,22.6
05/27/2013,186.0,29.0,22.7
05/24/2013,184.5,29.05,22.75
05/23/2013,171.3,28.8,22.1
05/22/2013,186.0,28.0,22.1
05/21/2013,184.0,27.5,21.83
05/20/2013,183.01,26.99,21.78
05/17/2013,187.0,26.66,21.7
05/16/2013,180.11,26.57,21.85
05/15/2013,180.0,26.6,21.65
05/14/2013,180.0,26.49,21.56
05/13/2013,178.2,26.49,21.57
05/10/2013,180.0,26.44,21.49
05/09/2013,180.0,26.5,21.45
05/08/2013,178.22,27.0,21.4
05/07/2013,175.06,26.0,20.35
05/06/2013,182.0,25.69,20.21
05/03/2013,185.0,25.7,20.2
05/02/2013,178.2,25.8,20.1
04/30/2013,162.0,25.8,20.15
04/29/2013,156.12,25.8,20.15
04/26/2013,158.85,25.55,20.0
04/25/2013,160.0,25.4,20.25
04/24/2013,160.0,25.21,20.24
04/23/2013,156.0,25.1,20.25
04/22/2013,156.1,25.09,19.7
04/19/2013,156.0,24.21,19.2
04/18/2013,156.0,23.3,19.2
04/17/2013,161.1,23.39,19.4
04/16/2013,157.0,23.8,19.04
04/15/2013,157.6,24.1,20.06
04/12/2013,156.0,24.49,21.66
04/11/2013,156.22,23.79,21.8
04/10/2013,157.02,25.09,21.0
04/09/2013,156.0,25.44,21.7
04/08/2013,165.0,25.5,21.95
04/05/2013,156.0,25.94,21.51
04/04/2013,156.0,25.95,22.33
04/03/2013,155.05,25.68,22.28
04/02/2013,155.0,27.45,21.65
03/28/2013,148.5,26.1,21.3
03/27/2013,149.21,26.16,21.29
03/26/2013,151.9,25.5,21.0
03/25/2013,155.0,25.06,21.09
03/22/2013,155.0,24.9,21.0
03/21/2013,150.0,24.9,21.2
03/20/2013,147.11,24.9,21.4
03/19/2013,147.11,24.93,21.65
03/18/2013,147.0,25.0,21.45
03/15/2013,141.5,24.91,21.58
03/14/2013,143.0,24.91,21.7
03/13/2013,143.0,24.95,21.89
03/12/2013,142.99,24.95,21.9
03/11/2013,142.49,24.95,21.7
03/08/2013,142.5,24.81,21.7
03/07/2013,142.49,24.8,21.6
03/06/2013,141.0,24.9,21.5
03/05/2013,141.0,25.0,21.49
03/04/2013,145.0,24.9,20.9
03/01/2013,147.99,24.83,21.1
02/28/2013,146.02,24.6,20.75
02/27/2013,155.0,24.69,21.11
02/26/2013,155.0,24.68,21.5
02/25/2013,160.0,24.74,21.08
02/22/2013,160.0,25.01,20.51
02/21/2013,146.99,25.2,20.66
02/20/2013,146.99,25.08,21.15
02/19/2013,145.0,25.05,21.2
02/18/2013,143.8,24.93,21.08
02/15/2013,145.0,25.0,21.0
02/14/2013,147.0,24.52,20.56
02/13/2013,140.0,25.05,21.1
02/12/2013,141.0,25.21,21.3
02/11/2013,144.0,25.2,21.0
02/08/2013,144.0,25.21,21.0
02/07/2013,142.5,25.02,21.0
02/06/2013,142.01,26.01,21.4
02/05/2013,140.89,26.09,21.46
02/04/2013,140.0,25.99,21.25
02/01/2013,144.87,24.99,20.99
01/31/2013,139.9,24.57,20.5
01/30/2013,140.0,24.9,20.8
01/29/2013,140.2,24.8,21.25
01/28/2013,140.2,24.73,21.49
01/25/2013,147.0,24.75,21.1
01/23/2013,150.0,24.5,20.4
01/22/2013,145.0,23.99,20.1
01/21/2013,140.0,24.51,20.29
01/18/2013,140.0,24.87,20.66
01/17/2013,135.0,24.97,20.6
01/16/2013,130.05,25.1,20.5
01/15/2013,126.0,25.55,20.3
01/14/2013,126.0,25.21,20.12
01/11/2013,126.0,25.1,20.13
01/10/2013,125.0,23.94,19.7
01/09/2013,125.0,24.92,21.0
01/08/2013,125.0,25.18,21.1
01/07/2013,125.0,25.15,20.85
01/04/2013,125.0,25.15,19.79
01/03/2013,125.0,25.05,19.8
01/02/2013,128.1,24.6,19.4
12/31/2012,128.1,23.0,19.49
12/28/2012,128.1,23.0,18.63
12/27/2012,128.1,22.22,18.64
12/24/2012,122.0,22.25,18.6
12/21/2012,122.0,23.35,18.2
12/20/2012,122.0,22.49,18.11
12/19/2012,121.5,21.1,18.15
12/18/2012,121.5,20.21,18.14
12/17/2012,121.5,21.0,18.0
12/14/2012,121.5,21.5,17.97
12/13/2012,121.5,21.9,17.56
12/12/2012,121.83,21.5,17.88
12/11/2012,121.0,20.6,17.72
12/10/2012,121.0,20.28,17.8
12/07/2012,121.0,20.24,17.8
12/06/2012,121.5,19.98,17.65
12/05/2012,121.5,19.74,17.31
12/04/2012,121.5,18.96,17.2
12/03/2012,121.5,19.0,17.2
11/30/2012,121.5,19.35,17.29
11/29/2012,121.5,19.4,16.9
11/28/2012,121.05,19.79,16.5
11/27/2012,121.05,19.8,16.45
11/26/2012,121.05,19.75,17.0
11/23/2012,121.05,19.85,17.14
11/22/2012,121.05,19.88,17.2
11/21/2012,121.05,19.9,17.49
11/20/2012,121.05,20.0,17.9
11/19/2012,121.05,19.9,17.78
11/16/2012,121.05,19.9,17.95
11/15/2012,121.05,19.91,17.7
11/14/2012,121.05,19.9,17.7
11/13/2012,121.05,19.9,17.63
11/12/2012,121.0,20.0,17.85
11/09/2012,122.5,20.1,17.75
11/08/2012,122.5,20.7,17.82
11/07/2012,121.02,20.7,17.9
11/06/2012,120.0,20.54,17.65
11/05/2012,120.0,20.15,17.6
11/02/2012,120.0,20.14,17.77
11/01/2012,120.11,20.1,18.0
10/31/2012,120.11,19.8,18.02
10/30/2012,120.11,20.0,18.0
10/29/2012,120.0,20.1,18.0
10/24/2012,120.0,20.0,17.5
10/23/2012,120.0,20.0,18.1
10/22/2012,120.0,20.29,18.4
10/19/2012,120.0,20.3,18.2
10/18/2012,120.0,20.15,18.13
10/17/2012,120.0,20.25,18.0
10/16/2012,120.0,20.2,18.3
10/15/2012,118.5,20.28,
10/12/2012,118.5,20.5,18.35
10/11/2012,118.5,20.65,18.4
10/10/2012,118.5,20.25,17.8
10/09/2012,118.5,20.33,17.79
10/08/2012,118.5,20.16,17.98
10/05/2012,118.5,20.15,17.1
10/04/2012,118.5,20.6,16.99
10/03/2012,119.03,20.11,16.7
10/02/2012,119.03,20.98,16.5
09/28/2012,123.0,19.15,16.3
09/27/2012,118.0,18.71,16.1
09/26/2012,119.0,18.6,16.1
09/25/2012,119.98,19.0,16.3
09/24/2012,116.26,19.18,16.4
09/21/2012,116.26,19.2,16.5
09/20/2012,116.26,19.4,16.0
09/19/2012,116.26,19.1,16.29
09/18/2012,115.02,19.09,16.09
09/17/2012,115.02,19.1,16.29
09/14/2012,115.0,19.2,16.32
09/13/2012,115.0,19.2,16.4
09/12/2012,115.0,19.11,16.5
09/11/2012,115.0,19.07,16.25
09/10/2012,115.0,18.99,16.23
09/07/2012,116.98,19.24,16.7
09/06/2012,116.98,18.99,16.4
09/05/2012,116.99,18.72,15.79
09/04/2012,115.0,18.24,15.5
09/03/2012,115.0,17.85,15.45
08/31/2012,114.1,17.8,15.38
08/30/2012,113.0,17.95,15.5
08/29/2012,113.0,18.02,15.65
08/28/2012,113.0,17.91,15.55
08/27/2012,113.0,17.71,15.5
08/24/2012,113.0,17.53,15.48
08/23/2012,110.01,17.6,15.35
08/22/2012,110.01,17.79,15.44
08/17/2012,110.02,17.81,15.39
08/16/2012,110.0,17.8,15.02
08/15/2012,112.4,17.4,15.1
08/14/2012,112.5,17.5,15.14
08/13/2012,115.0,17.7,15.1
08/10/2012,115.0,17.7,15.0
08/09/2012,114.0,17.7,15.0
08/08/2012,114.0,17.7,15.1
08/07/2012,118.5,17.7,15.05
08/06/2012,118.5,17.7,15.0
08/03/2012,118.5,17.6,14.95
08/02/2012,118.0,17.74,14.7
08/01/2012,118.0,17.41,14.96
07/31/2012,114.0,17.3,14.4
07/30/2012,120.0,17.1,14.49
07/27/2012,120.0,17.02,14.5
07/26/2012,116.0,17.06,14.69
07/25/2012,116.0,17.01,14.68
07/24/2012,116.0,17.04,14.7
07/23/2012,120.75,16.99,14.7
07/20/2012,115.0,16.85,14.7
07/19/2012,113.5,17.5,15.05
07/18/2012,116.0,17.4,15.23
07/17/2012,116.0,17.0,15.0
07/16/2012,116.0,16.71,15.0
07/13/2012,116.0,16.18,14.4
07/12/2012,112.0,15.98,14.5
07/11/2012,108.0,16.0,14.71
07/10/2012,108.0,15.8,14.01
07/09/2012,108.0,16.0,14.37
07/06/2012,108.0,16.0,14.49
07/05/2012,108.0,16.1,14.3
07/04/2012,108.0,15.92,14.85
07/03/2012,108.0,15.7,14.15
07/02/2012,108.0,15.3,14.15
06/29/2012,110.0,15.0,13.75
06/28/2012,110.0,14.9,13.7
06/27/2012,110.0,14.95,13.75
06/26/2012,108.0,14.99,13.7
06/25/2012,108.0,14.95,13.72
06/22/2012,108.0,14.95,13.9
06/21/2012,108.0,15.0,13.7
06/20/2012,108.0,15.7,13.93
06/19/2012,104.0,15.05,13.29
06/18/2012,104.0,15.0,13.3
06/15/2012,108.0,15.0,13.25
06/14/2012,108.0,15.0,13.35
06/13/2012,108.0,15.15,13.5
06/12/2012,108.0,15.04,13.25
06/11/2012,105.5,15.1,13.5
06/08/2012,102.01,15.01,13.5
06/07/2012,102.0,15.4,13.7
06/06/2012,106.64,15.14,14.0
06/05/2012,112.25,14.87,13.4
06/04/2012,112.25,15.0,13.25
06/01/2012,112.25,15.19,13.45
05/31/2012,112.25,15.0,13.99
05/30/2012,112.25,15.4,14.5
05/28/2012,112.25,15.56,14.7
05/25/2012,112.25,15.7,14.8
05/24/2012,112.25,15.74,14.9
05/23/2012,112.11,15.85,15.0
05/22/2012,112.11,15.9,14.88
05/21/2012,112.11,15.95,14.85
05/18/2012,112.11,15.9,14.85
05/17/2012,112.0,15.99,14.64
05/16/2012,112.0,16.21,14.69
05/15/2012,109.31,15.87,14.95
05/14/2012,109.31,16.25,14.95
05/11/2012,110.45,16.25,14.99
05/10/2012,109.09,16.3,15.0
05/09/2012,109.09,16.5,15.18
05/08/2012,109.09,16.98,15.3
05/07/2012,108.58,16.7,14.9
05/04/2012,108.58,17.04,15.53
05/03/2012,110.91,17.25,15.59
05/02/2012,110.91,16.82,14.86
04/30/2012,110.91,16.02,14.16
04/27/2012,110.93,15.97,14.13
04/26/2012,110.93,15.6,14.17
04/25/2012,110.93,15.4,13.85
04/24/2012,110.93,15.6,14.0
04/23/2012,109.09,15.65,14.1
04/20/2012,109.09,15.72,13.67
04/19/2012,109.09,15.41,13.02
04/18/2012,109.09,14.68,12.92
04/17/2012,105.45,14.56,12.9
04/16/2012,105.45,,
04/13/2012,105.45,14.54,13.0
04/12/2012,105.45,14.52,12.91
04/11/2012,105.46,14.5,12.9
04/10/2012,105.45,14.55,13.08
04/05/2012,105.91,14.5,13.16
04/04/2012,105.45,14.56,13.2
04/03/2012,105.0,14.39,13.0
04/02/2012,105.0,13.8,12.4
03/30/2012,103.45,13.49,12.4
03/29/2012,103.52,14.34,12.4
03/28/2012,103.52,14.4,12.35
03/27/2012,103.49,14.12,12.3
03/26/2012,103.49,14.25,12.75
03/23/2012,103.49,14.3,13.7
03/22/2012,103.49,14.52,13.4
03/21/2012,104.09,14.15,13.0
03/20/2012,104.09,14.15,13.0
03/19/2012,104.09,14.11,13.1
03/16/2012,101.21,14.22,13.01
03/15/2012,101.21,14.05,12.91
03/14/2012,105.45,14.0,13.15
03/13/2012,105.45,14.25,13.21
03/12/2012,100.5,14.58,13.71
03/09/2012,100.5,14.44,13.56
03/08/2012,105.45,14.5,13.9
03/07/2012,105.45,14.66,13.66
03/06/2012,103.45,14.6,13.65
03/05/2012,98.64,14.38,13.82
03/02/2012,100.23,14.25,14.05
03/01/2012,95.45,14.11,13.51
02/29/2012,95.45,14.06,13.33
02/28/2012,95.55,14.21,13.2
02/27/2012,95.45,14.15,13.29
02/24/2012,95.45,14.1,13.35
02/23/2012,95.9,14.0,13.12
02/22/2012,95.9,14.1,12.5
02/21/2012,100.0,14.02,12.33
02/20/2012,100.0,14.04,12.25
02/17/2012,100.18,14.21,12.28
02/16/2012,100.18,14.18,12.26
02/15/2012,100.18,14.05,12.23
02/14/2012,105.45,14.06,12.25
02/13/2012,105.45,13.7,12.25
02/10/2012,105.45,13.7,12.28
02/09/2012,105.45,13.53,12.25
02/08/2012,105.45,13.95,12.17
02/07/2012,105.45,,12.4
02/03/2012,105.42,,12.4
02/02/2012,105.42,,12.17
02/01/2012,105.42,,12.01
01/31/2012,108.18,,12.45
01/30/2012,108.18,,12.01
01/27/2012,109.09,,12.1
01/26/2012,109.09,,12.02
01/25/2012,107.25,,12.0
01/24/2012,107.25,,11.96
01/23/2012,107.17,,12.0
01/20/2012,107.27,,
01/19/2012,107.27,,
01/18/2012,107.27,,
01/17/2012,107.27,,
01/16/2012,105.92,,
01/13/2012,105.92,,
01/12/2012,105.92,,
01/11/2012,105.92,,
01/10/2012,105.92,,
01/09/2012,104.58,,
01/06/2012,102.73,,
01/05/2012,101.17,,
01/04/2012,100.7,,
01/03/2012,100.7,,
12/30/2011,100.7,,
12/29/2011,100.7,,
12/28/2011,95.91,,
12/23/2011,95.91,,
12/22/2011,95.91,,
12/21/2011,95.91,,
12/20/2011,95.91,,
12/19/2011,95.91,,
12/16/2011,95.71,,
12/15/2011,95.71,,
12/14/2011,95.7,,
12/13/2011,95.55,,
12/12/2011,95.55,,
12/09/2011,95.55,,
12/08/2011,95.55,,
12/07/2011,95.55,,
12/06/2011,95.55,,
12/05/2011,95.55,,
12/02/2011,95.55,,
12/01/2011,95.55,,
11/30/2011,95.55,,
11/29/2011,95.55,,
11/28/2011,95.55,,
11/25/2011,95.55,,
11/24/2011,91.21,,
11/23/2011,91.21,,
11/22/2011,94.55,,
11/21/2011,93.73,,
11/18/2011,93.73,,
11/17/2011,94.09,,
11/16/2011,94.09,,
11/15/2011,94.09,,
11/14/2011,94.09,,
11/11/2011,94.09,,
11/10/2011,94.09,,
11/09/2011,94.09,,
11/04/2011,93.64,,
11/03/2011,93.64,,
11/02/2011,93.63,,
11/01/2011,98.18,,
10/31/2011,98.18,,
10/28/2011,97.27,,
10/27/2011,92.73,,
10/26/2011,90.91,,
10/25/2011,90.91,,
10/24/2011,90.91,,
10/21/2011,90.91,,
10/20/2011,88.18,,
10/19/2011,88.65,,
10/18/2011,88.64,,
10/17/2011,90.91,,
10/14/2011,87.27,,
10/13/2011,87.27,,
10/12/2011,87.27,,
10/11/2011,87.27,,
10/10/2011,87.27,,
10/07/2011,90.0,,
10/06/2011,90.91,,
10/05/2011,90.91,,
10/04/2011,90.91,,
09/30/2011,90.91,,
09/29/2011,90.68,,
09/28/2011,90.68,,
09/27/2011,90.68,,
09/26/2011,90.68,,
09/23/2011,86.36,,
09/22/2011,90.91,,
09/21/2011,90.91,,
09/20/2011,90.91,,
09/19/2011,89.09,,
09/16/2011,90.91,,
09/15/2011,95.44,,
09/14/2011,95.44,,
09/13/2011,90.9,,
09/12/2011,90.91,,
09/09/2011,90.91,,
09/08/2011,93.64,,
09/07/2011,93.64,,
09/06/2011,92.27,,
09/05/2011,94.55,,
09/02/2011,94.55,,
09/01/2011,94.55,,
08/29/2011,95.96,,
08/26/2011,101.01,,
08/25/2011,101.01,,
08/24/2011,106.31,,
08/23/2011,106.31,,
08/22/2011,106.31,,
08/19/2011,106.31,,
08/18/2011,106.36,,
08/17/2011,106.36,,
08/16/2011,106.36,,
08/15/2011,102.73,,
08/12/2011,106.36,,
08/11/2011,106.36,,
08/10/2011,109.09,,
08/09/2011,109.09,,
08/08/2011,109.09,,
08/05/2011,109.09,,
08/04/2011,109.09,,
08/03/2011,109.09,,
08/02/2011,109.09,,
08/01/2011,109.09,,
07/29/2011,109.09,,
07/28/2011,109.09,,
07/27/2011,108.65,,
07/26/2011,108.65,,
07/25/2011,108.65,,
07/22/2011,108.64,,
07/21/2011,110.1,,
07/20/2011,110.64,,
07/19/2011,110.1,,
07/18/2011,110.64,,
07/15/2011,110.64,,
07/14/2011,111.27,,
07/13/2011,111.27,,
07/12/2011,111.27,,
07/11/2011,111.27,,
07/08/2011,111.27,,
07/07/2011,111.36,,
07/06/2011,110.91,,
07/05/2011,111.82,,
07/04/2011,111.82,,
07/01/2011,113.64,,
06/30/2011,118.17,,
06/29/2011,118.17,,
06/28/2011,118.17,,
06/27/2011,118.17,,
06/24/2011,118.18,,
06/23/2011,118.18,,
06/22/2011,118.13,,
06/21/2011,118.18,,
06/20/2011,118.18,,
06/17/2011,118.18,,
06/16/2011,120.0,,
06/15/2011,120.0,,
06/14/2011,120.0,,
06/13/2011,120.0,,
06/10/2011,120.0,,
06/09/2011,120.0,,
06/08/2011,120.0,,
06/07/2011,120.0,,
06/06/2011,120.0,,
06/03/2011,120.0,,
06/02/2011,120.0,,
06/01/2011,119.16,,
05/31/2011,119.09,,
05/27/2011,119.09,,
05/26/2011,119.18,,
05/25/2011,119.18,,
05/24/2011,119.18,,
05/23/2011,119.09,,
05/20/2011,118.18,,
05/19/2011,115.75,,
05/18/2011,115.75,,
05/17/2011,115.75,,
05/16/2011,115.75,,
05/13/2011,115.75,,
05/12/2011,115.75,,
05/11/2011,110.24,,
05/10/2011,110.24,,
05/09/2011,110.24,,
05/06/2011,110.24,,
05/05/2011,110.24,,
05/04/2011,110.24,,
05/03/2011,112.28,,
04/29/2011,112.27,,
04/28/2011,116.36,,
04/27/2011,116.36,,
04/21/2011,111.84,,
04/20/2011,116.36,,
04/19/2011,116.36,,
04/18/2011,114.55,,
04/15/2011,111.82,,
04/14/2011,111.82,,
04/13/2011,111.82,,
04/12/2011,114.09,,
04/11/2011,114.09,,
04/08/2011,114.09,,
04/07/2011,114.09,,
04/06/2011,114.09,,
04/05/2011,114.09,,
04/04/2011,114.09,,
04/01/2011,114.09,,
03/31/2011,112.73,,
03/30/2011,112.73,,
03/29/2011,112.73,,
03/28/2011,112.73,,
03/25/2011,113.54,,
03/24/2011,113.54,,
03/23/2011,113.54,,
03/22/2011,113.54,,
03/21/2011,113.54,,
03/18/2011,113.54,,
03/17/2011,109.18,,
03/16/2011,113.64,,
03/15/2011,113.64,,
03/14/2011,113.64,,
03/11/2011,113.64,,
03/10/2011,113.64,,
03/09/2011,113.64,,
03/08/2011,113.64,,
03/07/2011,112.73,,
03/04/2011,109.09,,
03/03/2011,113.63,,
03/02/2011,113.63,,
03/01/2011,113.63,,
02/28/2011,114.55,,
02/25/2011,114.55,,
02/24/2011,112.73,,
02/23/2011,116.36,,
02/22/2011,116.36,,
02/21/2011,116.36,,
02/18/2011,116.36,,
02/17/2011,116.36,,
02/16/2011,116.36,,
02/14/2011,116.36,,
02/11/2011,116.36,,
02/10/2011,116.36,,
02/09/2011,116.36,,
02/08/2011,110.91,,
02/07/2011,115.0,,
02/04/2011,115.0,,
02/03/2011,117.27,,
02/02/2011,117.27,,
02/01/2011,117.27,,
01/31/2011,117.37,,
01/28/2011,118.41,,
01/27/2011,120.46,,
01/26/2011,120.46,,
01/25/2011,120.46,,
01/24/2011,119.55,,
01/21/2011,119.55,,
01/20/2011,118.18,,
01/19/2011,118.18,,
01/18/2011,118.18,,
01/17/2011,118.25,,
01/14/2011,118.2,,
01/13/2011,118.2,,
01/12/2011,115.0,,
01/11/2011,115.0,,
01/10/2011,115.0,,
01/07/2011,115.0,,
01/06/2011,115.45,,
01/05/2011,114.55,,
01/04/2011,109.09,,
12/31/2010,109.09,,
12/30/2010,109.09,,
12/29/2010,109.09,,
12/24/2010,109.09,,
12/23/2010,109.09,,
12/22/2010,109.09,,
12/21/2010,109.09,,
12/20/2010,109.09,,
12/17/2010,111.36,,
12/16/2010,109.32,,
12/15/2010,113.18,,
12/14/2010,111.82,,
12/13/2010,110.91,,
12/10/2010,112.26,,
12/09/2010,112.27,,
12/08/2010,112.27,,
12/07/2010,112.27,,
12/06/2010,112.27,,
12/03/2010,111.92,,
12/02/2010,112.74,,
12/01/2010,112.74,,
11/30/2010,112.74,,
11/29/2010,110.14,,
11/26/2010,110.14,,
11/25/2010,110.14,,
11/24/2010,110.14,,
11/23/2010,110.14,,
11/22/2010,110.14,,
11/19/2010,110.14,,
11/18/2010,113.05,,
11/15/2010,114.86,,
11/12/2010,114.86,,
11/11/2010,120.91,,
11/10/2010,116.31,,
11/09/2010,122.42,,
11/08/2010,116.59,,
11/05/2010,116.59,,
11/04/2010,116.59,,
11/03/2010,116.59,,
11/02/2010,116.59,,
11/01/2010,122.73,,
10/29/2010,122.73,,
10/28/2010,122.73,,
10/27/2010,122.73,,
10/26/2010,122.73,,
06/12/2026,,135.95,124.5
09/08/2015,,24.5,17.85
07/24/2014,,30.01,
04/06/2026,,,103.0
06/06/2025,,,50.75
