"Date","Price","Open","High","Low","Vol.","Change %"
"06/22/2026","973.40","1,070.00","1,059.00","963.00","236.90K","-9.03%"
"06/19/2026","1,070.00","1,070.00","1,070.00","1,070.00","975.04K","0.00%"
"06/18/2026","1,070.00","1,110.00","1,070.00","1,070.00","1.47M","-7.36%"
"06/17/2026","1,155.00","1,155.00","1,155.00","1,155.00","744.45K","0.00%"
"06/16/2026","1,155.00","1,155.00","1,155.00","1,155.00","959.25K","0.00%"
"06/15/2026","1,155.00","1,155.00","1,155.00","1,155.00","636.91K","0.00%"
"06/11/2026","1,155.00","1,155.00","1,155.00","1,155.00","339.75K","0.00%"
"06/10/2026","1,155.00","1,155.00","1,155.00","1,155.00","572.97K","0.00%"
"06/09/2026","1,155.00","1,180.00","1,155.00","1,155.00","1.94M","-2.12%"
"06/08/2026","1,180.00","1,180.00","1,180.00","1,180.00","756.61K","0.00%"
"06/05/2026","1,180.00","1,180.00","1,180.00","1,180.00","1.14M","0.00%"
"06/04/2026","1,180.00","1,180.00","1,180.00","1,180.00","1.13M","0.00%"
"06/03/2026","1,180.00","1,180.00","1,180.00","1,180.00","622.25K","0.00%"
"06/02/2026","1,180.00","1,180.00","1,180.00","1,180.00","824.93K","0.00%"
"06/01/2026","1,180.00","1,180.00","1,180.00","1,180.00","950.64K","0.00%"
"05/29/2026","1,180.00","1,180.00","1,180.00","1,180.00","843.91K","0.00%"
"05/28/2026","1,180.00","1,180.00","1,180.00","1,180.00","437.82K","0.00%"
"05/26/2026","1,180.00","1,180.00","1,180.00","1,180.00","437.82K","0.00%"
"05/25/2026","1,180.00","1,180.00","1,180.00","1,180.00","1.38M","0.00%"
"05/22/2026","1,180.00","1,180.00","1,180.00","1,180.00","675.58K","0.00%"
"05/21/2026","1,180.00","1,180.00","1,180.00","1,180.00","552.88K","0.00%"
"05/20/2026","1,180.00","1,180.00","1,180.00","1,180.00","1.91M","0.00%"
"05/19/2026","1,180.00","1,180.00","1,180.00","1,180.00","1.40M","0.00%"
"05/18/2026","1,180.00","1,180.00","1,180.00","1,180.00","1.07M","0.00%"
"05/15/2026","1,180.00","1,180.00","1,180.00","1,180.00","1.13M","0.00%"
"05/14/2026","1,180.00","1,180.00","1,180.00","1,180.00","2.56M","0.00%"
"05/13/2026","1,180.00","1,180.00","1,180.00","1,180.00","2.08M","0.00%"
"05/12/2026","1,180.00","1,180.00","1,180.00","1,180.00","3.17M","0.00%"
"05/11/2026","1,180.00","1,088.00","1,189.00","1,111.00","6.49M","8.46%"
"05/08/2026","1,088.00","989.10","1,088.00","1,088.00","5.46M","10.00%"
"05/07/2026","989.10","1,040.00","989.10","989.10","6.48M","-4.89%"
"05/06/2026","1,040.00","1,040.00","1,040.00","1,040.00","1.55M","0.00%"
"05/05/2026","1,040.00","970.00","1,040.00","1,040.00","2.55M","7.22%"
"05/04/2026","970.00","970.00","970.00","970.00","1.42M","0.00%"
"04/30/2026","970.00","970.00","970.00","970.00","3.27M","0.00%"
"04/29/2026","970.00","938.90","970.00","970.00","4.65M","3.31%"
"04/28/2026","938.90","907.50","940.00","936.30","2.53M","3.46%"
"04/27/2026","907.50","890.00","907.50","907.50","2.01M","1.97%"
"04/24/2026","890.00","870.00","890.00","890.00","3.93M","2.30%"
"04/23/2026","870.00","850.00","870.00","870.00","3.53M","2.35%"
"04/22/2026","850.00","850.00","850.00","850.00","552.64K","0.00%"
"04/21/2026","850.00","823.00","850.00","850.00","993.39K","3.28%"
"04/20/2026","823.00","823.00","823.00","823.00","1.26M","0.00%"
"04/17/2026","823.00","810.00","825.00","823.00","4.14M","1.60%"
"04/16/2026","810.00","810.00","810.00","810.00","2.69M","0.00%"
"04/15/2026","810.00","810.00","810.00","810.00","1.22M","0.00%"
"04/14/2026","810.00","810.00","810.00","810.00","258.52K","0.00%"
"04/13/2026","810.00","810.00","810.00","810.00","389.05K","0.00%"
"04/10/2026","810.00","810.00","810.00","810.00","312.78K","0.00%"
"04/09/2026","810.00","810.00","810.00","810.00","377.76K","0.00%"
"04/08/2026","810.00","810.00","810.00","810.00","642.27K","0.00%"
"04/07/2026","810.00","810.00","810.00","810.00","540.00K","0.00%"
"04/02/2026","810.00","810.00","810.00","810.00","305.86K","0.00%"
"04/01/2026","810.00","810.00","810.00","810.00","192.09K","0.00%"
"03/31/2026","810.00","810.00","810.00","810.00","472.34K","0.00%"
"03/30/2026","810.00","810.00","810.00","810.00","285.05K","0.00%"
"03/27/2026","810.00","810.00","810.00","810.00","857.88K","0.00%"
"03/26/2026","810.00","810.00","810.00","810.00","1.13M","0.00%"
"03/25/2026","810.00","810.00","810.00","810.00","599.72K","0.00%"
"03/24/2026","810.00","810.00","810.00","810.00","656.51K","0.00%"
"03/23/2026","810.00","810.00","810.00","810.00","4.16M","0.00%"
"03/18/2026","810.00","810.00","810.00","810.00","75.24M","0.00%"
"03/17/2026","810.00","802.90","810.00","810.00","2.78M","0.88%"
"03/16/2026","802.90","794.90","802.90","802.90","1.51M","1.01%"
"03/13/2026","794.90","810.00","794.90","794.90","3.70M","-1.86%"
"03/12/2026","810.00","810.00","810.00","810.00","26.89M","0.00%"
"03/11/2026","810.00","815.00","810.00","810.00","2.43M","-0.61%"
"03/10/2026","815.00","815.00","815.00","815.00","1.28M","0.00%"
"03/09/2026","815.00","815.00","815.00","815.00","810.89K","0.00%"
"03/06/2026","815.00","810.00","815.00","815.00","930.42K","0.62%"
"03/05/2026","810.00","809.90","810.00","809.90","1.43M","0.01%"
"03/04/2026","809.90","809.90","809.90","809.90","1.40M","0.00%"
"03/03/2026","809.90","809.90","809.90","809.90","2.12M","0.00%"
"03/02/2026","809.90","779.00","809.90","809.90","4.30M","3.97%"
"02/27/2026","779.00","829.50","779.00","763.00","1.60M","-6.09%"
"02/26/2026","829.50","829.50","829.50","829.50","461.89K","0.00%"
"02/25/2026","829.50","829.50","829.50","829.50","632.59K","0.00%"
"02/24/2026","829.50","799.90","829.50","790.00","4.13M","3.70%"
"02/23/2026","799.90","799.90","799.90","799.90","1.72M","0.00%"
"02/20/2026","799.90","799.90","799.90","799.90","445.89K","0.00%"
"02/19/2026","799.90","799.90","799.90","799.90","953.26K","0.00%"
"02/18/2026","799.90","799.90","799.90","799.90","1.45M","0.00%"
"02/17/2026","799.90","798.60","799.90","799.90","2.49M","0.16%"
"02/16/2026","798.60","726.30","798.60","779.80","2.27M","9.95%"
"02/13/2026","726.30","726.30","726.30","726.30","425.15K","0.00%"
"02/12/2026","726.30","739.90","726.30","726.30","1.99M","-1.84%"
"02/11/2026","739.90","739.90","739.90","739.90","2.01M","0.00%"
"02/10/2026","739.90","739.90","739.90","739.90","812.37K","0.00%"
"02/09/2026","739.90","680.00","739.90","710.00","1.79M","8.81%"
"02/06/2026","680.00","660.00","680.00","660.20","945.50K","3.03%"
"02/05/2026","660.00","649.90","660.00","659.90","1.33M","1.55%"
"02/04/2026","649.90","644.00","649.90","649.90","840.49K","0.92%"
"02/03/2026","644.00","635.00","644.00","643.90","1.07M","1.42%"
"02/02/2026","635.00","635.00","635.00","635.00","754.03K","0.00%"
"01/30/2026","635.00","635.00","635.00","635.00","574.80K","0.00%"
"01/29/2026","635.00","635.00","635.00","635.00","544.00K","0.00%"
"01/28/2026","635.00","635.00","635.00","635.00","494.87K","0.00%"
"01/27/2026","635.00","635.00","635.00","635.00","339.62K","0.00%"
"01/26/2026","635.00","635.00","635.00","635.00","658.04K","0.00%"
"01/23/2026","635.00","635.00","635.00","635.00","327.00K","0.00%"
"01/22/2026","635.00","635.00","635.00","635.00","266.51K","0.00%"
"01/21/2026","635.00","635.00","635.00","635.00","390.86K","0.00%"
"01/20/2026","635.00","635.00","635.00","635.00","298.88K","0.00%"
"01/19/2026","635.00","635.00","635.00","635.00","651.57K","0.00%"
"01/16/2026","635.00","635.00","635.00","635.00","615.72K","0.00%"
"01/15/2026","635.00","635.00","635.00","635.00","699.19K","0.00%"
"01/14/2026","635.00","635.00","635.00","635.00","1.51M","0.00%"
"01/13/2026","635.00","635.00","635.00","635.00","711.64K","0.00%"
"01/12/2026","635.00","635.00","635.00","635.00","1.01M","0.00%"
"01/09/2026","635.00","635.00","635.00","635.00","1.31M","0.00%"
"01/08/2026","635.00","635.00","635.00","635.00","970.04K","0.00%"
"01/07/2026","635.00","635.00","635.00","635.00","1.07M","0.00%"
"01/06/2026","635.00","609.00","635.00","635.00","1.95M","4.27%"
"01/05/2026","609.00","609.00","609.00","609.00","425.63K","0.00%"
"01/02/2026","609.00","609.00","609.00","609.00","170.78K","0.00%"
"12/31/2025","609.00","609.00","609.00","609.00","290.55K","0.00%"
"12/30/2025","609.00","609.00","609.00","609.00","599.94K","0.00%"
"12/29/2025","609.00","609.00","609.00","609.00","370.51K","0.00%"
"12/24/2025","609.00","610.00","609.00","609.00","613.28K","-0.16%"
"12/23/2025","610.00","610.00","610.00","610.00","338.20K","0.00%"
"12/22/2025","610.00","610.00","610.00","610.00","989.67K","0.00%"
"12/19/2025","610.00","614.90","610.00","610.00","1.02M","-0.80%"
"12/18/2025","614.90","614.90","614.90","614.90","517.76K","0.00%"
"12/17/2025","614.90","614.90","614.90","614.90","1.05M","0.00%"
"12/16/2025","614.90","614.90","614.90","614.90","352.47K","0.00%"
"12/15/2025","614.90","614.90","614.90","614.90","506.27K","0.00%"
"12/12/2025","614.90","614.90","614.90","614.90","573.94K","0.00%"
"12/11/2025","614.90","614.90","614.90","614.90","281.94K","0.00%"
"12/10/2025","614.90","614.90","614.90","614.90","959.43K","0.00%"
"12/09/2025","614.90","614.90","614.90","614.90","738.17K","0.00%"
"12/08/2025","614.90","614.90","614.90","614.90","533.35K","0.00%"
"12/05/2025","614.90","588.00","614.90","614.90","239.47K","4.57%"
"12/04/2025","588.00","588.00","588.00","588.00","213.91K","0.00%"
"12/03/2025","588.00","588.00","588.00","588.00","165.48K","0.00%"
"12/02/2025","588.00","534.60","588.00","588.00","713.13K","9.99%"
"12/01/2025","534.60","534.60","534.60","534.60","312.33K","0.00%"
"11/28/2025","534.60","534.60","534.60","534.60","436.55K","0.00%"
"11/27/2025","534.60","534.60","534.60","534.60","545.73K","0.00%"
"11/26/2025","534.60","534.60","534.60","534.60","132.89K","0.00%"
"11/25/2025","534.60","534.60","534.60","534.60","243.83K","0.00%"
"11/24/2025","534.60","534.60","534.60","534.60","402.92K","0.00%"
"11/21/2025","534.60","534.60","534.60","534.60","208.96K","0.00%"
"11/20/2025","534.60","534.60","534.60","534.60","225.12K","0.00%"
"11/19/2025","534.60","534.60","534.60","534.60","320.28K","0.00%"
"11/18/2025","534.60","534.60","534.60","534.60","126.73K","0.00%"
"11/17/2025","534.60","594.00","534.60","534.60","537.17K","-10.00%"
"11/14/2025","594.00","594.00","594.00","594.00","343.19K","0.00%"
"11/13/2025","594.00","594.00","594.00","594.00","3.38M","0.00%"
"11/12/2025","594.00","594.00","594.00","594.00","2.13M","0.00%"
"11/11/2025","594.00","660.00","600.00","594.00","1.77M","-10.00%"
"11/10/2025","660.00","660.00","660.00","660.00","3.63M","0.00%"
"11/07/2025","660.00","660.00","660.00","660.00","1.77M","0.00%"
"11/06/2025","660.00","660.00","660.00","660.00","2.52M","0.00%"
"11/05/2025","660.00","660.00","660.00","660.00","211.30K","0.00%"
"11/04/2025","660.00","660.00","660.00","660.00","129.20K","0.00%"
"11/03/2025","660.00","660.00","660.00","660.00","109.33K","0.00%"
"10/31/2025","660.00","660.00","660.00","660.00","583.99K","0.00%"
"10/30/2025","660.00","660.00","660.00","660.00","411.13K","0.00%"
"10/29/2025","660.00","665.00","660.00","660.00","398.65K","-0.75%"
"10/28/2025","665.00","665.00","665.00","665.00","7.54M","0.00%"
"10/27/2025","665.00","665.00","665.00","665.00","2.52M","0.00%"
"10/24/2025","665.00","649.30","665.00","665.00","1.21M","2.42%"
"10/23/2025","649.30","639.00","649.30","640.00","886.82K","1.61%"
"10/22/2025","639.00","600.00","639.00","639.00","847.59K","6.50%"
"10/21/2025","600.00","600.00","656.00","600.00","3.40M","0.00%"
"10/20/2025","600.00","600.00","600.00","600.00","3.36M","0.00%"
"10/17/2025","600.00","599.80","600.00","600.00","4.40M","0.03%"
"10/16/2025","599.80","585.60","599.80","599.80","1.70M","2.42%"
"10/15/2025","585.60","585.60","585.60","585.60","336.90K","0.00%"
"10/14/2025","585.60","585.00","585.60","585.30","4.01M","0.10%"
"10/13/2025","585.00","575.00","585.00","585.00","1.36M","1.74%"
"10/10/2025","575.00","540.00","575.00","575.00","2.02M","6.48%"
"10/09/2025","540.00","530.00","540.00","540.00","20.92M","1.89%"
"10/08/2025","530.00","530.00","530.00","530.00","482.68K","0.00%"
"10/07/2025","530.00","525.10","530.00","527.00","2.98M","0.93%"
"10/06/2025","525.10","525.10","525.10","525.10","459.90K","0.00%"
"10/03/2025","525.10","525.10","525.10","525.10","314.52K","0.00%"
"10/02/2025","525.10","525.10","525.10","525.10","181.54K","0.00%"
"09/30/2025","525.10","525.10","525.10","525.10","83.99K","0.00%"
"09/29/2025","525.10","525.10","525.10","525.10","158.53K","0.00%"
"09/26/2025","525.10","516.20","525.10","525.10","928.47K","1.72%"
"09/25/2025","516.20","516.20","516.20","516.20","288.63K","0.00%"
"09/24/2025","516.20","516.20","516.20","516.20","284.53K","0.00%"
"09/23/2025","516.20","516.20","516.20","516.20","105.61K","0.00%"
"09/22/2025","516.20","516.20","516.20","516.20","204.11K","0.00%"
"09/19/2025","516.20","516.20","516.20","516.20","551.03K","0.00%"
"09/18/2025","516.20","516.20","516.20","516.20","149.98K","0.00%"
"09/17/2025","516.20","511.20","516.20","516.00","3.01M","0.98%"
"09/16/2025","511.20","511.20","511.20","511.20","410.81K","0.00%"
"09/15/2025","511.20","511.20","511.20","511.20","389.75K","0.00%"
"09/12/2025","511.20","528.00","511.20","511.20","1.05M","-3.18%"
"09/11/2025","528.00","528.00","528.00","528.00","809.94K","0.00%"
"09/10/2025","528.00","520.20","528.00","528.00","1.33M","1.50%"
"09/09/2025","520.20","520.20","520.20","520.20","93.30K","0.00%"
"09/08/2025","520.20","520.20","520.20","520.20","124.08K","0.00%"
"09/04/2025","520.20","520.20","520.20","520.20","198.46K","0.00%"
"09/03/2025","520.20","520.20","520.20","520.20","1.47M","0.00%"
"09/02/2025","520.20","520.20","520.20","520.20","710.83K","0.00%"
"09/01/2025","520.20","520.20","520.20","520.20","181.77K","0.00%"
"08/29/2025","520.20","520.20","520.20","520.20","187.33K","0.00%"
"08/28/2025","520.20","520.00","520.20","520.20","799.32K","0.04%"
"08/27/2025","520.00","520.00","520.00","520.00","317.17K","0.00%"
"08/26/2025","520.00","520.00","520.00","520.00","306.28K","0.00%"
"08/25/2025","520.00","520.00","520.00","520.00","111.46K","0.00%"
"08/22/2025","520.00","520.00","520.00","520.00","311.11K","0.00%"
"08/21/2025","520.00","520.00","520.00","520.00","756.44K","0.00%"
"08/20/2025","520.00","520.00","520.00","520.00","565.38K","0.00%"
"08/19/2025","520.00","577.00","520.00","520.00","2.60M","-9.88%"
"08/18/2025","577.00","577.00","577.00","577.00","459.20K","0.00%"
"08/15/2025","577.00","577.00","577.00","577.00","133.37K","0.00%"
"08/14/2025","577.00","577.00","577.00","577.00","179.03K","0.00%"
"08/13/2025","577.00","577.00","577.00","577.00","791.37K","0.00%"
"08/12/2025","577.00","577.00","577.00","577.00","4.44M","0.00%"
"08/11/2025","577.00","577.00","577.00","577.00","1.52M","0.00%"
"08/08/2025","577.00","577.00","577.00","577.00","13.64M","0.00%"
"08/07/2025","577.00","577.00","577.00","577.00","5.18M","0.00%"
"08/06/2025","577.00","577.00","577.00","577.00","2.72M","0.00%"
"08/05/2025","577.00","577.00","577.00","577.00","1.09M","0.00%"
"08/04/2025","577.00","528.30","577.00","540.00","2.90M","9.22%"
"08/01/2025","528.30","528.30","528.30","528.30","689.62K","0.00%"
"07/31/2025","528.30","509.60","528.30","510.90","5.58M","3.67%"
"07/30/2025","509.60","509.60","509.60","509.60","3.59M","0.00%"
"07/29/2025","509.60","494.50","509.60","509.00","2.47M","3.05%"
"07/28/2025","494.50","493.00","500.00","494.50","3.00M","0.30%"
"07/25/2025","493.00","490.00","493.00","493.00","1.19M","0.61%"
"07/24/2025","490.00","490.00","490.00","490.00","986.55K","0.00%"
"07/23/2025","490.00","489.00","490.00","490.00","2.66M","0.20%"
"07/22/2025","489.00","489.00","489.00","489.00","2.62M","0.00%"
"07/21/2025","489.00","495.00","489.00","486.00","2.46M","-1.21%"
"07/18/2025","495.00","473.30","495.00","495.00","2.27M","4.58%"
"07/17/2025","473.30","430.30","473.30","430.50","4.53M","9.99%"
"07/16/2025","430.30","430.00","430.30","430.30","2.41M","0.07%"
"07/14/2025","430.00","425.00","430.00","430.00","2.46M","1.18%"
"07/11/2025","425.00","425.00","425.00","425.00","4.04M","0.00%"
"07/10/2025","425.00","425.00","425.00","425.00","1.58M","0.00%"
"07/09/2025","425.00","425.00","425.00","425.00","1.28M","0.00%"
"07/08/2025","425.00","425.00","425.00","425.00","1.04M","0.00%"
"07/07/2025","425.00","425.00","425.00","425.00","889.64K","0.00%"
"07/04/2025","425.00","425.00","425.00","425.00","316.63K","0.00%"
"07/03/2025","425.00","425.00","425.00","425.00","172.62K","0.00%"
"07/02/2025","425.00","425.00","425.00","425.00","284.98K","0.00%"
"07/01/2025","425.00","440.00","425.00","425.00","729.83K","-3.41%"
"06/30/2025","440.00","440.00","440.00","440.00","244.68K","0.00%"
"06/27/2025","440.00","440.00","440.00","440.00","562.51K","0.00%"
"06/26/2025","440.00","440.00","440.00","440.00","413.25K","0.00%"
"06/25/2025","440.00","440.00","440.00","440.00","718.64K","0.00%"
"06/24/2025","440.00","440.00","440.00","440.00","678.76K","0.00%"
"06/23/2025","440.00","440.00","440.00","440.00","318.53K","0.00%"
"06/20/2025","440.00","440.00","440.00","440.00","186.18K","0.00%"
"06/19/2025","440.00","440.00","440.00","440.00","2.28M","0.00%"
"06/18/2025","440.00","438.90","440.00","440.00","2.62M","0.25%"
"06/17/2025","438.90","438.90","438.90","438.90","482.89K","0.00%"
"06/16/2025","438.90","438.90","438.90","438.90","646.93K","0.00%"
"06/13/2025","438.90","438.90","438.90","438.90","236.12K","0.00%"
"06/11/2025","438.90","420.00","438.90","430.00","572.36K","4.50%"
"06/10/2025","420.00","420.00","420.00","420.00","666.89K","-6.67%"
"06/05/2025","450.00","450.00","450.00","450.00","928.33K","0.00%"
"06/04/2025","450.00","450.00","450.00","450.00","617.87K","0.00%"
"06/03/2025","450.00","440.00","450.00","450.00","714.30K","2.27%"
"06/02/2025","440.00","440.00","440.00","440.00","226.16K","0.00%"
"05/30/2025","440.00","440.00","440.00","440.00","400.10K","0.00%"
"05/29/2025","440.00","440.00","440.00","440.00","358.94K","0.00%"
"05/28/2025","440.00","440.00","440.00","440.00","523.56K","0.00%"
"05/27/2025","440.00","440.00","440.00","440.00","337.55K","0.00%"
"05/26/2025","440.00","440.00","440.00","440.00","291.08K","0.00%"
"05/23/2025","440.00","440.00","440.00","440.00","454.76K","0.00%"
"05/22/2025","440.00","440.00","440.00","440.00","220.22K","0.00%"
"05/21/2025","440.00","440.00","440.00","440.00","220.76K","0.00%"
"05/20/2025","440.00","440.00","440.00","440.00","315.51K","0.00%"
"05/19/2025","440.00","440.00","440.00","440.00","158.10K","0.00%"
"05/16/2025","440.00","440.00","440.00","440.00","342.50K","0.00%"
"05/15/2025","440.00","440.00","440.00","440.00","553.16K","0.00%"
"05/14/2025","440.00","440.00","440.00","440.00","401.00K","0.00%"
"05/13/2025","440.00","440.00","440.00","440.00","230.11K","0.00%"
"05/12/2025","440.00","440.00","440.00","440.00","289.15K","0.00%"
"05/09/2025","440.00","440.00","440.00","440.00","1.10M","0.00%"
"05/08/2025","440.00","432.00","440.00","440.00","1.76M","1.85%"
"05/07/2025","432.00","432.00","432.00","432.00","232.15K","0.00%"
"05/06/2025","432.00","432.00","432.00","432.00","387.97K","0.00%"
"05/05/2025","432.00","432.00","432.00","432.00","349.17K","0.00%"
"05/02/2025","432.00","432.00","432.00","432.00","478.56K","0.00%"
"04/30/2025","432.00","432.00","432.00","432.00","209.28K","0.00%"
"04/29/2025","432.00","432.00","432.00","432.00","459.33K","0.00%"
"04/28/2025","432.00","432.00","432.00","432.00","604.07K","0.00%"
"04/25/2025","432.00","435.00","435.00","432.00","1.45M","-10.00%"
"04/24/2025","480.00","480.00","480.00","480.00","87.33K","0.00%"
"04/23/2025","480.00","480.00","480.00","480.00","75.21K","0.00%"
"04/22/2025","480.00","480.00","480.00","480.00","33.69K","0.00%"
"04/17/2025","480.00","480.00","480.00","480.00","30.40K","0.00%"
"04/16/2025","480.00","480.00","480.00","480.00","53.76K","0.00%"
"04/15/2025","480.00","480.00","480.00","480.00","25.38K","0.00%"
"04/14/2025","480.00","480.00","480.00","480.00","35.37K","0.00%"
"04/11/2025","480.00","480.00","480.00","480.00","48.73K","0.00%"
"04/10/2025","480.00","480.00","480.00","480.00","45.83K","0.00%"
"04/09/2025","480.00","480.00","480.00","480.00","44.90K","0.00%"
"04/08/2025","480.00","480.00","480.00","480.00","56.08K","0.00%"
"04/07/2025","480.00","480.00","480.00","480.00","42.95K","0.00%"
"04/04/2025","480.00","480.00","480.00","480.00","31.92K","0.00%"
"04/03/2025","480.00","480.00","480.00","480.00","154.49K","0.00%"
"04/02/2025","480.00","480.00","480.00","480.00","42.53K","0.00%"
"03/28/2025","480.00","480.00","480.00","480.00","13.89K","0.00%"
"03/27/2025","480.00","480.00","480.00","480.00","80.62K","0.00%"
"03/26/2025","480.00","480.00","480.00","480.00","74.88K","0.00%"
"03/25/2025","480.00","480.00","480.00","480.00","76.07K","0.00%"
"03/24/2025","480.00","480.00","480.00","480.00","44.80K","0.00%"
"03/21/2025","480.00","480.00","480.00","480.00","28.62K","0.00%"
"03/20/2025","480.00","480.00","480.00","480.00","115.30K","0.00%"
"03/19/2025","480.00","480.00","480.00","480.00","34.56K","0.00%"
"03/18/2025","480.00","480.00","480.00","480.00","72.62K","0.00%"
"03/17/2025","480.00","480.00","480.00","480.00","32.69K","0.00%"
"03/14/2025","480.00","480.00","480.00","480.00","162.84K","0.00%"
"03/13/2025","480.00","480.00","480.00","480.00","101.40K","0.00%"
"03/12/2025","480.00","480.00","480.00","480.00","421.76K","0.00%"
"03/11/2025","480.00","480.00","480.00","480.00","64.12K","0.00%"
"03/10/2025","480.00","480.00","480.00","480.00","150.94K","0.00%"
"03/07/2025","480.00","480.00","480.00","480.00","129.84K","0.00%"
"03/06/2025","480.00","480.00","480.00","480.00","139.18K","0.00%"
"03/05/2025","480.00","480.00","480.00","480.00","80.71K","0.00%"
"03/04/2025","480.00","480.00","480.00","480.00","119.58K","0.00%"
"03/03/2025","480.00","480.00","480.00","480.00","708.04K","0.00%"
"02/28/2025","480.00","480.00","480.00","480.00","41.16K","0.00%"
"02/27/2025","480.00","480.00","480.00","480.00","95.36K","0.00%"
"02/26/2025","480.00","480.00","480.00","480.00","293.56K","0.00%"
"02/25/2025","480.00","480.00","480.00","480.00","333.59K","0.00%"
"02/24/2025","480.00","480.00","480.00","480.00","410.04K","0.00%"
"02/21/2025","480.00","480.00","480.00","480.00","359.33K","0.00%"
"02/20/2025","480.00","480.00","480.00","480.00","340.32K","0.00%"
"02/19/2025","480.00","480.00","480.00","480.00","370.46K","0.00%"
"02/18/2025","480.00","480.00","480.00","480.00","319.75K","0.00%"
"02/17/2025","480.00","480.00","480.00","480.00","787.94K","0.00%"
"02/14/2025","480.00","474.10","489.00","480.00","5.06M","1.24%"
"02/13/2025","474.10","431.00","474.10","470.00","1.04M","10.00%"
"02/12/2025","431.00","414.90","431.00","431.00","1.11M","3.88%"
"02/11/2025","414.90","394.00","414.90","414.90","1.12M","5.30%"
"02/10/2025","394.00","394.00","394.00","394.00","496.01K","0.00%"
"02/07/2025","394.00","394.00","394.00","394.00","452.35K","0.00%"
"02/06/2025","394.00","394.00","394.00","394.00","508.06K","0.00%"
"02/05/2025","394.00","394.00","394.00","394.00","799.85K","0.00%"
"02/04/2025","394.00","394.00","394.00","394.00","477.93K","0.00%"
"02/03/2025","394.00","394.00","394.00","394.00","160.49K","0.00%"
"01/31/2025","394.00","394.00","394.00","394.00","1.02M","0.00%"
"01/30/2025","394.00","385.00","394.00","385.00","1.27M","2.34%"
"01/29/2025","385.00","385.00","385.00","385.00","453.29K","0.00%"
"01/28/2025","385.00","400.00","385.00","385.00","1.27M","-3.75%"
"01/27/2025","400.00","400.00","400.00","400.00","443.45K","0.00%"
"01/24/2025","400.00","400.00","400.00","400.00","695.52K","0.00%"
"01/23/2025","400.00","400.00","400.00","400.00","661.22K","0.00%"
"01/22/2025","400.00","400.00","400.00","400.00","1.12M","0.00%"
"01/21/2025","400.00","400.00","400.00","400.00","471.69K","0.00%"
"01/20/2025","400.00","400.00","400.00","400.00","213.18K","0.00%"
"01/17/2025","400.00","400.00","400.00","400.00","749.52K","0.00%"
"01/16/2025","400.00","387.90","400.00","349.20","6.64M","3.12%"
"01/15/2025","387.90","431.00","387.90","387.90","932.12K","-10.00%"
"01/14/2025","431.00","478.80","431.00","431.00","170.82K","-9.98%"
"01/13/2025","478.80","478.80","478.80","478.80","78.13K","0.00%"
"01/10/2025","478.80","478.80","478.80","478.80","197.31K","0.00%"
"01/09/2025","478.80","478.80","478.80","478.80","217.31K","0.00%"
"01/08/2025","478.80","478.80","478.80","478.80","65.91K","0.00%"
"01/07/2025","478.80","478.80","478.80","478.80","53.53K","0.00%"
"01/06/2025","478.80","478.80","478.80","478.80","59.25K","0.00%"
"01/03/2025","478.80","478.80","478.80","478.80","37.70K","0.00%"
"01/02/2025","478.80","478.80","478.80","478.80","29.83K","0.00%"
"12/31/2024","478.80","478.80","478.80","478.80","18.28K","0.00%"
"12/30/2024","478.80","478.80","478.80","478.80","222.45K","0.00%"
"12/27/2024","478.80","478.80","478.80","478.80","42.38K","0.00%"
"12/24/2024","478.80","478.80","478.80","478.80","30.49K","0.00%"
"12/23/2024","478.80","478.80","478.80","478.80","57.98K","0.00%"
"12/20/2024","478.80","478.80","478.80","478.80","116.49K","0.00%"
"12/19/2024","478.80","478.80","478.80","478.80","5.35M","0.00%"
"12/18/2024","478.80","478.80","478.80","478.80","217.67K","0.00%"
"12/17/2024","478.80","478.80","478.80","478.80","61.23K","0.00%"
"12/16/2024","478.80","478.80","478.80","478.80","24.92K","0.00%"
"12/13/2024","478.80","478.80","478.80","478.80","35.97K","0.00%"
"12/12/2024","478.80","478.80","478.80","478.80","13.69K","0.00%"
"12/11/2024","478.80","478.80","478.80","478.80","8.89K","0.00%"
"12/10/2024","478.80","478.80","478.80","478.80","11.44K","0.00%"
"12/09/2024","478.80","478.80","478.80","478.80","33.73K","0.00%"
"12/06/2024","478.80","478.80","478.80","478.80","6.54K","0.00%"
"12/05/2024","478.80","478.80","478.80","478.80","4.03K","0.00%"
"12/04/2024","478.80","478.80","478.80","478.80","11.46K","0.00%"
"12/03/2024","478.80","478.80","478.80","478.80","45.08K","0.00%"
"12/02/2024","478.80","478.80","478.80","478.80","11.80K","0.00%"
"11/29/2024","478.80","478.80","478.80","478.80","67.62K","0.00%"
"11/28/2024","478.80","478.80","478.80","478.80","36.88K","0.00%"
"11/27/2024","478.80","478.80","478.80","478.80","3.78K","0.00%"
"11/26/2024","478.80","478.80","478.80","478.80","24.12K","0.00%"
"11/25/2024","478.80","478.80","478.80","478.80","68.03K","0.00%"
"11/22/2024","478.80","478.80","478.80","478.80","22.92K","0.00%"
"11/21/2024","478.80","478.80","478.80","478.80","58.24K","0.00%"
"11/20/2024","478.80","478.80","478.80","478.80","91.37K","0.00%"
"11/19/2024","478.80","478.80","478.80","478.80","114.58K","0.00%"
"11/18/2024","478.80","478.80","478.80","478.80","14.47K","0.00%"
"11/15/2024","478.80","478.80","478.80","478.80","98.37K","0.00%"
"11/14/2024","478.80","478.80","478.80","478.80","104.02K","0.00%"
"11/13/2024","478.80","478.80","478.80","478.80","13.46K","0.00%"
"11/12/2024","478.80","478.80","478.80","478.80","4.83K","0.00%"
"11/11/2024","478.80","478.80","478.80","478.80","4.85K","0.00%"
"11/08/2024","478.80","478.80","478.80","478.80","10.97K","0.00%"
"11/07/2024","478.80","478.80","478.80","478.80","10.19K","0.00%"
"11/06/2024","478.80","478.80","478.80","478.80","8.20K","0.00%"
"11/05/2024","478.80","478.80","478.80","478.80","12.15K","0.00%"
"11/04/2024","478.80","478.80","478.80","478.80","33.75K","0.00%"
"11/01/2024","478.80","478.80","478.80","478.80","34.43K","0.00%"
"10/31/2024","478.80","478.80","478.80","478.80","32.31K","0.00%"
"10/30/2024","478.80","478.80","478.80","478.80","7.22K","0.00%"
"10/29/2024","478.80","478.80","478.80","478.80","9.35K","0.00%"
"10/28/2024","478.80","478.80","478.80","478.80","17.72K","0.00%"
"10/25/2024","478.80","478.80","478.80","478.80","21.77K","0.00%"
"10/24/2024","478.80","478.80","478.80","478.80","23.70K","0.00%"
"10/23/2024","478.80","478.80","478.80","478.80","17.55K","0.00%"
"10/22/2024","478.80","478.80","478.80","478.80","8.95K","0.00%"
"10/21/2024","478.80","478.80","478.80","478.80","16.74K","0.00%"
"10/18/2024","478.80","478.80","478.80","478.80","2.09K","0.00%"
"10/17/2024","478.80","478.80","478.80","478.80","2.24K","0.00%"
"10/16/2024","478.80","478.80","478.80","478.80","6.67K","0.00%"
"10/15/2024","478.80","478.80","478.80","478.80","9.79K","0.00%"
"10/14/2024","478.80","478.80","478.80","478.80","17.74K","0.00%"
"10/11/2024","478.80","478.80","478.80","478.80","10.08K","0.00%"
"10/10/2024","478.80","478.80","478.80","478.80","10.32K","0.00%"
"10/09/2024","478.80","478.80","478.80","478.80","15.02K","0.00%"
"10/08/2024","478.80","478.80","478.80","478.80","14.95K","0.00%"
"10/07/2024","478.80","478.80","478.80","478.80","39.15K","0.00%"
"10/04/2024","478.80","478.80","478.80","478.80","340.32K","0.00%"
"10/03/2024","478.80","532.00","478.80","478.80","154.50K","-10.00%"
"10/02/2024","532.00","532.00","532.00","532.00","182.38K","0.00%"
"09/30/2024","532.00","532.00","532.00","532.00","3.58K","0.00%"
"09/27/2024","532.00","532.00","532.00","532.00","124.43K","0.00%"
"09/26/2024","532.00","532.00","532.00","532.00","67.31K","0.00%"
"09/25/2024","532.00","532.00","532.00","532.00","18.01K","0.00%"
"09/24/2024","532.00","532.00","532.00","532.00","28.87K","0.00%"
"09/23/2024","532.00","532.00","532.00","532.00","28.50K","0.00%"
"09/20/2024","532.00","532.00","532.00","532.00","23.28K","0.00%"
"09/19/2024","532.00","532.00","532.00","532.00","6.03K","0.00%"
"09/18/2024","532.00","532.00","532.00","532.00","52.58K","0.00%"
"09/17/2024","532.00","532.00","532.00","532.00","30.47K","0.00%"
"09/13/2024","532.00","532.00","532.00","532.00","105.86K","0.00%"
"09/12/2024","532.00","532.00","532.00","532.00","90.89K","0.00%"
"09/11/2024","532.00","532.00","532.00","532.00","82.17K","0.00%"
"09/10/2024","532.00","532.00","532.00","532.00","16.47K","0.00%"
"09/09/2024","532.00","532.00","532.00","532.00","18.58K","0.00%"
"09/06/2024","532.00","532.00","532.00","532.00","23.93K","0.00%"
"09/05/2024","532.00","532.00","532.00","532.00","23.79K","0.00%"
"09/04/2024","532.00","532.00","532.00","532.00","6.88K","0.00%"
"09/03/2024","532.00","532.00","532.00","532.00","5.06K","0.00%"
"09/02/2024","532.00","532.00","532.00","532.00","33.71K","0.00%"
"08/30/2024","532.00","532.00","532.00","532.00","30.70K","0.00%"
"08/29/2024","532.00","532.00","532.00","532.00","22.86K","0.00%"
"08/28/2024","532.00","532.00","532.00","532.00","42.97K","0.00%"
"08/27/2024","532.00","532.00","532.00","532.00","36.64K","0.00%"
"08/26/2024","532.00","532.00","532.00","532.00","35.23K","0.00%"
"08/23/2024","532.00","532.00","532.00","532.00","11.08K","0.00%"
"08/22/2024","532.00","532.00","532.00","532.00","6.75K","0.00%"
"08/21/2024","532.00","532.00","532.00","532.00","11.71K","0.00%"
"08/20/2024","532.00","532.00","532.00","532.00","87.73K","0.00%"
"08/19/2024","532.00","591.10","532.00","532.00","246.25K","-10.00%"
"08/16/2024","591.10","591.10","591.10","591.10","11.86K","0.00%"
"08/15/2024","591.10","591.10","591.10","591.10","2.29K","0.00%"
"08/14/2024","591.10","591.10","591.10","591.10","26.24K","0.00%"
"08/13/2024","591.10","591.10","591.10","591.10","6.55K","0.00%"
"08/12/2024","591.10","591.10","591.10","591.10","10.75K","0.00%"
"08/09/2024","591.10","591.10","591.10","591.10","3.55K","0.00%"
"08/08/2024","591.10","591.10","591.10","591.10","6.97K","0.00%"
"08/07/2024","591.10","591.10","591.10","591.10","29.56K","0.00%"
"08/06/2024","591.10","591.10","591.10","591.10","67.52K","0.00%"
"08/05/2024","591.10","591.10","591.10","532.00","11.72K","0.00%"
"08/02/2024","591.10","591.10","591.10","532.00","33.72K","0.00%"
"08/01/2024","591.10","591.10","591.10","532.00","6.60K","0.00%"
"07/31/2024","591.10","591.10","591.10","532.00","6.77K","0.00%"
"07/30/2024","591.10","591.10","540.00","532.00","74.72K","0.00%"
"07/29/2024","591.10","591.10","532.00","532.00","84.57K","0.00%"
"07/26/2024","591.10","656.70","591.10","591.10","498.30K","-9.99%"
"07/25/2024","656.70","656.70","591.10","591.10","91.03K","0.00%"
"07/24/2024","656.70","656.70","591.10","591.10","92.65K","0.00%"
"07/23/2024","656.70","656.70","591.10","591.10","110.86K","0.00%"
"07/22/2024","656.70","656.70","591.10","591.10","4.88K","0.00%"
"07/19/2024","656.70","656.70","591.10","591.10","3.42K","0.00%"
"07/18/2024","656.70","656.70","591.10","591.10","20.67K","0.00%"
"07/17/2024","656.70","656.70","591.10","591.10","6.60K","0.00%"
"07/16/2024","656.70","656.70","591.10","591.10","24.56K","0.00%"
"07/15/2024","656.70","656.70","591.10","591.10","59.67K","0.00%"
"07/12/2024","656.70","656.70","591.10","591.10","57.08K","0.00%"
"07/11/2024","656.70","656.70","591.10","591.10","120.45K","0.00%"
"07/10/2024","656.70","656.70","591.10","591.10","8.56K","0.00%"
"07/09/2024","656.70","656.70","591.10","591.10","10.26K","0.00%"
"07/08/2024","656.70","656.70","591.10","591.10","29.02K","0.00%"
"07/05/2024","656.70","656.70","591.10","591.10","4.32K","0.00%"
"07/04/2024","656.70","656.70","591.10","591.10","6.90K","0.00%"
"07/03/2024","656.70","656.70","591.10","591.10","8.43K","0.00%"
"07/02/2024","656.70","656.70","591.10","591.10","5.48K","0.00%"
"07/01/2024","656.70","656.70","591.10","591.10","20.25K","0.00%"
"06/28/2024","656.70","656.70","591.10","591.10","11.06K","0.00%"
"06/27/2024","656.70","656.70","591.10","591.10","203.96K","0.00%"
"06/26/2024","656.70","656.70","591.10","591.10","4.72K","0.00%"
"06/25/2024","656.70","656.70","591.10","591.10","4.20K","0.00%"
"06/24/2024","656.70","656.70","591.10","591.10","5.28K","0.00%"
"06/21/2024","656.70","656.70","591.10","591.10","5.60K","0.00%"
"06/20/2024","656.70","656.70","591.10","591.10","8.13K","0.00%"
"06/19/2024","656.70","656.70","591.10","591.10","60.00K","0.00%"
"06/14/2024","656.70","656.70","591.10","591.10","6.60K","0.00%"
"06/13/2024","656.70","656.70","591.10","591.10","19.40K","0.00%"
"06/11/2024","656.70","656.70","591.10","591.10","17.04K","0.00%"
"06/10/2024","656.70","656.70","591.10","591.10","12.89K","0.00%"
"06/07/2024","656.70","656.70","591.10","591.10","9.58K","0.00%"
"06/06/2024","656.70","656.70","591.10","591.10","16.17K","0.00%"
"06/05/2024","656.70","656.70","591.10","591.10","10.12K","0.00%"
"06/04/2024","656.70","656.70","591.10","591.10","7.29K","0.00%"
"06/03/2024","656.70","656.70","591.10","591.10","12.66K","0.00%"
"05/31/2024","656.70","656.70","591.10","591.10","28.28K","0.00%"
"05/30/2024","656.70","656.70","591.10","591.10","6.50K","0.00%"
"05/29/2024","656.70","656.70","591.10","591.10","4.21K","0.00%"
"05/28/2024","656.70","656.70","591.10","591.10","4.52K","0.00%"
"05/27/2024","656.70","656.70","591.50","591.10","6.66K","0.00%"
"05/24/2024","656.70","656.70","591.10","591.10","4.49K","0.00%"
"05/23/2024","656.70","656.70","591.10","591.10","17.40K","0.00%"
"05/22/2024","656.70","656.70","591.10","591.10","10.24K","0.00%"
"05/21/2024","656.70","656.70","591.10","591.10","12.21K","0.00%"
"05/20/2024","656.70","656.70","591.10","591.10","15.80K","0.00%"
"05/17/2024","656.70","656.70","591.10","591.10","4.36K","0.00%"
"05/16/2024","656.70","656.70","591.10","591.10","3.54K","0.00%"
"05/15/2024","656.70","656.70","591.10","591.10","2.56K","0.00%"
"05/14/2024","656.70","656.70","591.10","591.10","9.09K","0.00%"
"05/13/2024","656.70","656.70","591.10","591.10","6.28K","0.00%"
"05/10/2024","656.70","656.70","591.10","591.10","5.39K","0.00%"
"05/09/2024","656.70","656.70","591.10","591.10","17.97K","0.00%"
"05/08/2024","656.70","656.70","591.10","591.10","8.01K","0.00%"
"05/07/2024","656.70","656.70","591.10","591.10","4.46K","0.00%"
"05/06/2024","656.70","656.70","591.10","591.10","2.36K","0.00%"
"05/03/2024","656.70","656.70","591.10","591.10","17.65K","0.00%"
"05/02/2024","656.70","656.70","591.10","591.10","8.95K","0.00%"
"04/30/2024","656.70","656.70","591.10","591.10","3.41K","0.00%"
"04/29/2024","656.70","656.70","591.10","591.10","10.66K","0.00%"
"04/26/2024","656.70","656.70","591.10","591.10","10.59K","0.00%"
"04/25/2024","656.70","656.70","595.00","591.10","3.79K","0.00%"
"04/24/2024","656.70","656.70","591.10","591.10","11.35K","0.00%"
"04/23/2024","656.70","656.70","591.10","591.10","1.02K","0.00%"
"04/22/2024","656.70","656.70","591.10","591.10","9.69K","0.00%"
"04/19/2024","656.70","656.70","591.10","591.10","3.06K","0.00%"
"04/18/2024","656.70","656.70","591.10","591.10","3.00K","0.00%"
"04/17/2024","656.70","656.70","591.10","591.10","1.92K","0.00%"
"04/16/2024","656.70","656.70","591.10","591.10","13.08K","-4.37%"
"04/15/2024","686.70","686.70","618.10","618.10","925.62K","0.00%"
"04/12/2024","686.70","686.70","618.10","618.10","82.14K","0.00%"
"04/08/2024","686.70","686.70","618.10","618.10","4.24K","0.00%"
"04/05/2024","686.70","686.70","618.10","618.10","11.57K","0.00%"
"04/04/2024","686.70","686.70","618.10","618.10","55.71K","0.00%"
"04/03/2024","686.70","686.70","618.10","618.10","58.48K","0.00%"
"04/02/2024","686.70","686.70","618.10","618.10","21.82K","0.00%"
"03/28/2024","686.70","686.70","620.00","618.10","4.93K","0.00%"
"03/27/2024","686.70","686.70","686.70","686.70","6.60K","0.00%"
"03/26/2024","686.70","686.70","686.70","686.70","5.44K","0.00%"
"03/25/2024","686.70","686.70","686.70","686.70","53.65K","0.00%"
"03/22/2024","686.70","686.70","686.70","686.70","6.16K","0.00%"
"03/21/2024","686.70","686.70","686.70","686.70","3.91K","0.00%"
"03/20/2024","686.70","686.70","686.70","686.70","0.68K","0.00%"
"03/19/2024","686.70","686.70","686.70","686.70","3.54K","0.00%"
"03/18/2024","686.70","686.70","686.70","686.70","36.42K","0.00%"
"03/15/2024","686.70","686.70","686.70","686.70","17.32K","0.00%"
"03/14/2024","686.70","686.70","686.70","686.70","4.21K","0.00%"
"03/13/2024","686.70","686.70","686.70","686.70","54.27K","0.00%"
"03/12/2024","686.70","686.70","686.70","686.70","7.11K","0.00%"
"03/11/2024","686.70","686.70","686.70","686.70","140.62K","0.00%"
"03/08/2024","686.70","686.70","686.70","686.70","187.92K","0.00%"
"03/07/2024","686.70","686.70","686.70","686.70","6.85M","0.00%"
"03/06/2024","686.70","686.70","686.70","686.70","86.41K","0.00%"
"03/05/2024","686.70","686.70","686.70","686.70","226.11K","0.00%"
"03/04/2024","686.70","686.70","686.70","686.70","33.44K","0.00%"
"03/01/2024","686.70","686.70","686.70","686.70","30.99K","0.00%"
"02/29/2024","686.70","686.70","686.70","686.70","18.05K","0.00%"
"02/28/2024","686.70","686.70","686.70","686.70","13.69K","0.00%"
"02/27/2024","686.70","686.70","686.70","686.70","2.54K","0.00%"
"02/26/2024","686.70","686.70","686.70","686.70","172.91K","0.00%"
"02/23/2024","686.70","686.70","686.70","686.70","18.71K","0.00%"
"02/22/2024","686.70","686.70","686.70","686.70","3.03K","0.00%"
"02/21/2024","686.70","686.70","686.70","686.70","130.04K","0.00%"
"02/20/2024","686.70","686.70","686.70","686.70","136.19K","0.00%"
"02/19/2024","686.70","763.00","686.70","686.70","223.99K","-10.00%"
"02/16/2024","763.00","763.00","763.00","763.00","122.08K","0.00%"
"02/15/2024","763.00","763.00","763.00","763.00","14.14K","0.00%"
"02/14/2024","763.00","763.00","763.00","763.00","20.30K","0.00%"
"02/13/2024","763.00","763.00","763.00","763.00","113.10K","0.00%"
"02/12/2024","763.00","763.00","763.00","763.00","34.94K","0.00%"
"02/09/2024","763.00","763.00","763.00","763.00","103.87K","0.00%"
"02/08/2024","763.00","763.00","763.00","763.00","24.91K","0.00%"
"02/07/2024","763.00","763.00","763.00","763.00","6.25K","0.00%"
"02/06/2024","763.00","763.00","763.00","763.00","39.52K","0.00%"
"02/05/2024","763.00","763.00","763.00","763.00","210.00K","0.00%"
"02/02/2024","763.00","763.00","763.00","763.00","34.71K","0.00%"
"02/01/2024","763.00","763.00","763.00","763.00","87.09K","0.00%"
"01/31/2024","763.00","763.00","763.00","763.00","169.82K","0.00%"
"01/30/2024","763.00","763.00","763.00","763.00","493.29K","0.00%"
"01/29/2024","763.00","694.10","763.00","624.70","13.04M","9.93%"
"01/26/2024","694.10","694.10","694.10","694.10","218.29K","0.00%"
"01/25/2024","694.10","694.10","694.10","694.10","196.77K","0.00%"
"01/24/2024","694.10","651.80","694.10","694.10","1.05M","6.49%"
"01/23/2024","651.80","592.60","651.80","600.00","5.07M","9.99%"
"01/22/2024","592.60","592.60","592.60","592.60","2.02M","9.99%"
"01/19/2024","538.80","489.90","538.80","538.80","1.29M","9.98%"
"01/18/2024","489.90","452.50","489.90","489.90","1.46M","8.27%"
"01/17/2024","452.50","411.90","452.50","452.50","1.22M","9.86%"
"01/16/2024","411.90","375.00","411.90","400.00","1.67M","9.84%"
"01/15/2024","375.00","350.00","375.00","375.00","318.54K","7.14%"
"01/12/2024","350.00","350.00","350.00","350.00","272.69K","0.00%"
"01/11/2024","350.00","350.00","350.00","350.00","1.89M","0.00%"
"01/10/2024","350.00","337.10","350.00","350.00","1.42M","3.83%"
"01/09/2024","337.10","325.00","337.10","337.10","888.61K","3.72%"
"01/08/2024","325.00","325.00","325.00","325.00","101.05K","0.00%"
"01/05/2024","325.00","319.90","325.00","325.00","1.04M","1.59%"
"01/04/2024","319.90","319.90","319.90","319.90","71.54K","0.00%"
"01/03/2024","319.90","319.90","319.90","319.90","599.98K","0.00%"
"01/02/2024","319.90","319.90","319.90","319.90","16.74K","0.00%"
"12/29/2023","319.90","319.90","319.90","319.90","313.36K","0.00%"
"12/28/2023","319.90","313.00","319.90","319.90","555.31K","2.20%"
"12/27/2023","313.00","320.00","313.00","313.00","577.50K","-2.19%"
"12/22/2023","320.00","320.00","320.00","320.00","1.50M","0.00%"
"12/21/2023","320.00","320.00","320.00","320.00","375.30K","0.00%"
"12/20/2023","320.00","320.00","320.00","320.00","619.81K","0.00%"
"12/19/2023","320.00","320.00","320.00","320.00","568.24K","0.00%"
"12/18/2023","320.00","320.00","320.00","320.00","198.56K","0.00%"
"12/15/2023","320.00","320.00","320.00","320.00","141.77K","0.00%"
"12/14/2023","320.00","320.00","320.00","320.00","60.77K","0.00%"
"12/13/2023","320.00","320.00","320.00","320.00","152.94K","0.00%"
"12/12/2023","320.00","320.00","320.00","320.00","89.23K","0.00%"
"12/11/2023","320.00","320.00","320.00","320.00","182.91K","0.00%"
"12/08/2023","320.00","320.00","320.00","320.00","48.14K","0.00%"
"12/07/2023","320.00","320.00","320.00","320.00","31.20K","0.00%"
"12/06/2023","320.00","320.00","320.00","320.00","220.79K","0.00%"
"12/05/2023","320.00","320.00","320.00","320.00","40.63K","0.00%"
"12/04/2023","320.00","320.00","320.00","320.00","43.35K","0.00%"
"12/01/2023","320.00","320.00","320.00","320.00","16.53M","0.00%"
"11/30/2023","320.00","320.00","320.00","320.00","216.64K","0.00%"
"11/29/2023","320.00","320.00","320.00","320.00","242.34K","0.00%"
"11/28/2023","320.00","328.00","320.00","320.00","216.76K","-2.44%"
"11/27/2023","328.00","328.00","328.00","328.00","72.01K","0.00%"
"11/24/2023","328.00","328.00","328.00","328.00","10.45K","0.00%"
"11/23/2023","328.00","328.00","328.00","328.00","17.10K","0.00%"
"11/22/2023","328.00","328.00","328.00","328.00","90.31K","0.00%"
"11/21/2023","328.00","328.00","328.00","328.00","38.90K","0.00%"
"11/20/2023","328.00","328.00","328.00","328.00","99.94K","0.00%"
"11/17/2023","328.00","328.00","328.00","328.00","99.46K","0.00%"
"11/16/2023","328.00","328.00","328.00","328.00","57.12K","0.00%"
"11/15/2023","328.00","328.00","328.00","328.00","79.16K","0.00%"
"11/14/2023","328.00","328.00","328.00","328.00","255.47K","0.00%"
"11/13/2023","328.00","328.00","328.00","328.00","137.69K","0.00%"
"11/10/2023","328.00","328.00","328.00","328.00","81.75K","0.00%"
"11/09/2023","328.00","328.00","328.00","328.00","92.25K","0.00%"
"11/08/2023","328.00","328.00","328.00","328.00","59.31K","0.00%"
"11/07/2023","328.00","328.00","328.00","328.00","138.60K","0.00%"
"11/06/2023","328.00","328.00","328.00","328.00","85.06K","0.00%"
"11/03/2023","328.00","328.00","328.00","328.00","228.84K","0.00%"
"11/02/2023","328.00","328.00","328.00","328.00","328.91K","0.00%"
"11/01/2023","328.00","328.00","328.00","328.00","329.50K","0.00%"
"10/31/2023","328.00","328.00","328.00","328.00","409.09K","0.00%"
"10/30/2023","328.00","310.10","328.00","328.00","214.17K","5.77%"
"10/27/2023","310.10","310.10","310.10","310.10","148.80K","0.00%"
"10/26/2023","310.10","310.10","310.10","310.10","246.66K","0.00%"
"10/25/2023","310.10","310.10","310.10","310.10","276.37K","0.00%"
"10/24/2023","310.10","310.10","310.10","310.10","568.12K","0.00%"
"10/23/2023","310.10","310.10","310.10","310.10","44.77K","0.00%"
"10/20/2023","310.10","310.10","310.10","310.10","15.75K","0.00%"
"10/19/2023","310.10","310.10","310.10","310.10","155.87K","0.00%"
"10/18/2023","310.10","310.10","310.10","310.10","117.82K","0.00%"
"10/17/2023","310.10","310.10","310.10","310.10","168.19K","0.00%"
"10/16/2023","310.10","310.10","310.10","310.10","1.07M","0.00%"
"10/13/2023","310.10","310.10","310.10","310.10","170.62K","0.00%"
"10/12/2023","310.10","310.10","310.10","310.10","331.36K","0.00%"
"10/11/2023","310.10","310.10","310.10","310.10","159.29K","0.00%"
"10/10/2023","310.10","310.10","310.10","310.10","196.70K","0.00%"
"10/09/2023","310.10","310.10","310.10","310.10","78.52K","0.00%"
"10/06/2023","310.10","340.00","310.10","310.10","907.81K","-8.79%"
"10/05/2023","340.00","340.00","340.00","340.00","299.31K","0.00%"
"10/04/2023","340.00","340.00","340.00","340.00","316.14K","0.00%"
"10/03/2023","340.00","340.00","340.00","340.00","81.96K","0.00%"
"09/29/2023","340.00","334.00","340.00","340.00","633.75K","1.80%"
"09/28/2023","334.00","334.00","334.00","334.00","134.65K","0.00%"
"09/26/2023","334.00","334.00","334.00","334.00","9.27K","0.00%"
"09/25/2023","334.00","334.00","334.00","334.00","138.39K","0.00%"
"09/22/2023","334.00","365.00","335.00","334.00","680.28K","-8.49%"
"09/21/2023","365.00","365.00","365.00","365.00","535.41K","0.00%"
"09/20/2023","365.00","365.00","365.00","365.00","32.29K","0.00%"
"09/19/2023","365.00","365.00","365.00","365.00","931.96K","0.00%"
"09/18/2023","365.00","365.00","365.00","365.00","92.36K","0.00%"
"09/15/2023","365.00","365.00","365.00","365.00","1.38M","0.00%"
"09/14/2023","365.00","365.00","365.00","365.00","1.06M","0.00%"
"09/13/2023","365.00","365.00","365.00","365.00","57.41K","0.00%"
"09/12/2023","365.00","365.00","365.00","365.00","337.73K","0.00%"
"09/11/2023","365.00","365.00","365.00","365.00","137.47K","0.00%"
"09/08/2023","365.00","365.00","365.00","365.00","49.65K","0.00%"
"09/07/2023","365.00","370.00","365.00","365.00","816.82K","-1.35%"
"09/06/2023","370.00","369.80","370.00","350.00","1.99M","0.05%"
"09/05/2023","369.80","369.80","369.80","369.80","574.74K","0.00%"
"09/04/2023","369.80","369.80","369.80","369.80","165.51K","0.00%"
"09/01/2023","369.80","360.00","380.00","324.00","4.40M","2.72%"
"08/31/2023","360.00","360.00","360.00","360.00","19.69K","0.00%"
"08/30/2023","360.00","360.00","360.00","360.00","3.43K","0.00%"
"08/29/2023","360.00","360.00","360.00","360.00","15.20K","0.00%"
"08/28/2023","360.00","360.00","360.00","360.00","221.23K","0.00%"
"08/25/2023","360.00","360.00","360.00","360.00","64.20K","0.00%"
"08/24/2023","360.00","360.00","360.00","360.00","96.93K","0.00%"
"08/23/2023","360.00","360.00","360.00","360.00","62.60K","0.00%"
"08/22/2023","360.00","360.00","360.00","360.00","51.61K","0.00%"
"08/21/2023","360.00","360.00","360.00","360.00","10.82K","0.00%"
"08/18/2023","360.00","349.90","360.00","360.00","2.59M","2.89%"
"08/17/2023","349.90","349.90","349.90","349.90","238.01K","0.00%"
"08/16/2023","349.90","349.90","349.90","349.90","848.12K","0.00%"
"08/15/2023","349.90","349.90","349.90","349.90","185.98K","0.00%"
"08/14/2023","349.90","349.90","349.90","349.90","15.72K","0.00%"
"08/11/2023","349.90","349.90","349.90","349.90","35.64K","0.00%"
"08/10/2023","349.90","320.00","349.90","349.90","565.97K","9.34%"
"08/09/2023","320.00","352.00","320.00","320.00","174.23K","-9.09%"
"08/08/2023","352.00","352.00","352.00","352.00","848.65K","0.00%"
"08/07/2023","352.00","352.00","352.00","352.00","282.94K","0.00%"
"08/04/2023","352.00","352.00","352.00","352.00","121.15K","0.00%"
"08/03/2023","352.00","352.00","352.00","352.00","335.08K","0.00%"
"08/02/2023","352.00","352.00","352.00","352.00","443.93K","0.00%"
"08/01/2023","352.00","352.00","352.00","352.00","353.47K","0.00%"
"07/31/2023","352.00","352.00","352.00","352.00","28.66K","0.00%"
"07/28/2023","352.00","352.00","352.00","352.00","91.78K","0.00%"
"07/27/2023","352.00","352.00","352.00","352.00","427.49K","0.00%"
"07/26/2023","352.00","352.00","352.00","352.00","102.38K","0.00%"
"07/25/2023","352.00","352.00","352.00","352.00","433.06K","0.00%"
"07/24/2023","352.00","352.00","352.00","352.00","221.97K","0.00%"
"07/21/2023","352.00","352.00","352.00","352.00","64.42K","0.00%"
"07/20/2023","352.00","352.00","352.00","352.00","156.73K","0.00%"
"07/19/2023","352.00","352.00","352.00","352.00","105.02K","0.00%"
"07/18/2023","352.00","330.00","352.00","330.00","104.88M","6.67%"
"07/17/2023","330.00","335.00","340.00","329.50","22.33M","-1.49%"
"07/14/2023","335.00","326.00","335.00","330.00","1.21M","2.76%"
"07/13/2023","326.00","326.00","326.00","326.00","956.86K","0.00%"
"07/12/2023","326.00","360.70","326.00","326.00","2.31M","-9.62%"
"07/11/2023","360.70","330.10","360.70","360.70","1.56M","9.27%"
"07/10/2023","330.10","330.10","330.10","330.10","5.11M","10.00%"
"07/07/2023","300.10","290.00","300.10","290.00","3.09M","3.48%"
"07/06/2023","290.00","285.00","290.00","290.00","1.01M","1.75%"
"07/05/2023","285.00","285.00","285.00","285.00","826.51K","0.00%"
"07/04/2023","285.00","285.00","285.00","285.00","2.27M","0.00%"
"07/03/2023","285.00","285.00","285.00","285.00","430.64K","0.00%"
"06/30/2023","285.00","287.50","285.00","285.00","603.67K","-0.87%"
"06/27/2023","287.50","287.50","287.50","287.50","502.88K","0.00%"
"06/26/2023","287.50","287.50","287.50","287.50","232.86K","0.00%"
"06/23/2023","287.50","287.50","287.50","287.50","233.07K","0.00%"
"06/22/2023","287.50","287.50","287.50","287.50","205.71K","0.00%"
"06/21/2023","287.50","287.30","287.50","287.50","1.67M","0.07%"
"06/20/2023","287.30","286.90","287.30","287.30","2.26M","0.14%"
"06/19/2023","286.90","284.00","286.90","283.90","4.01M","1.02%"
"06/16/2023","284.00","284.00","284.00","284.00","256.59K","0.00%"
"06/15/2023","284.00","284.00","284.00","284.00","639.67K","0.00%"
"06/14/2023","284.00","286.80","284.00","284.00","2.24M","-0.98%"
"06/13/2023","286.80","283.00","286.80","286.80","1.04M","1.34%"
"06/09/2023","283.00","286.00","283.00","283.00","1.41M","-1.05%"
"06/08/2023","286.00","290.00","286.00","272.90","735.60K","-1.38%"
"06/07/2023","290.00","290.00","290.00","290.00","515.98K","0.00%"
"06/06/2023","290.00","290.00","290.00","290.00","301.21K","0.00%"
"06/05/2023","290.00","290.00","290.00","290.00","150.51K","0.00%"
"06/02/2023","290.00","290.00","290.00","290.00","476.49K","0.00%"
"06/01/2023","290.00","290.00","290.00","290.00","772.37K","0.00%"
"05/31/2023","290.00","290.00","290.00","290.00","346.51K","0.00%"
"05/30/2023","290.00","270.00","290.00","270.00","2.77M","7.41%"
"05/26/2023","270.00","270.00","270.00","270.00","260.01K","0.00%"
"05/25/2023","270.00","270.00","270.00","270.00","386.11K","0.00%"
"05/24/2023","270.00","270.00","270.00","270.00","81.35K","0.00%"
"05/23/2023","270.00","270.00","270.00","270.00","710.46K","0.00%"
"05/22/2023","270.00","270.00","270.00","270.00","89.24K","0.00%"
"05/19/2023","270.00","270.00","270.00","270.00","63.92K","0.00%"
"05/18/2023","270.00","270.00","270.00","270.00","21.56K","0.00%"
"05/17/2023","270.00","270.00","270.00","270.00","212.98K","0.00%"
"05/16/2023","270.00","270.00","270.00","270.00","114.44K","0.00%"
"05/15/2023","270.00","270.00","270.00","270.00","51.78K","0.00%"
"05/12/2023","270.00","270.00","270.00","270.00","166.26K","0.00%"
"05/11/2023","270.00","270.00","270.00","270.00","96.73K","0.00%"
"05/10/2023","270.00","270.00","270.00","270.00","120.21K","0.00%"
"05/09/2023","270.00","270.00","270.00","270.00","771.63K","0.00%"
"05/08/2023","270.00","270.00","270.00","270.00","286.01K","0.00%"
"05/05/2023","270.00","270.00","270.00","270.00","52.59K","0.00%"
"05/04/2023","270.00","270.00","270.00","270.00","62.93K","0.00%"
"05/03/2023","270.00","270.00","270.00","270.00","559.21K","0.00%"
"05/02/2023","270.00","270.00","270.00","270.00","1.02M","0.00%"
"04/28/2023","270.00","270.00","270.00","270.00","1.30M","0.00%"
"04/27/2023","270.00","270.00","270.00","270.00","411.02K","0.00%"
"04/26/2023","270.00","270.00","270.00","270.00","441.56K","0.00%"
"04/25/2023","270.00","270.00","270.00","270.00","174.87K","0.00%"
"04/20/2023","270.00","270.00","270.00","260.00","730.02K","0.00%"
"04/19/2023","270.00","270.00","270.00","270.00","34.94K","0.00%"
"04/18/2023","270.00","270.00","270.00","270.00","35.85K","0.00%"
"04/17/2023","270.00","270.00","270.00","270.00","62.69K","0.00%"
"04/14/2023","270.00","270.00","270.00","270.00","84.52K","0.00%"
"04/13/2023","270.00","270.00","270.00","270.00","92.81K","0.00%"
"04/12/2023","270.00","270.00","270.00","270.00","235.24K","0.00%"
"04/11/2023","270.00","270.00","270.00","270.00","89.76K","0.00%"
"04/06/2023","270.00","270.00","270.00","270.00","138.85K","0.00%"
"04/05/2023","270.00","270.00","270.00","270.00","79.20K","0.00%"
"04/04/2023","270.00","270.00","270.00","270.00","1.03M","0.00%"
"04/03/2023","270.00","270.00","270.00","270.00","69.40K","0.00%"
"03/31/2023","270.00","270.00","270.00","270.00","103.17K","-6.90%"
"03/30/2023","290.00","290.00","290.00","290.00","93.35K","0.00%"
"03/29/2023","290.00","276.00","290.00","290.00","213.73K","5.07%"
"03/28/2023","276.00","288.00","276.00","276.00","488.09K","-4.17%"
"03/27/2023","288.00","288.00","288.00","288.00","52.86K","0.00%"
"03/24/2023","288.00","288.00","288.00","288.00","178.64K","0.00%"
"03/23/2023","288.00","288.00","288.00","288.00","203.86K","0.00%"
"03/22/2023","288.00","288.00","288.00","288.00","10.26K","0.00%"
"03/21/2023","288.00","288.00","288.00","288.00","70.30K","0.00%"
"03/20/2023","288.00","288.00","288.00","288.00","628.21K","0.00%"
"03/17/2023","288.00","288.00","288.00","288.00","22.60K","0.00%"
"03/16/2023","288.00","288.00","288.00","288.00","25.10K","0.00%"
"03/15/2023","288.00","288.00","288.00","288.00","542.14K","0.00%"
"03/14/2023","288.00","288.00","288.00","288.00","373.43K","0.00%"
"03/13/2023","288.00","288.00","288.00","288.00","82.89K","0.00%"
"03/10/2023","288.00","288.00","288.00","288.00","112.77K","0.00%"
"03/09/2023","288.00","285.00","288.00","288.00","666.03K","1.05%"
"03/08/2023","285.00","280.00","285.00","285.00","7.32M","1.79%"
"03/07/2023","280.00","278.00","280.00","280.00","1.21M","0.72%"
"03/06/2023","278.00","278.00","278.00","278.00","383.38K","0.00%"
"03/03/2023","278.00","278.00","278.00","278.00","184.48K","0.00%"
"03/02/2023","278.00","278.00","278.00","278.00","187.21K","0.00%"
"03/01/2023","278.00","278.00","278.00","278.00","553.54K","0.00%"
"02/28/2023","278.00","272.00","278.00","272.10","5.72M","2.21%"
"02/27/2023","272.00","272.00","272.00","272.00","422.57K","0.00%"
"02/24/2023","272.00","270.00","272.00","272.00","251.78K","0.74%"
"02/23/2023","270.00","270.00","270.00","270.00","638.54K","0.00%"
"02/22/2023","270.00","270.00","270.00","270.00","39.34K","0.00%"
"02/21/2023","270.00","270.00","270.00","270.00","285.51K","0.00%"
"02/20/2023","270.00","270.00","270.00","270.00","15.23K","0.00%"
"02/17/2023","270.00","270.00","270.00","270.00","1.02M","0.00%"
"02/16/2023","270.00","270.00","270.00","270.00","7.21M","0.00%"
"02/15/2023","270.00","270.00","270.00","270.00","47.67K","0.00%"
"02/14/2023","270.00","270.00","270.00","270.00","24.26K","0.00%"
"02/13/2023","270.00","270.00","270.00","270.00","3.01M","0.00%"
"02/10/2023","270.00","270.00","270.00","270.00","2.70K","0.00%"
"02/09/2023","270.00","270.00","270.00","270.00","166.42K","0.00%"
"02/08/2023","270.00","265.00","270.00","270.00","203.39K","1.89%"
"02/07/2023","265.00","266.90","265.00","265.00","1.17M","-0.71%"
"02/06/2023","266.90","266.90","266.90","266.90","41.46K","0.00%"
"02/03/2023","266.90","266.90","266.90","266.90","18.73K","0.00%"
"02/02/2023","266.90","266.90","266.90","266.90","21.85K","0.00%"
"02/01/2023","266.90","266.90","266.90","266.90","78.77K","0.00%"
"01/31/2023","266.90","266.90","266.90","266.90","196.45K","0.00%"
"01/30/2023","266.90","266.90","266.90","266.90","105.38K","0.00%"
"01/27/2023","266.90","266.90","266.90","266.90","90.33K","0.00%"
"01/26/2023","266.90","266.90","266.90","266.90","25.91K","0.00%"
"01/25/2023","266.90","266.90","266.90","266.90","94.63K","0.00%"
"01/24/2023","266.90","265.00","266.90","266.90","291.10K","0.72%"
"01/23/2023","265.00","265.00","265.00","265.00","84.85K","0.00%"
"01/20/2023","265.00","265.00","265.00","265.00","33.22K","0.00%"
"01/19/2023","265.00","265.00","265.00","265.00","50.70K","0.00%"
"01/18/2023","265.00","270.00","265.00","265.00","2.11M","-1.85%"
"01/17/2023","270.00","270.00","270.00","270.00","131.88K","0.00%"
"01/16/2023","270.00","270.00","270.00","270.00","423.27K","0.00%"
"01/13/2023","270.00","270.00","270.00","270.00","263.01K","0.00%"
"01/12/2023","270.00","270.00","270.00","270.00","2.55M","0.00%"
"01/11/2023","270.00","270.00","270.00","270.00","308.99K","0.00%"
"01/10/2023","270.00","262.00","270.00","270.00","1.19M","3.05%"
"01/09/2023","262.00","262.00","262.00","262.00","268.56K","0.00%"
"01/06/2023","262.00","261.00","262.00","262.00","794.65K","0.38%"
"01/05/2023","261.00","261.00","261.00","261.00","40.89K","0.00%"
"01/04/2023","261.00","261.00","261.00","261.00","304.87K","0.00%"
"01/03/2023","261.00","261.00","261.00","261.00","761.87K","0.00%"
"12/30/2022","261.00","261.00","261.00","261.00","144.13K","0.00%"
"12/29/2022","261.00","261.00","261.00","261.00","115.48K","0.00%"
"12/28/2022","261.00","261.00","261.00","261.00","610.54K","0.00%"
"12/23/2022","261.00","261.00","261.00","261.00","6.23K","0.00%"
"12/22/2022","261.00","262.30","261.00","260.00","1.71M","-0.50%"
"12/21/2022","262.30","262.30","262.30","262.30","227.29K","0.00%"
"12/20/2022","262.30","262.30","262.30","262.30","111.31K","0.00%"
"12/19/2022","262.30","262.30","262.30","262.30","54.30K","0.00%"
"12/16/2022","262.30","262.30","262.30","262.30","40.61K","0.00%"
"12/15/2022","262.30","262.30","262.30","262.30","15.69K","0.00%"
"12/14/2022","262.30","262.30","262.30","262.30","8.45K","0.00%"
"12/13/2022","262.30","262.30","262.30","262.30","5.29K","0.00%"
"12/12/2022","262.30","262.30","262.30","262.30","67.10K","0.00%"
"12/09/2022","262.30","262.30","262.30","262.30","4.15K","0.00%"
"12/08/2022","262.30","262.30","262.30","262.30","34.57K","0.00%"
"12/07/2022","262.30","262.30","262.30","262.30","14.94K","0.00%"
"12/06/2022","262.30","262.30","262.30","262.30","359.79K","0.00%"
"12/05/2022","262.30","262.30","262.30","262.30","17.63K","0.00%"
"12/02/2022","262.30","262.30","262.30","262.30","9.63K","0.00%"
"12/01/2022","262.30","262.30","262.30","262.30","16.35K","0.00%"
"11/30/2022","262.30","262.30","262.30","262.30","30.55K","0.00%"
"11/29/2022","262.30","262.30","262.30","262.30","119.38K","0.00%"
"11/28/2022","262.30","262.30","262.30","262.30","12.28K","0.00%"
"11/25/2022","262.30","262.30","262.30","262.30","45.48K","0.00%"
"11/24/2022","262.30","262.30","262.30","262.30","389.53K","0.00%"
"11/23/2022","262.30","238.50","262.30","254.50","820.19K","9.98%"
"11/22/2022","238.50","238.50","238.50","238.50","402.72K","0.00%"
"11/21/2022","238.50","238.50","238.50","238.50","444.44K","0.00%"
"11/18/2022","238.50","238.50","238.50","238.50","7.48K","0.00%"
"11/17/2022","238.50","238.50","238.50","238.50","38.24K","0.00%"
"11/16/2022","238.50","238.50","238.50","238.50","110.74K","0.00%"
"11/15/2022","238.50","238.50","238.50","238.50","8.05K","0.00%"
"11/14/2022","238.50","238.50","238.50","238.50","110.97K","0.00%"
"11/11/2022","238.50","238.50","238.50","238.50","8.18K","0.00%"
"11/10/2022","238.50","221.30","238.50","238.50","557.72K","7.77%"
"11/09/2022","221.30","220.00","240.00","221.30","1.39M","0.59%"
"11/08/2022","220.00","240.00","220.00","220.00","294.41K","-8.33%"
"11/07/2022","240.00","240.00","240.00","240.00","9.51K","0.00%"
"11/04/2022","240.00","240.00","240.00","240.00","22.94K","0.00%"
"11/03/2022","240.00","240.00","240.00","240.00","35.34K","0.00%"
"11/02/2022","240.00","220.50","240.00","240.00","529.40K","8.84%"
"11/01/2022","220.50","220.50","220.50","220.50","75.06K","0.00%"
"10/31/2022","220.50","220.50","220.50","220.50","172.54K","0.00%"
"10/28/2022","220.50","245.00","220.50","220.50","2.47M","-10.00%"
"10/27/2022","245.00","245.00","245.00","245.00","6.86K","0.00%"
"10/26/2022","245.00","245.00","245.00","245.00","2.81K","0.00%"
"10/25/2022","245.00","245.00","245.00","245.00","8.36K","0.00%"
"10/24/2022","245.00","245.00","245.00","245.00","9.68K","0.00%"
"10/21/2022","245.00","245.00","245.00","245.00","4.19K","0.00%"
"10/20/2022","245.00","245.00","245.00","245.00","3.96K","0.00%"
"10/19/2022","245.00","245.00","245.00","245.00","117.18K","0.00%"
"10/18/2022","245.00","245.00","245.00","245.00","10.16K","0.00%"
"10/17/2022","245.00","245.00","245.00","245.00","16.34K","0.00%"
"10/14/2022","245.00","245.00","245.00","245.00","5.19K","0.00%"
"10/13/2022","245.00","245.00","245.00","245.00","21.40K","0.00%"
"10/12/2022","245.00","245.00","245.00","245.00","8.43M","0.00%"
"10/11/2022","245.00","245.00","245.00","245.00","21.09K","0.00%"
"10/07/2022","245.00","245.00","245.00","245.00","14.00K","0.00%"
"10/06/2022","245.00","245.00","245.00","245.00","170.68K","0.00%"
"10/05/2022","245.00","245.00","245.00","245.00","82.64K","0.00%"
"10/04/2022","245.00","245.00","245.00","245.00","13.08K","0.00%"
"09/30/2022","245.00","245.00","245.00","245.00","19.30K","0.00%"
"09/29/2022","245.00","245.00","245.00","245.00","23.73K","0.00%"
"09/28/2022","245.00","245.00","245.00","245.00","38.78K","0.00%"
"09/27/2022","245.00","245.00","245.00","245.00","57.13K","0.00%"
"09/26/2022","245.00","245.00","245.00","245.00","11.80K","0.00%"
"09/23/2022","245.00","245.00","245.00","245.00","2.11K","0.00%"
"09/22/2022","245.00","245.00","245.00","245.00","13.42K","0.00%"
"09/21/2022","245.00","245.00","245.00","245.00","16.52K","0.00%"
"09/20/2022","245.00","245.00","245.00","245.00","12.66K","0.00%"
"09/19/2022","245.00","245.00","245.00","245.00","29.95K","0.00%"
"09/16/2022","245.00","245.00","245.00","245.00","22.83K","0.00%"
"09/15/2022","245.00","245.00","245.00","245.00","27.58K","0.00%"
"09/14/2022","245.00","245.00","245.00","245.00","270.35K","0.00%"
"09/13/2022","245.00","245.00","245.00","245.00","23.59K","0.00%"
"09/12/2022","245.00","245.00","245.00","245.00","7.10K","0.00%"
"09/09/2022","245.00","245.00","245.00","245.00","16.30K","0.00%"
"09/08/2022","245.00","245.00","245.00","245.00","65.24K","0.00%"
"09/07/2022","245.00","245.00","245.00","245.00","212.05K","0.00%"
"09/06/2022","245.00","245.00","245.00","245.00","524.35K","0.00%"
"09/05/2022","245.00","245.00","245.00","245.00","102.19K","0.00%"
"09/02/2022","245.00","245.00","245.00","245.00","10.65K","0.00%"
"09/01/2022","245.00","245.00","245.00","245.00","92.93K","0.00%"
"08/31/2022","245.00","245.00","245.00","245.00","27.41K","0.00%"
"08/30/2022","245.00","245.00","245.00","245.00","603.31K","0.00%"
"08/29/2022","245.00","245.00","245.00","245.00","231.02K","0.00%"
"08/26/2022","245.00","245.00","245.00","245.00","39.94K","0.00%"
"08/25/2022","245.00","245.00","245.00","245.00","531.39K","0.00%"
"08/24/2022","245.00","245.00","245.00","245.00","41.06K","0.00%"
"08/23/2022","245.00","258.80","245.00","245.00","2.72M","-5.33%"
"08/22/2022","258.80","258.80","258.80","258.80","413.41K","0.00%"
"08/19/2022","258.80","258.80","258.80","258.80","14.71K","0.00%"
"08/18/2022","258.80","258.80","258.80","258.80","470.91K","0.00%"
"08/17/2022","258.80","258.80","258.80","258.80","126.68K","0.00%"
"08/16/2022","258.80","258.80","258.80","258.80","12.10K","0.00%"
"08/15/2022","258.80","258.80","258.80","258.80","19.27K","0.00%"
"08/12/2022","258.80","265.00","258.80","258.80","350.53K","-2.34%"
"08/11/2022","265.00","265.00","265.00","265.00","30.64K","0.00%"
"08/10/2022","265.00","241.00","265.00","260.00","961.58K","9.96%"
"08/09/2022","241.00","265.00","241.00","241.00","327.60K","-9.06%"
"08/08/2022","265.00","265.00","265.00","265.00","57.19K","0.00%"
"08/05/2022","265.00","265.00","265.00","265.00","21.50K","0.00%"
"08/04/2022","265.00","265.00","265.00","265.00","168.03K","0.00%"
"08/03/2022","265.00","265.00","265.00","265.00","26.24K","0.00%"
"08/02/2022","265.00","265.00","265.00","265.00","199.98K","0.00%"
"08/01/2022","265.00","265.00","265.00","265.00","28.20K","0.00%"
"07/29/2022","265.00","265.00","265.00","265.00","45.11K","0.00%"
"07/28/2022","265.00","265.00","265.00","265.00","80.18K","0.00%"
"07/27/2022","265.00","265.00","265.00","265.00","873.86K","0.00%"
"07/26/2022","265.00","265.00","265.00","265.00","78.47K","0.00%"
"07/25/2022","265.00","265.00","265.00","265.00","92.58K","0.00%"
"07/22/2022","265.00","265.00","265.00","265.00","117.63K","0.00%"
"07/21/2022","265.00","265.00","265.00","265.00","82.01K","0.00%"
"07/20/2022","265.00","265.00","265.00","265.00","325.42K","0.00%"
"07/19/2022","265.00","265.00","265.00","265.00","168.85K","0.00%"
"07/18/2022","265.00","265.00","265.00","265.00","250.27K","0.00%"
"07/15/2022","265.00","275.00","265.00","265.00","2.65M","-3.64%"
"07/14/2022","275.00","275.00","275.00","275.00","133.53K","0.00%"
"07/13/2022","275.00","275.00","275.00","275.00","151.63K","0.00%"
"07/08/2022","275.00","275.00","275.00","275.00","232.91K","0.00%"
"07/07/2022","275.00","275.00","275.00","275.00","477.42K","0.00%"
"07/06/2022","275.00","275.00","275.00","275.00","296.95K","0.00%"
"07/05/2022","275.00","275.00","275.00","275.00","83.74K","0.00%"
"07/04/2022","275.00","275.00","275.00","275.00","44.32K","0.00%"
"07/01/2022","275.00","275.00","275.00","275.00","48.78K","0.00%"
"06/30/2022","275.00","275.00","275.00","275.00","36.49K","0.00%"
"06/29/2022","275.00","275.00","275.00","275.00","122.19K","0.00%"
"06/28/2022","275.00","275.00","275.00","275.00","51.58K","0.00%"
"06/27/2022","275.00","275.00","275.00","275.00","74.96K","0.00%"
"06/24/2022","275.00","275.00","275.00","275.00","63.09K","0.00%"
"06/23/2022","275.00","275.00","275.00","275.00","547.34K","0.00%"
"06/22/2022","275.00","270.00","275.00","275.00","800.59K","1.85%"
"06/21/2022","270.00","249.30","270.00","270.00","903.70K","8.30%"
"06/20/2022","249.30","277.00","249.30","249.30","460.03K","-10.00%"
"06/17/2022","277.00","277.00","277.00","277.00","119.77K","0.00%"
"06/16/2022","277.00","277.00","277.00","277.00","41.91K","0.00%"
"06/15/2022","277.00","277.00","277.00","277.00","335.35K","0.00%"
"06/14/2022","277.00","277.00","277.00","277.00","63.89K","0.00%"
"06/10/2022","277.00","277.00","277.00","277.00","26.05K","0.00%"
"06/09/2022","277.00","277.00","277.00","277.00","87.38K","0.00%"
"06/08/2022","277.00","277.00","277.00","277.00","124.77K","0.00%"
"06/07/2022","277.00","277.00","277.00","277.00","24.55K","0.00%"
"06/06/2022","277.00","277.00","277.00","277.00","561.07K","0.00%"
"06/03/2022","277.00","277.00","277.00","277.00","303.50K","0.00%"
"06/02/2022","277.00","277.00","277.00","277.00","693.84K","0.00%"
"06/01/2022","277.00","277.00","277.00","277.00","208.67K","0.00%"
"05/31/2022","277.00","277.00","277.00","277.00","152.69K","-6.73%"
"05/30/2022","297.00","297.00","297.00","297.00","180.58K","0.00%"
"05/27/2022","297.00","297.00","297.00","297.00","309.27K","0.00%"
"05/26/2022","297.00","297.00","297.00","297.00","863.62K","0.00%"
"05/25/2022","297.00","297.00","297.00","297.00","193.58K","0.00%"
"05/24/2022","297.00","300.00","297.00","297.00","1.20M","-1.00%"
"05/23/2022","300.00","300.00","300.00","300.00","226.65K","0.00%"
"05/20/2022","300.00","300.00","300.00","300.00","251.79K","0.00%"
"05/19/2022","300.00","300.00","300.00","300.00","88.92K","0.00%"
"05/18/2022","300.00","300.00","300.00","300.00","160.56K","0.00%"
"05/17/2022","300.00","300.00","300.00","300.00","324.02K","0.00%"
"05/16/2022","300.00","300.00","300.00","300.00","225.48K","0.00%"
"05/13/2022","300.00","300.00","300.00","300.00","340.95K","0.00%"
"05/12/2022","300.00","300.00","300.00","300.00","1.71M","0.00%"
"05/11/2022","300.00","292.40","300.00","300.00","3.80M","2.60%"
"05/10/2022","292.40","292.40","292.40","292.40","85.78K","0.00%"
"05/09/2022","292.40","292.40","292.40","292.40","403.64K","0.00%"
"05/06/2022","292.40","292.40","292.40","292.40","234.20K","0.00%"
"05/05/2022","292.40","292.40","292.40","292.40","406.84K","0.00%"
"05/04/2022","292.40","292.40","299.30","292.40","1.09M","0.00%"
"04/29/2022","292.40","285.80","292.40","292.40","604.83K","2.31%"
"04/28/2022","285.80","285.80","285.80","285.80","97.25K","0.00%"
"04/27/2022","285.80","285.80","285.80","285.80","31.91K","0.00%"
"04/26/2022","285.80","285.80","285.80","285.80","204.68K","0.00%"
"04/25/2022","285.80","285.40","285.80","285.80","302.93K","0.14%"
"04/22/2022","285.40","285.40","285.40","285.40","306.63K","0.00%"
"04/21/2022","285.40","285.40","285.40","285.40","159.00K","0.00%"
"04/20/2022","285.40","280.00","285.40","285.40","465.16K","1.93%"
"04/19/2022","280.00","280.00","280.00","280.00","282.75K","0.00%"
"04/14/2022","280.00","273.50","280.00","280.00","467.43K","2.38%"
"04/13/2022","273.50","273.50","273.50","273.50","203.81K","0.00%"
"04/12/2022","273.50","273.50","273.50","273.50","154.55K","0.00%"
"04/11/2022","273.50","273.50","273.50","273.50","335.69K","0.00%"
"04/08/2022","273.50","273.50","273.50","273.50","184.66K","0.00%"
"04/07/2022","273.50","273.50","273.50","273.50","90.70K","0.00%"
"04/06/2022","273.50","273.50","273.50","273.50","74.31K","0.00%"
"04/05/2022","273.50","273.50","273.50","273.50","49.06K","0.00%"
"04/04/2022","273.50","273.50","273.50","273.50","123.42K","0.00%"
"04/01/2022","273.50","273.50","273.50","273.50","39.64K","0.00%"
"03/31/2022","273.50","273.50","273.50","273.50","242.89K","0.00%"
"03/30/2022","273.50","273.50","273.50","273.50","52.30K","0.00%"
"03/29/2022","273.50","273.50","273.50","273.50","59.79K","0.00%"
"03/28/2022","273.50","273.50","273.50","273.50","177.11K","0.00%"
"03/25/2022","273.50","273.50","273.50","273.50","153.66K","0.00%"
"03/24/2022","273.50","273.50","273.50","273.50","16.06K","0.00%"
"03/23/2022","273.50","273.50","273.50","273.50","0.82K","0.00%"
"03/22/2022","273.50","273.50","273.50","273.50","28.63K","0.00%"
"03/21/2022","273.50","273.50","273.50","273.50","114.21K","0.00%"
"03/18/2022","273.50","273.50","273.50","273.50","281.07K","0.00%"
"03/17/2022","273.50","273.50","273.50","273.50","546.11K","0.00%"
"03/16/2022","273.50","273.50","273.50","273.50","745.29K","0.00%"
"03/15/2022","273.50","273.50","273.50","273.50","155.39K","0.00%"
"03/14/2022","273.50","273.50","273.50","273.50","246.52K","0.00%"
"03/11/2022","273.50","273.50","273.50","273.50","51.51K","0.00%"
"03/10/2022","273.50","273.50","273.50","273.50","267.02K","0.00%"
"03/09/2022","273.50","273.50","273.50","273.50","64.76K","0.00%"
"03/08/2022","273.50","273.50","273.50","273.50","142.74K","0.00%"
"03/07/2022","273.50","273.50","273.50","273.50","42.90K","0.00%"
"03/04/2022","273.50","273.50","273.50","273.50","45.09K","0.00%"
"03/03/2022","273.50","273.50","273.50","273.50","56.55K","0.00%"
"03/02/2022","273.50","273.50","273.50","273.50","225.20K","0.00%"
"03/01/2022","273.50","273.50","273.50","273.50","1.43M","0.00%"
"02/28/2022","273.50","273.50","273.50","273.50","127.34K","0.00%"
"02/25/2022","273.50","273.50","273.50","273.50","221.21K","0.00%"
"02/24/2022","273.50","273.50","273.50","273.50","120.03K","0.00%"
"02/23/2022","273.50","273.50","273.50","273.50","16.15K","0.00%"
"02/22/2022","273.50","273.50","273.50","273.50","221.38K","0.00%"
"02/21/2022","273.50","273.50","273.50","273.50","115.43K","0.00%"
"02/18/2022","273.50","273.50","273.50","273.50","234.16K","0.00%"
"02/17/2022","273.50","273.50","273.50","273.50","7.52K","0.00%"
"02/16/2022","273.50","274.80","273.50","273.50","256.78K","-0.47%"
"02/15/2022","274.80","274.80","274.80","274.80","74.10K","0.00%"
"02/14/2022","274.80","274.80","274.80","274.80","813.10K","0.00%"
"02/11/2022","274.80","274.80","274.80","274.80","38.93K","0.00%"
"02/10/2022","274.80","274.80","274.80","274.80","60.18K","0.00%"
"02/09/2022","274.80","274.80","274.80","274.80","32.83K","0.00%"
"02/08/2022","274.80","274.80","274.80","274.80","49.62K","0.00%"
"02/07/2022","274.80","274.80","274.80","274.80","113.59K","0.00%"
"02/04/2022","274.80","274.80","274.80","274.80","150.45K","0.00%"
"02/03/2022","274.80","260.60","274.80","274.80","839.53K","5.45%"
"02/02/2022","260.60","260.60","260.60","260.60","169.23K","0.00%"
"02/01/2022","260.60","260.60","260.60","260.60","39.64K","0.00%"
"01/31/2022","260.60","260.60","260.60","260.60","487.56K","0.00%"
"01/28/2022","260.60","260.60","260.60","260.60","29.38K","0.00%"
"01/27/2022","260.60","284.90","260.60","260.60","256.87K","-8.53%"
"01/26/2022","284.90","284.90","284.90","284.90","41.47K","0.00%"
"01/25/2022","284.90","284.90","284.90","284.90","45.23K","0.00%"
"01/24/2022","284.90","284.90","284.90","284.90","139.33K","0.00%"
"01/21/2022","284.90","284.90","284.90","284.90","56.71K","0.00%"
"01/20/2022","284.90","270.00","284.90","270.00","102.92M","5.52%"
"01/19/2022","270.00","270.00","270.00","260.00","24.45M","0.00%"
"01/18/2022","270.00","270.00","270.00","270.00","463.03K","0.00%"
"01/17/2022","270.00","270.00","270.00","270.00","246.37K","0.00%"
"01/14/2022","270.00","275.00","270.00","270.00","741.46K","-1.82%"
"01/13/2022","275.00","275.00","275.00","275.00","780.27K","0.00%"
"01/12/2022","275.00","259.00","276.90","275.00","2.13M","6.18%"
"01/11/2022","259.00","260.00","260.00","259.00","1.47M","-0.38%"
"01/10/2022","260.00","250.00","260.00","258.00","2.65M","4.00%"
"01/07/2022","250.00","250.00","250.00","250.00","475.83K","0.00%"
"01/06/2022","250.00","250.00","250.00","250.00","421.53K","0.00%"
"01/05/2022","250.00","257.00","250.00","250.00","606.43K","-2.72%"
"01/04/2022","257.00","257.00","257.00","257.00","220.76K","0.00%"
"12/31/2021","257.00","257.00","257.00","257.00","118.63K","0.00%"
"12/30/2021","257.00","257.00","257.00","257.00","46.48K","0.00%"
"12/29/2021","257.00","257.00","257.00","257.00","26.07K","0.00%"
"12/24/2021","257.00","257.00","257.00","257.00","75.41K","0.00%"
"12/23/2021","257.00","256.50","257.00","257.00","230.27K","0.19%"
"12/22/2021","256.50","256.50","256.50","256.50","348.19K","0.00%"
"12/21/2021","256.50","256.50","256.50","256.50","193.90K","0.00%"
"12/20/2021","256.50","255.00","258.00","256.50","2.81M","0.59%"
"12/17/2021","255.00","252.00","255.00","255.00","2.29M","1.19%"
"12/16/2021","252.00","255.00","252.00","252.00","1.08M","-1.18%"
"12/15/2021","255.00","255.00","255.00","255.00","114.75K","0.00%"
"12/14/2021","255.00","255.00","255.00","255.00","309.28K","0.00%"
"12/13/2021","255.00","252.00","260.00","251.00","2.95M","1.19%"
"12/10/2021","252.00","252.00","252.00","252.00","118.95K","0.00%"
"12/09/2021","252.00","280.00","252.00","252.00","850.84K","-10.00%"
"12/08/2021","280.00","280.00","280.00","280.00","36.16K","0.00%"
"12/07/2021","280.00","280.00","280.00","280.00","29.90K","0.00%"
"12/06/2021","280.00","280.00","280.00","280.00","19.35K","0.00%"
"12/03/2021","280.00","280.00","280.00","280.00","74.41K","0.00%"
"12/02/2021","280.00","280.00","280.00","280.00","188.38K","0.00%"
"12/01/2021","280.00","280.00","280.00","280.00","147.86K","0.00%"
"11/30/2021","280.00","280.00","280.00","280.00","244.09K","0.00%"
"11/29/2021","280.00","280.00","280.00","280.00","217.65K","0.00%"
"11/26/2021","280.00","280.00","280.00","280.00","60.98K","0.00%"
"11/25/2021","280.00","280.00","280.00","280.00","175.52K","0.00%"
"11/24/2021","280.00","280.00","280.00","280.00","727.27K","0.00%"
"11/23/2021","280.00","280.00","280.00","280.00","47.63K","0.00%"
"11/22/2021","280.00","280.00","280.00","280.00","397.72K","0.00%"
"11/19/2021","280.00","280.00","280.00","280.00","65.47K","0.00%"
"11/18/2021","280.00","280.00","280.00","280.00","543.55K","0.00%"
"11/17/2021","280.00","280.00","280.00","280.00","48.93K","0.00%"
"11/16/2021","280.00","280.00","280.00","280.00","232.05K","0.00%"
"11/15/2021","280.00","280.00","280.00","280.00","97.42K","0.00%"
"11/12/2021","280.00","280.00","280.00","280.00","144.49K","0.00%"
"11/11/2021","280.00","280.00","280.00","280.00","100.50K","0.00%"
"11/10/2021","280.00","280.00","280.00","280.00","260.94K","0.00%"
"11/09/2021","280.00","280.00","280.00","280.00","90.84K","0.00%"
"11/08/2021","280.00","280.00","280.00","280.00","137.56K","0.00%"
"11/05/2021","280.00","280.00","280.00","280.00","26.85K","0.00%"
"11/04/2021","280.00","280.00","280.00","280.00","18.93K","0.00%"
"11/03/2021","280.00","280.00","280.00","280.00","109.92K","0.00%"
"11/02/2021","280.00","280.00","280.00","280.00","352.77K","0.00%"
"11/01/2021","280.00","280.00","280.00","280.00","309.93K","0.00%"
"10/29/2021","280.00","280.00","280.00","280.00","105.02K","0.00%"
"10/28/2021","280.00","280.00","280.00","280.00","46.34K","0.00%"
"10/27/2021","280.00","280.00","280.00","280.00","266.10K","0.00%"
"10/26/2021","280.00","280.00","280.00","280.00","435.47K","0.00%"
"10/25/2021","280.00","280.00","280.00","280.00","71.23K","0.00%"
"10/22/2021","280.00","280.00","280.00","280.00","29.68K","0.00%"
"10/21/2021","280.00","280.00","280.00","280.00","26.48K","0.00%"
"10/20/2021","280.00","280.00","280.00","280.00","90.31K","0.00%"
"10/18/2021","280.00","280.00","280.00","280.00","27.73K","0.00%"
"10/15/2021","280.00","280.00","280.00","280.00","80.35K","0.00%"
"10/14/2021","280.00","280.00","280.00","280.00","34.91K","0.00%"
"10/13/2021","280.00","280.00","280.00","280.00","207.50K","0.00%"
"10/12/2021","280.00","280.00","280.00","280.00","45.49K","0.00%"
"10/11/2021","280.00","280.00","280.00","280.00","485.34K","0.00%"
"10/08/2021","280.00","280.00","280.00","280.00","90.71K","0.00%"
"10/07/2021","280.00","280.00","280.00","280.00","144.21K","0.00%"
"10/06/2021","280.00","280.00","280.00","280.00","116.78K","0.00%"
"10/05/2021","280.00","280.00","280.00","280.00","102.35K","0.00%"
"10/04/2021","280.00","280.00","280.00","280.00","44.91K","0.00%"
"09/30/2021","280.00","261.00","280.00","249.00","4.20M","7.28%"
"09/29/2021","261.00","245.00","261.00","250.00","1.21M","6.53%"
"09/28/2021","245.00","245.00","245.00","245.00","462.86K","0.00%"
"09/27/2021","245.00","245.00","245.00","245.00","41.47K","0.00%"
"09/24/2021","245.00","245.00","245.00","245.00","142.78K","0.00%"
"09/23/2021","245.00","245.00","245.00","245.00","291.28K","0.00%"
"09/22/2021","245.00","245.00","245.00","245.00","91.35K","0.00%"
"09/21/2021","245.00","245.00","245.00","245.00","1.22M","0.00%"
"09/20/2021","245.00","245.00","245.00","245.00","185.20K","0.00%"
"09/17/2021","245.00","245.00","245.00","245.00","114.39K","0.00%"
"09/16/2021","245.00","245.00","245.00","245.00","14.18K","0.00%"
"09/15/2021","245.00","245.00","245.00","245.00","55.52K","0.00%"
"09/14/2021","245.00","245.00","245.00","245.00","114.16K","0.00%"
"09/13/2021","245.00","245.00","245.00","245.00","89.40K","0.00%"
"09/10/2021","245.00","245.00","245.00","245.00","14.30K","0.00%"
"09/09/2021","245.00","245.00","245.00","245.00","65.60K","0.00%"
"09/08/2021","245.00","245.00","245.00","245.00","439.03K","0.00%"
"09/07/2021","245.00","245.00","245.00","245.00","73.87K","0.00%"
"09/06/2021","245.00","245.00","245.00","245.00","131.73K","0.00%"
"09/03/2021","245.00","245.00","245.00","245.00","22.45K","0.00%"
"09/02/2021","245.00","243.00","245.00","245.00","701.50K","0.82%"
"09/01/2021","243.00","243.00","243.00","243.00","86.16K","0.00%"
"08/31/2021","243.00","243.00","243.00","243.00","94.98K","0.00%"
"08/30/2021","243.00","249.60","243.00","243.00","266.37K","-2.64%"
"08/27/2021","249.60","249.60","249.60","249.60","179.29K","0.00%"
"08/26/2021","249.60","249.60","249.60","249.60","71.18K","0.00%"
"08/25/2021","249.60","249.60","249.60","249.60","225.76K","0.00%"
"08/24/2021","249.60","249.60","249.60","249.60","159.52K","0.00%"
"08/23/2021","249.60","249.60","249.60","249.60","70.67K","0.00%"
"08/20/2021","249.60","249.60","249.60","249.60","38.78K","0.00%"
"08/19/2021","249.60","249.60","249.60","249.60","88.84K","0.00%"
"08/18/2021","249.60","249.60","249.60","249.60","419.21K","0.00%"
"08/17/2021","249.60","241.60","249.60","249.60","583.76K","3.31%"
"08/16/2021","241.60","241.60","241.60","241.60","315.92K","0.00%"
"08/13/2021","241.60","241.60","241.60","241.60","367.28K","0.00%"
"08/12/2021","241.60","240.00","241.60","237.60","493.26K","0.67%"
"08/11/2021","240.00","240.00","240.00","240.00","102.36K","0.00%"
"08/10/2021","240.00","240.00","240.00","240.00","74.71K","0.00%"
"08/09/2021","240.00","248.10","240.00","240.00","296.04K","-3.26%"
"08/06/2021","248.10","248.10","248.10","248.10","1.21M","0.00%"
"08/05/2021","248.10","248.10","248.10","248.10","75.11K","0.00%"
"08/04/2021","248.10","248.10","248.10","248.10","122.36K","0.00%"
"08/03/2021","248.10","248.10","248.10","248.10","448.92K","0.00%"
"08/02/2021","248.10","248.10","248.10","248.10","143.52K","0.00%"
"07/30/2021","248.10","248.00","248.10","248.10","586.80K","0.04%"
"07/29/2021","248.00","248.00","248.00","248.00","69.06K","0.00%"
"07/28/2021","248.00","248.00","248.00","248.00","81.29K","0.00%"
"07/27/2021","248.00","248.00","248.00","248.00","331.37K","0.00%"
"07/26/2021","248.00","248.00","248.00","248.00","423.84K","0.00%"
"07/23/2021","248.00","248.00","248.00","248.00","440.05K","0.00%"
"07/22/2021","248.00","230.00","248.90","248.00","361.66K","7.83%"
"07/19/2021","230.00","230.00","230.00","230.00","104.00K","0.00%"
"07/16/2021","230.00","230.00","230.00","230.00","205.44K","0.00%"
"07/15/2021","230.00","230.00","230.00","230.00","176.00K","0.00%"
"07/14/2021","230.00","230.00","230.00","230.00","305.96K","0.00%"
"07/13/2021","230.00","230.00","230.00","230.00","169.61K","0.00%"
"07/12/2021","230.00","230.00","230.00","230.00","111.66K","0.00%"
"07/09/2021","230.00","229.90","230.00","230.00","2.03M","0.04%"
"07/08/2021","229.90","229.90","229.90","229.90","39.17K","0.00%"
"07/07/2021","229.90","229.90","229.90","229.90","67.56K","0.00%"
"07/06/2021","229.90","229.90","229.90","229.90","49.10K","0.00%"
"07/05/2021","229.90","229.90","229.90","229.90","172.30K","0.00%"
"07/02/2021","229.90","221.00","229.90","229.80","917.08K","4.03%"
"07/01/2021","221.00","221.00","221.00","221.00","400.00K","0.00%"
"06/30/2021","221.00","221.00","221.00","221.00","18.23K","0.00%"
"06/29/2021","221.00","221.00","221.00","221.00","689.17K","0.00%"
"06/28/2021","221.00","221.00","221.00","221.00","449.27K","0.00%"
"06/25/2021","221.00","230.00","221.00","221.00","490.43K","-3.91%"
"06/24/2021","230.00","230.00","230.00","230.00","105.36K","0.00%"
"06/23/2021","230.00","230.00","230.00","230.00","65.50K","0.00%"
"06/22/2021","230.00","230.00","230.00","230.00","377.09K","0.00%"
"06/21/2021","230.00","230.00","230.00","230.00","87.81K","0.00%"
"06/18/2021","230.00","230.00","230.00","230.00","43.12K","0.00%"
"06/17/2021","230.00","230.00","230.00","230.00","83.53K","0.00%"
"06/16/2021","230.00","230.00","230.00","230.00","221.76K","0.00%"
"06/15/2021","230.00","230.00","230.00","230.00","48.26K","0.00%"
"06/11/2021","230.00","230.00","230.00","230.00","480.36K","0.00%"
"06/10/2021","230.00","230.00","230.00","230.00","311.73K","0.00%"
"06/09/2021","230.00","225.00","230.00","227.00","2.26M","2.22%"
"06/08/2021","225.00","220.00","225.00","225.00","483.39K","2.27%"
"06/07/2021","220.00","220.00","220.00","220.00","426.88K","0.00%"
"06/04/2021","220.00","215.50","220.00","220.00","1.28M","2.09%"
"06/03/2021","215.50","215.50","215.50","215.50","433.53K","0.00%"
"06/02/2021","215.50","212.50","215.50","215.50","544.28K","1.41%"
"06/01/2021","212.50","212.50","212.50","212.50","401.80K","0.00%"
"05/31/2021","212.50","212.50","212.50","212.50","678.75K","0.00%"
"05/28/2021","212.50","204.00","212.50","212.50","413.66K","4.17%"
"05/27/2021","204.00","210.00","204.00","204.00","507.35K","-2.86%"
"05/26/2021","210.00","210.00","210.00","210.00","314.83K","0.00%"
"05/25/2021","210.00","210.00","210.00","210.00","41.71K","0.00%"
"05/24/2021","210.00","210.00","210.00","210.00","90.62K","0.00%"
"05/21/2021","210.00","210.00","210.00","210.00","12.90K","0.00%"
"05/20/2021","210.00","214.00","210.00","210.00","193.07K","-1.87%"
"05/19/2021","214.00","215.00","214.00","214.00","282.44K","-0.47%"
"05/18/2021","215.00","215.00","215.00","215.00","148.39K","0.00%"
"05/17/2021","215.00","215.00","215.00","215.00","132.70K","0.00%"
"05/14/2021","215.00","215.00","215.00","215.00","298.85K","0.00%"
"05/11/2021","215.00","211.60","215.00","215.00","417.09K","1.61%"
"05/10/2021","211.60","211.60","211.60","211.60","338.75K","0.00%"
"05/07/2021","211.60","211.60","211.60","211.60","18.25K","0.00%"
"05/06/2021","211.60","217.00","211.60","211.60","285.15K","-2.49%"
"05/05/2021","217.00","217.00","217.00","217.00","338.20K","0.00%"
"05/04/2021","217.00","217.00","217.00","217.00","342.03K","0.00%"
"04/30/2021","217.00","220.00","217.00","213.60","856.01K","-1.36%"
"04/29/2021","220.00","204.00","220.00","220.00","1.44M","7.84%"
"04/28/2021","204.00","204.00","204.00","204.00","358.18K","-7.27%"
"04/27/2021","220.00","220.00","220.00","220.00","44.23K","0.00%"
"04/26/2021","220.00","220.00","220.00","220.00","505.76K","0.00%"
"04/23/2021","220.00","220.00","220.00","220.00","603.93K","0.00%"
"04/22/2021","220.00","220.00","220.00","220.00","430.88K","0.00%"
"04/21/2021","220.00","220.00","220.00","220.00","393.68K","0.00%"
"04/20/2021","220.00","220.00","220.00","220.00","293.36K","0.00%"
"04/19/2021","220.00","220.00","220.00","220.00","81.56K","0.00%"
"04/16/2021","220.00","215.00","220.00","220.00","362.89K","2.33%"
"04/15/2021","215.00","215.00","215.00","215.00","110.52K","0.00%"
"04/14/2021","215.00","215.00","215.00","215.00","343.78K","0.00%"
"04/13/2021","215.00","215.00","215.00","215.00","1.92M","0.00%"
"04/12/2021","215.00","215.00","215.00","215.00","438.67K","0.00%"
"04/09/2021","215.00","215.00","215.00","215.00","88.49K","0.00%"
"04/08/2021","215.00","215.00","215.00","215.00","163.70K","0.00%"
"04/07/2021","215.00","215.00","215.00","215.00","301.32K","0.00%"
"04/06/2021","215.00","215.00","215.00","215.00","94.78K","0.00%"
"04/01/2021","215.00","215.00","215.00","215.00","126.46K","0.00%"
"03/31/2021","215.00","215.00","215.00","215.00","95.71K","0.00%"
"03/30/2021","215.00","224.00","215.00","215.00","464.26K","-4.02%"
"03/29/2021","224.00","225.00","224.00","224.00","4.58M","-0.44%"
"03/26/2021","225.00","225.00","225.00","225.00","190.68K","0.00%"
"03/25/2021","225.00","225.00","225.00","225.00","29.53K","0.00%"
"03/24/2021","225.00","220.00","225.80","224.00","2.01M","2.27%"
"03/23/2021","220.00","220.00","226.80","220.00","1.59M","0.00%"
"03/22/2021","220.00","220.00","220.00","220.00","1.32M","0.00%"
"03/19/2021","220.00","227.80","220.00","220.00","297.24K","-3.42%"
"03/18/2021","227.80","227.80","227.80","227.80","275.58K","0.00%"
"03/17/2021","227.80","227.80","227.80","227.80","562.15K","0.00%"
"03/16/2021","227.80","220.00","228.00","227.00","4.10M","3.55%"
"03/15/2021","220.00","220.00","220.00","220.00","116.27K","0.00%"
"03/12/2021","220.00","220.00","220.00","215.00","708.15K","0.00%"
"03/11/2021","220.00","228.00","220.00","220.00","2.50M","-3.51%"
"03/10/2021","228.00","220.00","228.00","228.00","2.18M","3.64%"
"03/09/2021","220.00","220.00","220.00","220.00","436.41K","0.00%"
"03/08/2021","220.00","220.00","220.00","220.00","43.01K","0.00%"
"03/05/2021","220.00","220.00","220.00","198.10","1.42M","0.00%"
"03/04/2021","220.00","220.00","220.00","220.00","1.18M","0.00%"
"03/03/2021","220.00","220.00","220.00","220.00","699.53K","0.00%"
"03/02/2021","220.00","220.00","220.00","220.00","304.39K","0.00%"
"03/01/2021","220.00","220.00","220.00","220.00","275.75K","0.00%"
"02/26/2021","220.00","220.00","220.00","220.00","174.98K","0.00%"
"02/25/2021","220.00","220.00","220.00","220.00","360.62K","0.00%"
"02/24/2021","220.00","220.00","220.00","220.00","63.81K","0.00%"
"02/23/2021","220.00","220.00","220.00","220.00","1.02M","0.00%"
"02/22/2021","220.00","220.00","220.00","220.00","911.57K","0.00%"
"02/19/2021","220.00","220.00","220.00","220.00","228.35K","0.00%"
"02/18/2021","220.00","220.00","220.00","220.00","338.67K","0.00%"
"02/17/2021","220.00","220.00","220.00","220.00","182.67K","0.00%"
"02/16/2021","220.00","220.00","220.00","220.00","105.78K","0.00%"
"02/15/2021","220.00","220.00","220.00","220.00","24.87K","0.00%"
"02/12/2021","220.00","228.00","220.00","211.00","547.20K","-3.51%"
"02/11/2021","228.00","213.00","228.00","213.00","944.43K","7.04%"
"02/10/2021","213.00","230.00","213.00","213.00","940.06K","-7.39%"
"02/09/2021","230.00","230.00","230.00","230.00","90.88K","0.00%"
"02/08/2021","230.00","230.00","230.00","230.00","178.71K","0.00%"
"02/05/2021","230.00","230.00","230.00","230.00","175.49K","0.00%"
"02/04/2021","230.00","236.00","230.00","230.00","864.50K","-2.54%"
"02/03/2021","236.00","236.00","236.00","236.00","916.51K","0.00%"
"02/02/2021","236.00","236.00","236.00","236.00","383.72K","0.00%"
"02/01/2021","236.00","236.00","236.00","236.00","805.57K","0.00%"
"01/29/2021","236.00","236.00","236.00","236.00","313.49K","0.00%"
"01/28/2021","236.00","236.00","236.00","236.00","155.61K","0.00%"
"01/27/2021","236.00","236.00","236.00","236.00","929.63K","0.00%"
"01/26/2021","236.00","236.00","236.00","235.00","2.10M","0.00%"
"01/25/2021","236.00","234.00","236.00","236.00","954.71K","0.85%"
"01/22/2021","234.00","234.00","234.00","234.00","186.72K","0.00%"
"01/21/2021","234.00","234.50","234.00","231.40","588.08K","-0.21%"
"01/20/2021","234.50","234.60","234.50","234.30","1.75M","-0.04%"
"01/19/2021","234.60","234.60","234.60","234.60","734.19K","0.00%"
"01/18/2021","234.60","237.00","234.60","227.60","1.17M","-1.01%"
"01/15/2021","237.00","237.00","237.00","237.00","1.33M","0.00%"
"01/14/2021","237.00","230.00","237.80","234.90","3.87M","3.04%"
"01/13/2021","230.00","230.00","230.00","230.00","1.31M","0.00%"
"01/12/2021","230.00","225.00","230.00","225.00","1.54M","2.22%"
"01/11/2021","225.00","225.00","225.00","225.00","481.89K","0.00%"
"01/08/2021","225.00","244.90","225.00","225.00","744.51K","-8.13%"
"01/07/2021","244.90","244.90","244.90","244.90","118.67K","0.00%"
"01/06/2021","244.90","244.90","244.90","244.90","567.17K","0.00%"
"01/05/2021","244.90","244.90","244.90","244.90","1.58M","0.00%"
"01/04/2021","244.90","244.90","244.90","244.90","321.85K","0.00%"
"12/31/2020","244.90","245.00","244.90","243.00","8.60M","-0.04%"
"12/30/2020","245.00","245.00","245.00","238.00","33.17M","0.00%"
"12/29/2020","245.00","245.00","245.00","245.00","4.14M","0.00%"
"12/24/2020","245.00","245.00","245.00","245.00","3.20M","0.00%"
"12/23/2020","245.00","245.00","245.00","245.00","4.89M","0.00%"
"12/22/2020","245.00","240.00","253.40","235.00","12.73M","6.34%"
"12/21/2020","230.40","230.40","230.40","230.40","5.50M","9.98%"
"12/18/2020","209.50","200.00","209.50","202.90","4.27M","4.75%"
"12/17/2020","200.00","195.00","200.00","198.80","6.77M","2.56%"
"12/16/2020","195.00","195.00","195.00","195.00","198.53K","0.00%"
"12/15/2020","195.00","188.00","195.00","190.90","2.82M","3.72%"
"12/14/2020","188.00","183.00","188.00","188.00","1.45M","2.73%"
"12/11/2020","183.00","199.00","183.00","183.00","1.33M","-8.04%"
"12/10/2020","199.00","199.00","199.00","199.00","484.37K","0.00%"
"12/09/2020","199.00","199.00","199.00","199.00","1.61M","0.00%"
"12/08/2020","199.00","199.00","199.00","199.00","117.84K","0.00%"
"12/07/2020","199.00","199.00","199.00","199.00","77.43K","0.00%"
"12/04/2020","199.00","205.00","199.00","190.00","4.62M","-2.93%"
"12/03/2020","205.00","205.00","205.00","205.00","729.71K","0.00%"
"12/02/2020","205.00","205.00","205.00","205.00","158.23K","0.00%"
"12/01/2020","205.00","205.00","205.00","205.00","329.29K","0.00%"
"11/30/2020","205.00","205.00","205.00","205.00","2.03M","0.00%"
"11/27/2020","205.00","205.00","205.00","205.00","283.55K","0.00%"
"11/26/2020","205.00","205.00","205.00","205.00","294.89K","0.00%"
"11/25/2020","205.00","199.80","205.00","195.00","10.68M","2.60%"
"11/24/2020","199.80","199.80","199.80","199.80","820.43K","0.00%"
"11/23/2020","199.80","193.20","199.80","199.80","3.71M","3.42%"
"11/20/2020","193.20","195.00","194.00","193.20","1.88M","-0.92%"
"11/19/2020","195.00","195.00","195.00","195.00","986.02K","0.00%"
"11/18/2020","195.00","187.10","195.00","195.00","1.49M","4.22%"
"11/17/2020","187.10","200.00","187.10","187.10","1.46M","-6.45%"
"11/16/2020","200.00","200.00","200.00","200.00","3.21M","0.00%"
"11/13/2020","200.00","200.00","200.00","190.00","8.57M","0.00%"
"11/12/2020","200.00","185.00","201.90","191.20","3.68M","8.11%"
"11/11/2020","185.00","185.00","185.00","185.00","5.98M","0.00%"
"11/10/2020","185.00","185.00","185.00","183.00","3.05M","0.00%"
"11/09/2020","185.00","174.50","185.00","176.00","2.76M","6.02%"
"11/06/2020","174.50","169.00","174.50","174.50","1.16M","3.25%"
"11/05/2020","169.00","169.00","169.00","169.00","1.36M","0.00%"
"11/04/2020","169.00","169.00","169.00","169.00","744.68K","0.00%"
"11/03/2020","169.00","160.00","169.00","168.00","927.87K","5.63%"
"11/02/2020","160.00","160.00","160.00","160.00","561.27K","0.00%"
"10/30/2020","160.00","155.30","160.00","158.00","2.67M","3.03%"
"10/28/2020","155.30","152.00","155.30","155.20","1.18M","2.17%"
"10/27/2020","152.00","152.00","152.00","152.00","240.42K","0.00%"
"10/26/2020","152.00","151.00","152.00","151.20","6.76M","0.66%"
"10/23/2020","151.00","150.00","151.00","150.00","1.84M","0.67%"
"10/22/2020","150.00","150.00","150.00","150.00","102.10K","0.00%"
"10/21/2020","150.00","150.00","150.00","150.00","274.61K","0.00%"
"10/20/2020","150.00","150.00","150.00","150.00","197.58K","0.00%"
"10/19/2020","150.00","150.00","150.00","150.00","377.29K","0.00%"
"10/16/2020","150.00","150.00","150.00","150.00","1.06M","0.00%"
"10/15/2020","150.00","150.00","150.00","150.00","576.93K","0.00%"
"10/14/2020","150.00","150.00","150.00","150.00","618.57K","0.00%"
"10/13/2020","150.00","150.00","150.00","150.00","448.72K","0.00%"
"10/12/2020","150.00","150.00","150.00","150.00","983.92K","0.00%"
"10/09/2020","150.00","150.50","150.00","150.00","977.48K","-0.33%"
"10/08/2020","150.50","158.00","150.50","150.50","969.74K","-4.75%"
"10/07/2020","158.00","158.20","158.00","158.00","3.69M","-0.13%"
"10/06/2020","158.20","144.00","158.20","155.00","2.60M","9.86%"
"10/05/2020","144.00","144.00","144.00","144.00","620.26K","0.00%"
"10/02/2020","144.00","142.90","144.00","144.00","474.26K","0.77%"
"09/30/2020","142.90","139.00","142.90","140.00","8.42M","2.81%"
"09/29/2020","139.00","139.00","139.00","137.00","7.63M","0.00%"
"09/28/2020","139.00","139.00","139.00","139.00","517.47K","0.00%"
"09/25/2020","139.00","135.90","139.00","135.50","11.02M","2.28%"
"09/24/2020","135.90","134.70","136.00","135.90","629.67K","0.89%"
"09/23/2020","134.70","134.70","134.70","134.70","136.19K","0.00%"
"09/22/2020","134.70","135.00","136.00","134.70","2.69M","-0.22%"
"09/21/2020","135.00","135.00","135.00","135.00","27.58K","0.00%"
"09/18/2020","135.00","135.00","135.00","135.00","63.83K","0.00%"
"09/17/2020","135.00","135.00","135.00","135.00","180.92K","0.00%"
"09/16/2020","135.00","135.00","135.00","135.00","767.29K","0.00%"
"09/15/2020","135.00","135.00","135.00","135.00","313.39K","0.00%"
"09/14/2020","135.00","134.00","135.00","135.00","1.65M","0.75%"
"09/11/2020","134.00","134.00","134.00","134.00","331.47K","0.00%"
"09/10/2020","134.00","134.00","134.00","134.00","570.78K","0.00%"
"09/09/2020","134.00","134.00","134.00","134.00","137.76K","0.00%"
"09/08/2020","134.00","134.00","134.00","134.00","524.34K","0.00%"
"09/07/2020","134.00","134.00","134.00","134.00","184.93K","0.00%"
"09/04/2020","134.00","134.00","134.00","134.00","277.77K","0.00%"
"09/03/2020","134.00","134.00","134.00","134.00","63.46K","0.00%"
"09/02/2020","134.00","134.00","134.00","134.00","163.04K","0.00%"
"09/01/2020","134.00","134.90","134.00","134.00","2.66M","-0.67%"
"08/31/2020","134.90","134.20","134.90","134.90","1.76M","0.52%"
"08/28/2020","134.20","134.20","134.20","134.20","611.82K","0.00%"
"08/27/2020","134.20","135.00","134.20","134.20","570.45K","-0.59%"
"08/26/2020","135.00","135.00","135.00","135.00","231.28K","0.00%"
"08/25/2020","135.00","135.00","135.00","135.00","59.87K","0.00%"
"08/24/2020","135.00","135.00","135.00","135.00","731.16K","0.00%"
"08/21/2020","135.00","135.00","135.00","135.00","204.83K","0.00%"
"08/20/2020","135.00","135.00","135.00","135.00","74.89K","0.00%"
"08/19/2020","135.00","135.00","135.00","135.00","53.47K","0.00%"
"08/18/2020","135.00","135.00","135.00","135.00","203.30K","0.00%"
"08/17/2020","135.00","136.00","136.00","135.00","3.23M","-0.74%"
"08/14/2020","136.00","136.00","136.00","136.00","109.55K","0.00%"
"08/13/2020","136.00","136.00","136.00","136.00","740.67K","0.00%"
"08/12/2020","136.00","136.00","136.00","136.00","633.78K","0.00%"
"08/11/2020","136.00","141.80","136.00","136.00","2.71M","-4.09%"
"08/10/2020","141.80","141.80","141.80","141.80","72.44K","0.00%"
"08/07/2020","141.80","141.80","141.80","141.80","177.20K","0.00%"
"08/06/2020","141.80","141.80","141.80","141.80","138.97K","0.00%"
"08/05/2020","141.80","141.80","141.80","141.80","419.22K","0.00%"
"08/04/2020","141.80","141.80","141.80","141.80","99.11K","0.00%"
"08/03/2020","141.80","141.80","141.80","141.80","112.64K","0.00%"
"07/29/2020","141.80","141.80","141.80","141.80","263.20K","0.00%"
"07/28/2020","141.80","141.80","141.80","141.80","333.44K","0.00%"
"07/27/2020","141.80","134.20","141.80","141.80","1.51M","5.66%"
"07/24/2020","134.20","134.20","134.20","134.20","2.68M","0.00%"
"07/23/2020","134.20","122.00","134.20","134.20","3.26M","10.00%"
"07/22/2020","122.00","122.00","122.00","122.00","10.90M","0.00%"
"07/21/2020","122.00","126.00","122.00","122.00","5.70M","-3.17%"
"07/20/2020","126.00","126.00","126.00","126.00","209.52K","0.00%"
"07/17/2020","126.00","126.00","126.00","126.00","277.76K","0.00%"
"07/16/2020","126.00","126.00","126.00","126.00","73.29K","0.00%"
"07/15/2020","126.00","126.00","126.00","126.00","286.71K","0.00%"
"07/14/2020","126.00","126.00","126.00","126.00","265.89K","0.00%"
"07/13/2020","126.00","126.00","126.00","126.00","480.63K","0.00%"
"07/10/2020","126.00","126.00","126.00","126.00","343.32K","0.00%"
"07/09/2020","126.00","126.00","126.00","126.00","819.64K","0.00%"
"07/08/2020","126.00","126.00","126.00","126.00","167.21K","0.00%"
"07/07/2020","126.00","127.00","126.00","126.00","767.88K","-0.79%"
"07/06/2020","127.00","127.00","127.00","127.00","1.15M","0.00%"
"07/03/2020","127.00","127.00","127.00","127.00","631.01K","0.00%"
"07/02/2020","127.00","127.00","127.00","127.00","831.43K","0.00%"
"07/01/2020","127.00","127.00","127.00","127.00","294.29K","0.00%"
"06/30/2020","127.00","128.00","127.00","127.00","4.82M","-0.78%"
"06/29/2020","128.00","128.00","128.00","128.00","851.38K","0.00%"
"06/26/2020","128.00","130.00","128.00","128.00","2.19M","-1.54%"
"06/25/2020","130.00","130.00","130.00","130.00","1.31M","0.00%"
"06/24/2020","130.00","130.00","130.00","130.00","888.65K","0.00%"
"06/23/2020","130.00","130.00","130.00","130.00","1.93M","0.00%"
"06/22/2020","130.00","130.00","130.00","130.00","1.04M","0.00%"
"06/19/2020","130.00","139.00","130.00","130.00","1.09M","-6.47%"
"06/18/2020","139.00","139.00","139.00","139.00","829.59K","0.00%"
"06/17/2020","139.00","139.00","139.00","139.00","490.51K","0.00%"
"06/16/2020","139.00","139.00","139.00","139.00","754.76K","0.00%"
"06/15/2020","139.00","139.00","139.00","139.00","270.46K","0.00%"
"06/11/2020","139.00","139.00","139.00","139.00","319.54K","0.00%"
"06/10/2020","139.00","139.00","139.00","139.00","1.75M","0.00%"
"06/09/2020","139.00","139.00","139.00","139.00","357.44K","0.00%"
"06/08/2020","139.00","139.00","139.00","139.00","831.27K","0.00%"
"06/05/2020","139.00","141.90","139.00","139.00","2.71M","-2.04%"
"06/04/2020","141.90","140.50","143.00","141.90","18.03M","1.00%"
"06/03/2020","140.50","141.00","140.50","139.00","14.97M","-0.35%"
"06/02/2020","141.00","139.00","141.00","139.00","7.79M","1.44%"
"06/01/2020","139.00","139.00","139.00","139.00","1.45M","0.00%"
"05/29/2020","139.00","138.50","139.00","139.00","4.97M","0.36%"
"05/28/2020","138.50","137.30","138.50","138.50","1.86M","0.87%"
"05/27/2020","137.30","134.00","137.30","137.30","1.14M","-8.47%"
"05/22/2020","150.00","150.00","150.00","150.00","1.47M","0.00%"
"05/21/2020","150.00","150.00","150.00","150.00","1.59M","0.00%"
"05/20/2020","150.00","147.50","150.00","150.00","6.48M","1.69%"
"05/19/2020","147.50","143.50","147.50","147.00","3.94M","2.79%"
"05/18/2020","143.50","143.50","143.50","143.50","405.05K","0.00%"
"05/15/2020","143.50","146.00","145.00","143.50","2.20M","-1.71%"
"05/14/2020","146.00","143.50","146.00","143.50","2.40M","1.74%"
"05/13/2020","143.50","143.50","143.50","143.50","770.78K","0.00%"
"05/12/2020","143.50","150.00","143.50","140.20","2.44M","-4.33%"
"05/11/2020","150.00","150.00","150.00","150.00","614.28K","0.00%"
"05/08/2020","150.00","150.00","150.00","150.00","1.38M","0.00%"
"05/07/2020","150.00","143.80","150.00","150.00","1.28M","4.31%"
"05/06/2020","143.80","143.00","143.80","143.80","1.94M","0.56%"
"05/05/2020","143.00","130.00","143.00","136.00","1.81M","10.00%"
"05/04/2020","130.00","130.00","130.00","130.00","962.95K","0.00%"
"04/30/2020","130.00","130.00","131.30","130.00","2.00M","0.00%"
"04/29/2020","130.00","130.00","130.00","130.00","2.88M","0.00%"
"04/28/2020","130.00","130.00","130.00","130.00","1.78M","0.00%"
"04/27/2020","130.00","130.00","130.00","130.00","2.53M","0.00%"
"04/24/2020","130.00","131.50","130.00","130.00","2.29M","-1.14%"
"04/23/2020","131.50","136.00","131.50","129.80","2.29M","-3.31%"
"04/22/2020","136.00","136.00","136.00","136.00","743.57K","0.00%"
"04/21/2020","136.00","136.00","136.00","136.00","1.05M","0.00%"
"04/20/2020","136.00","136.00","136.00","136.00","756.55K","0.00%"
"04/17/2020","136.00","136.00","136.00","136.00","860.65K","0.00%"
"04/16/2020","136.00","133.10","136.00","136.00","1.58M","2.18%"
"04/15/2020","133.10","121.00","133.10","128.50","2.11M","10.00%"
"04/14/2020","121.00","117.00","121.00","121.00","1.45M","3.42%"
"04/09/2020","117.00","117.00","119.00","117.00","17.21M","0.00%"
"04/08/2020","117.00","117.00","117.00","117.00","1.03M","0.00%"
"04/07/2020","117.00","117.00","117.00","117.00","661.83K","0.00%"
"04/06/2020","117.00","125.00","117.10","117.00","3.74M","-6.40%"
"04/03/2020","125.00","128.40","125.00","116.00","4.12M","-2.65%"
"04/02/2020","128.40","116.80","128.40","116.80","2.54M","9.93%"
"04/01/2020","116.80","129.70","116.80","116.80","1.29M","-9.95%"
"03/31/2020","129.70","129.70","129.70","129.70","516.74K","0.00%"
"03/30/2020","129.70","129.70","129.70","129.70","601.58K","0.00%"
"03/27/2020","129.70","129.70","129.70","129.70","803.72K","0.00%"
"03/26/2020","129.70","129.70","129.70","129.70","600.74K","0.00%"
"03/25/2020","129.70","129.70","129.70","129.70","939.95K","0.00%"
"03/24/2020","129.70","129.70","129.70","129.70","1.68M","0.00%"
"03/23/2020","129.70","129.70","129.70","129.70","580.03K","0.00%"
"03/20/2020","129.70","129.00","129.70","129.10","1.13M","0.54%"
"03/19/2020","129.00","133.40","129.00","129.00","1.10M","-3.30%"
"03/18/2020","133.40","124.00","133.40","124.00","16.01M","-3.12%"
"03/17/2020","137.70","153.00","137.70","137.70","2.81M","-10.00%"
"03/16/2020","153.00","153.00","153.00","153.00","114.76K","0.00%"
"03/13/2020","153.00","153.00","153.00","153.00","657.24K","0.00%"
"03/12/2020","153.00","153.00","153.00","153.00","95.30K","0.00%"
"03/11/2020","153.00","170.00","153.00","153.00","721.03K","-10.00%"
"03/10/2020","170.00","170.00","170.00","170.00","106.53K","0.00%"
"03/09/2020","170.00","170.00","170.00","170.00","32.28K","0.00%"
"03/06/2020","170.00","170.00","170.00","170.00","367.66K","0.00%"
"03/05/2020","170.00","170.00","170.00","170.00","2.05M","0.00%"
"03/04/2020","170.00","170.00","170.00","170.00","626.51K","0.00%"
"03/03/2020","170.00","170.00","170.00","170.00","1.20M","0.00%"
"03/02/2020","170.00","170.00","170.00","170.00","361.81K","0.00%"
"02/28/2020","170.00","170.00","170.00","170.00","1.46M","0.00%"
"02/27/2020","170.00","170.00","170.00","170.00","374.93K","0.00%"
"02/26/2020","170.00","170.00","170.00","170.00","3.56M","0.00%"
"02/25/2020","170.00","170.00","170.00","170.00","1.70M","0.00%"
"02/24/2020","170.00","170.00","170.00","170.00","1.39M","0.00%"
"02/21/2020","170.00","170.00","170.00","170.00","845.32K","0.00%"
"02/20/2020","170.00","170.00","170.00","170.00","712.19K","0.00%"
"02/19/2020","170.00","170.00","170.00","170.00","1.22M","0.00%"
"02/18/2020","170.00","170.00","170.00","170.00","511.69K","0.00%"
"02/17/2020","170.00","170.00","170.00","170.00","41.67K","0.00%"
"02/14/2020","170.00","170.00","170.00","170.00","120.68K","0.00%"
"02/13/2020","170.00","170.00","170.00","170.00","128.86K","0.00%"
"02/12/2020","170.00","170.00","170.00","170.00","93.76K","0.00%"
"02/11/2020","170.00","170.00","170.00","170.00","173.64K","0.00%"
"02/10/2020","170.00","170.00","170.00","170.00","24.31K","0.00%"
"02/07/2020","170.00","170.00","170.00","170.00","9.58M","0.00%"
"02/06/2020","170.00","170.00","170.00","170.00","653.63K","0.00%"
"02/05/2020","170.00","179.90","170.00","170.00","2.04M","-5.50%"
"02/04/2020","179.90","179.90","179.90","179.90","1.04M","0.00%"
"02/03/2020","179.90","179.90","179.90","179.90","94.74K","0.00%"
"01/31/2020","179.90","179.90","179.90","179.90","673.33K","0.00%"
"01/30/2020","179.90","179.90","179.90","179.90","2.58M","0.00%"
"01/29/2020","179.90","179.90","179.90","179.90","905.87K","0.00%"
"01/28/2020","179.90","179.90","179.90","179.90","459.06K","0.00%"
"01/27/2020","179.90","179.90","179.90","179.90","197.41K","0.00%"
"01/24/2020","179.90","174.90","179.90","179.90","2.46M","2.86%"
"01/23/2020","174.90","172.80","174.90","174.90","871.69K","1.22%"
"01/22/2020","172.80","173.00","172.80","172.80","3.32M","-0.12%"
"01/21/2020","173.00","175.00","173.00","173.00","2.39M","-1.14%"
"01/20/2020","175.00","175.00","175.00","175.00","2.53M","0.00%"
"01/17/2020","175.00","175.00","175.00","175.00","727.04K","0.00%"
"01/16/2020","175.00","170.00","175.00","172.00","1.04M","2.94%"
"01/15/2020","170.00","170.00","170.00","170.00","304.43K","0.00%"
"01/14/2020","170.00","172.00","170.50","170.00","4.98M","-1.16%"
"01/13/2020","172.00","172.00","172.00","172.00","1.88M","0.00%"
"01/10/2020","172.00","175.00","172.00","169.00","2.35M","-1.71%"
"01/09/2020","175.00","164.00","180.40","175.00","4.84M","6.71%"
"01/08/2020","164.00","150.00","164.00","154.10","3.16M","9.33%"
"01/07/2020","150.00","146.00","152.00","146.10","4.69M","2.74%"
"01/06/2020","146.00","142.00","146.00","143.00","2.58M","2.82%"
"01/03/2020","142.00","142.00","142.00","142.00","1.53M","0.00%"
"01/02/2020","142.00","142.00","142.00","142.00","1.87M","0.00%"
"12/31/2019","142.00","141.50","154.00","139.90","16.78M","0.35%"
"12/30/2019","141.50","140.00","141.50","139.80","11.26M","1.07%"
"12/27/2019","140.00","140.00","140.00","140.00","1.80M","0.00%"
"12/24/2019","140.00","140.00","140.00","140.00","341.53K","0.00%"
"12/23/2019","140.00","140.00","140.00","139.80","1.13M","0.00%"
"12/20/2019","140.00","140.00","140.00","140.00","384.26K","0.00%"
"12/19/2019","140.00","140.00","140.00","140.00","469.52K","0.00%"
"12/18/2019","140.00","140.00","140.00","140.00","435.57K","0.00%"
"12/17/2019","140.00","142.00","149.00","140.00","2.43M","-1.41%"
"12/16/2019","142.00","140.00","142.00","141.10","2.17M","1.43%"
"12/13/2019","140.00","140.00","140.00","140.00","541.00K","0.00%"
"12/12/2019","140.00","140.00","140.00","140.00","12.32M","0.00%"
"12/11/2019","140.00","140.00","141.20","140.00","4.98M","0.00%"
"12/10/2019","140.00","142.00","140.00","140.00","2.19M","-1.41%"
"12/09/2019","142.00","142.70","142.00","140.00","12.86M","-0.49%"
"12/06/2019","142.70","143.00","142.70","140.00","12.75M","-0.21%"
"12/05/2019","143.00","143.00","143.00","143.00","217.33K","0.00%"
"12/04/2019","143.00","143.00","143.00","143.00","146.88K","0.00%"
"12/03/2019","143.00","143.00","143.00","142.90","1.47M","0.00%"
"12/02/2019","143.00","142.80","143.00","142.40","2.47M","0.14%"
"11/29/2019","142.80","143.00","143.00","142.80","3.22M","-0.14%"
"11/28/2019","143.00","143.60","143.00","143.00","2.05M","-0.42%"
"11/27/2019","143.60","144.00","143.60","143.60","450.44K","-0.28%"
"11/26/2019","144.00","144.40","144.00","143.60","2.76M","-0.28%"
"11/25/2019","144.40","144.40","144.40","144.40","852.11K","0.00%"
"11/22/2019","144.40","144.90","144.40","144.40","437.14K","-0.35%"
"11/21/2019","144.90","144.00","144.90","144.90","870.13K","0.62%"
"11/20/2019","144.00","144.90","144.00","144.00","1.59M","-0.62%"
"11/19/2019","144.90","144.90","144.90","144.00","4.16M","0.00%"
"11/18/2019","144.90","144.90","145.00","144.90","1.65M","0.00%"
"11/15/2019","144.90","145.00","145.00","144.80","2.54M","-0.07%"
"11/14/2019","145.00","145.00","145.00","144.90","2.31M","0.00%"
"11/13/2019","145.00","147.20","145.00","145.00","1.21M","-1.49%"
"11/12/2019","147.20","145.80","147.20","145.00","1.30M","0.96%"
"11/08/2019","145.80","147.90","145.80","145.80","1.90M","-1.42%"
"11/07/2019","147.90","147.90","147.90","147.90","326.49K","0.00%"
"11/06/2019","147.90","149.50","147.90","147.90","426.31K","-1.07%"
"11/05/2019","149.50","149.50","149.50","149.50","42.15K","0.00%"
"11/04/2019","149.50","149.50","149.50","149.50","565.65K","0.00%"
"11/01/2019","149.50","149.40","149.50","149.50","731.54K","0.07%"
"10/31/2019","149.40","149.00","149.90","149.40","2.37M","0.27%"
"10/30/2019","149.00","146.00","150.00","145.00","3.82M","2.05%"
"10/29/2019","146.00","146.00","146.00","146.00","33.41K","0.00%"
"10/28/2019","146.00","146.00","146.00","146.00","136.92K","0.00%"
"10/25/2019","146.00","146.20","146.00","140.30","1.65M","-0.14%"
"10/24/2019","146.20","146.20","146.20","146.20","8.71K","0.00%"
"10/23/2019","146.20","143.90","146.20","143.00","1.69M","1.60%"
"10/22/2019","143.90","144.00","144.30","143.90","935.86K","-0.07%"
"10/21/2019","144.00","145.00","144.00","144.00","1.72M","-0.69%"
"10/18/2019","145.00","145.00","145.00","145.00","1.02M","0.00%"
"10/17/2019","145.00","145.00","145.00","145.00","104.83K","0.00%"
"10/16/2019","145.00","145.00","145.00","145.00","174.68K","0.00%"
"10/15/2019","145.00","145.00","145.00","145.00","330.29K","0.00%"
"10/14/2019","145.00","144.20","145.00","145.00","1.80M","0.55%"
"10/11/2019","144.20","145.00","144.20","144.20","193.80K","-0.55%"
"10/10/2019","145.00","145.00","145.00","144.90","114.69M","0.00%"
"10/09/2019","145.00","150.90","150.00","143.10","12.50M","-3.91%"
"10/08/2019","150.90","150.90","150.90","150.90","62.29K","0.00%"
"10/07/2019","150.90","151.00","150.90","150.00","1.80M","-0.07%"
"10/04/2019","151.00","151.00","151.00","151.00","39.96K","0.00%"
"10/03/2019","151.00","151.20","151.00","136.10","2.02M","-0.13%"
"10/02/2019","151.20","151.50","151.50","150.00","3.92M","-0.20%"
"09/30/2019","151.50","150.70","151.50","151.40","78.93K","0.53%"
"09/27/2019","150.70","152.00","150.70","150.70","157.18K","-0.86%"
"09/26/2019","152.00","152.00","152.00","152.00","77.97K","0.00%"
"09/25/2019","152.00","154.00","154.00","151.90","1.37M","-1.30%"
"09/24/2019","154.00","154.60","154.00","154.00","103.57K","-0.39%"
"09/23/2019","154.60","155.00","155.00","154.60","664.43K","-0.26%"
"09/20/2019","155.00","155.00","155.00","154.70","148.21K","0.00%"
"09/19/2019","155.00","155.00","155.00","155.00","148.43K","0.00%"
"09/18/2019","155.00","155.00","155.00","155.00","593.96K","0.00%"
"09/17/2019","155.00","155.00","155.00","154.70","527.28K","0.00%"
"09/16/2019","155.00","155.40","158.20","155.00","664.72K","-0.26%"
"09/13/2019","155.40","155.00","155.40","155.00","1.08M","0.26%"
"09/12/2019","155.00","155.00","155.00","155.00","85.20K","0.00%"
"09/11/2019","155.00","155.00","155.00","154.00","283.61K","0.00%"
"09/10/2019","155.00","155.70","155.00","153.00","4.44M","-0.45%"
"09/09/2019","155.70","155.70","155.70","155.70","13.87K","0.00%"
"09/06/2019","155.70","157.70","157.70","147.00","293.52K","-1.27%"
"09/05/2019","157.70","157.70","157.70","157.70","27.42K","0.00%"
"09/04/2019","157.70","160.00","158.00","157.70","1.53M","-1.44%"
"09/03/2019","160.00","160.00","160.00","158.00","662.83K","0.00%"
"09/02/2019","160.00","162.00","160.00","160.00","550.51K","-1.23%"
"08/30/2019","162.00","162.50","167.00","161.00","874.18K","-0.31%"
"08/29/2019","162.50","165.50","165.50","162.50","2.18M","-1.81%"
"08/28/2019","165.50","165.00","165.50","165.50","211.47K","0.30%"
"08/27/2019","165.00","167.00","167.00","164.50","2.07M","-1.20%"
"08/26/2019","167.00","166.50","167.00","165.00","1.30M","0.30%"
"08/23/2019","166.50","167.00","169.00","165.20","1.21M","-0.30%"
"08/22/2019","167.00","166.00","167.00","167.00","247.18K","0.60%"
"08/21/2019","166.00","166.00","166.00","165.00","998.07K","0.00%"
"08/20/2019","166.00","164.50","166.50","166.00","230.69K","0.91%"
"08/19/2019","164.50","164.00","165.00","164.50","2.55M","0.30%"
"08/16/2019","164.00","162.00","172.00","161.00","3.60M","1.23%"
"08/15/2019","162.00","165.00","162.00","162.00","1.06M","-1.82%"
"08/14/2019","165.00","165.00","165.00","165.00","2.11M","0.00%"
"08/09/2019","165.00","165.00","165.00","165.00","30.99K","0.00%"
"08/08/2019","165.00","165.00","165.00","165.00","50.29K","0.00%"
"08/07/2019","165.00","168.00","168.00","165.00","59.31K","-1.79%"
"08/06/2019","168.00","170.00","169.90","168.00","1.50M","-1.18%"
"08/05/2019","170.00","170.00","170.00","170.00","223.65K","0.00%"
"08/02/2019","170.00","170.00","170.00","167.00","2.05M","0.00%"
"08/01/2019","170.00","170.00","170.00","169.00","2.99M","0.00%"
"07/31/2019","170.00","170.00","170.00","167.00","4.02M","0.00%"
"07/30/2019","170.00","170.00","170.00","170.00","1.07M","0.00%"
"07/29/2019","170.00","170.00","170.00","170.00","581.77K","0.00%"
"07/26/2019","170.00","171.00","170.00","170.00","5.06M","-0.58%"
"07/25/2019","171.00","173.00","171.00","171.00","726.02K","-1.16%"
"07/24/2019","173.00","174.00","173.80","171.00","142.52K","-0.57%"
"07/23/2019","174.00","170.00","174.80","170.00","1.87M","2.35%"
"07/22/2019","170.00","170.00","175.00","168.10","2.17M","0.00%"
"07/19/2019","170.00","170.00","170.00","168.00","3.21M","0.00%"
"07/18/2019","170.00","170.00","170.00","170.00","1.76M","0.00%"
"07/17/2019","170.00","170.50","175.00","170.00","1.86M","-0.29%"
"07/16/2019","170.50","170.00","180.00","170.00","1.31M","0.29%"
"07/15/2019","170.00","173.00","170.00","169.90","1.12M","-1.73%"
"07/12/2019","173.00","173.00","173.00","173.00","294.29K","0.00%"
"07/11/2019","173.00","173.50","174.00","173.00","454.28K","-0.29%"
"07/10/2019","173.50","174.70","173.50","173.50","33.86K","-0.69%"
"07/09/2019","174.70","177.00","177.00","174.00","805.87K","-1.30%"
"07/08/2019","177.00","177.00","177.00","176.00","211.65K","0.00%"
"07/05/2019","177.00","177.00","177.00","177.00","13.90K","0.00%"
"07/04/2019","177.00","177.00","180.90","177.00","966.80K","0.00%"
"07/03/2019","177.00","179.90","179.80","179.50","134.14K","-1.61%"
"07/02/2019","179.90","181.00","181.00","179.90","375.96K","-0.61%"
"07/01/2019","181.00","184.00","181.00","181.00","239.70K","-1.63%"
"06/28/2019","184.00","185.00","184.70","184.00","127.75K","-0.54%"
"06/27/2019","185.00","184.00","185.00","179.00","3.60M","0.54%"
"06/26/2019","184.00","184.00","184.00","184.00","37.84K","0.00%"
"06/25/2019","184.00","184.00","184.00","184.00","60.90K","0.00%"
"06/24/2019","184.00","184.00","184.00","184.00","54.71K","0.00%"
"06/21/2019","184.00","182.00","184.00","182.00","1.91M","1.10%"
"06/20/2019","182.00","182.00","182.00","182.00","2.37M","0.00%"
"06/19/2019","182.00","182.10","182.20","182.00","3.83M","-0.05%"
"06/18/2019","182.10","182.40","182.40","182.10","518.00K","-0.16%"
"06/17/2019","182.40","184.00","182.40","182.40","302.16K","-0.87%"
"06/14/2019","184.00","183.00","184.00","184.00","62.17K","0.55%"
"06/13/2019","183.00","185.00","183.50","183.00","2.11M","-1.08%"
"06/11/2019","185.00","189.00","185.00","185.00","156.99K","-2.12%"
"06/10/2019","189.00","189.00","189.00","189.00","54.30K","0.00%"
"06/07/2019","189.00","189.00","189.00","189.00","19.64K","0.00%"
"06/06/2019","189.00","183.80","189.00","180.00","470.50K","-5.41%"
"06/03/2019","199.80","199.50","199.80","199.30","1.28M","0.15%"
"05/31/2019","199.50","199.80","199.50","199.00","1.24M","-0.15%"
"05/30/2019","199.80","201.60","200.00","199.00","530.02K","-0.89%"
"05/28/2019","201.60","192.00","201.60","194.00","6.59M","5.00%"
"05/27/2019","192.00","200.00","194.00","192.00","61.44K","-4.00%"
"05/24/2019","200.00","205.00","200.00","194.00","7.76M","-2.44%"
"05/23/2019","205.00","203.00","215.00","194.70","4.77M","0.99%"
"05/22/2019","203.00","185.00","203.00","185.00","8.74M","9.73%"
"05/21/2019","185.00","178.00","185.30","178.00","3.41M","3.93%"
"05/20/2019","178.00","176.00","178.00","177.00","252.05K","1.14%"
"05/17/2019","176.00","176.00","176.00","176.00","441.70K","0.00%"
"05/16/2019","176.00","178.00","178.20","176.00","234.07K","-1.12%"
"05/15/2019","178.00","178.50","178.00","178.00","340.73K","-0.28%"
"05/14/2019","178.50","178.50","178.50","178.50","247.05K","0.00%"
"05/13/2019","178.50","179.00","178.50","178.00","207.99K","-0.28%"
"05/10/2019","179.00","179.00","179.00","179.00","569.30K","0.00%"
"05/09/2019","179.00","179.50","179.50","179.00","213.46K","0.00%"
"05/08/2019","179.00","181.00","180.50","179.00","65.98K","-1.10%"
"05/07/2019","181.00","181.00","182.00","181.00","1.02M","0.00%"
"05/06/2019","181.00","180.00","181.00","181.00","75.99K","0.56%"
"05/03/2019","180.00","180.00","180.10","180.00","159.47K","0.00%"
"05/02/2019","180.00","180.00","180.80","179.00","1.04M","0.00%"
"04/30/2019","180.00","186.00","185.50","180.00","1.28M","-3.23%"
"04/29/2019","186.00","186.90","186.90","185.50","1.59M","-0.48%"
"04/26/2019","186.90","188.00","190.00","186.90","761.98K","-0.59%"
"04/25/2019","188.00","189.20","190.00","187.90","495.47K","-0.63%"
"04/24/2019","189.20","191.00","191.00","189.20","113.75K","-0.94%"
"04/23/2019","191.00","189.00","191.00","190.00","1.05M","1.06%"
"04/18/2019","189.00","188.00","190.00","189.00","291.56K","0.53%"
"04/17/2019","188.00","186.00","188.00","187.50","219.58K","1.08%"
"04/16/2019","186.00","186.00","186.00","186.00","1.74M","0.00%"
"04/15/2019","186.00","189.00","189.00","186.00","253.79K","-1.59%"
"04/12/2019","189.00","186.00","189.00","186.00","278.65K","1.61%"
"04/11/2019","186.00","186.00","186.00","186.00","333.08K","0.00%"
"04/10/2019","186.00","185.00","186.00","185.00","1.15M","0.54%"
"04/09/2019","185.00","185.50","185.80","185.00","168.23K","-0.27%"
"04/08/2019","185.50","189.00","189.00","175.00","670.86K","-1.85%"
"04/05/2019","189.00","189.00","189.00","189.00","169.21K","0.00%"
"04/04/2019","189.00","190.00","189.00","189.00","138.88K","-0.53%"
"04/03/2019","190.00","193.00","192.00","190.00","1.16M","-1.55%"
"04/02/2019","193.00","191.00","193.00","193.00","547.04K","1.05%"
"04/01/2019","191.00","191.00","191.00","191.00","1.61M","0.00%"
"03/29/2019","191.00","190.00","195.00","191.00","1.24M","0.53%"
"03/28/2019","190.00","190.00","190.00","190.00","20.42K","0.00%"
"03/27/2019","190.00","190.00","190.00","190.00","94.42K","0.00%"
"03/26/2019","190.00","188.50","190.00","188.50","2.00M","0.80%"
"03/25/2019","188.50","189.70","188.80","188.50","810.88K","-0.63%"
"03/22/2019","189.70","188.10","189.70","189.10","363.53K","0.85%"
"03/21/2019","188.10","189.40","189.50","188.10","623.11K","-0.69%"
"03/20/2019","189.40","189.40","189.40","189.40","56.40K","0.00%"
"03/19/2019","189.40","189.90","190.00","189.40","1.41M","-0.26%"
"03/18/2019","189.90","190.00","190.00","189.90","324.16K","-0.05%"
"03/15/2019","190.00","190.00","191.50","190.00","541.87K","0.00%"
"03/14/2019","190.00","192.00","192.00","190.00","149.23K","-1.04%"
"03/13/2019","192.00","194.00","192.00","192.00","89.01K","-1.03%"
"03/12/2019","194.00","195.00","195.00","193.70","2.24M","-0.51%"
"03/11/2019","195.00","195.00","195.00","195.00","1.44M","0.00%"
"03/08/2019","195.00","195.00","195.00","195.00","103.86K","0.00%"
"03/07/2019","195.00","196.50","196.00","195.00","201.31K","-0.76%"
"03/06/2019","196.50","196.00","196.50","195.00","876.24K","0.26%"
"03/05/2019","196.00","197.00","196.90","196.00","394.15K","-0.51%"
"03/04/2019","197.00","196.60","197.00","195.50","2.61M","0.20%"
"03/01/2019","196.60","195.30","196.60","195.00","1.68M","0.67%"
"02/28/2019","195.30","192.50","211.70","195.00","3.22M","1.45%"
"02/27/2019","192.50","192.50","192.50","192.00","1.04M","0.00%"
"02/26/2019","192.50","192.50","192.50","192.10","253.09K","0.00%"
"02/25/2019","192.50","192.40","192.50","190.50","762.72K","0.05%"
"02/22/2019","192.40","193.00","192.40","192.40","192.95K","-0.31%"
"02/21/2019","193.00","192.40","193.00","192.40","268.48K","0.31%"
"02/20/2019","192.40","192.50","192.40","190.00","2.11M","-0.05%"
"02/19/2019","192.50","193.30","192.90","190.00","5.00M","-0.41%"
"02/18/2019","193.30","194.00","193.30","187.10","61.66K","-0.36%"
"02/15/2019","194.00","191.00","197.00","191.90","2.34M","1.57%"
"02/14/2019","191.00","190.00","191.00","191.00","187.84K","0.53%"
"02/13/2019","190.00","189.30","192.00","189.20","3.44M","0.37%"
"02/12/2019","189.30","185.00","189.30","185.00","7.94M","2.32%"
"02/11/2019","185.00","185.50","189.50","185.00","4.02M","-0.27%"
"02/08/2019","185.50","190.00","190.00","185.10","5.64M","-2.37%"
"02/07/2019","190.00","188.00","190.00","185.00","3.10M","1.06%"
"02/06/2019","188.00","189.50","188.00","188.00","453.77K","-0.79%"
"02/05/2019","189.50","190.00","189.50","185.00","512.55K","-0.26%"
"02/04/2019","190.00","190.00","190.00","190.00","443.31K","0.00%"
"02/01/2019","190.00","190.00","191.00","189.90","560.26K","0.00%"
"01/31/2019","190.00","194.00","190.00","190.00","297.98K","-2.06%"
"01/30/2019","194.00","194.00","194.00","194.00","211.03K","0.00%"
"01/29/2019","194.00","194.00","194.00","194.00","100.54K","0.00%"
"01/28/2019","194.00","194.00","194.00","194.00","33.18K","0.00%"
"01/25/2019","194.00","192.00","194.00","192.00","421.67K","1.04%"
"01/24/2019","192.00","190.00","192.00","190.00","324.94K","1.05%"
"01/23/2019","190.00","190.00","190.00","189.00","181.06K","0.00%"
"01/22/2019","190.00","190.00","190.00","185.00","687.32K","0.00%"
"01/21/2019","190.00","194.90","192.00","190.00","43.86K","-2.51%"
"01/18/2019","194.90","190.00","194.90","190.00","478.78K","2.58%"
"01/17/2019","190.00","188.00","190.00","183.50","1.12M","1.06%"
"01/16/2019","188.00","180.00","188.00","178.00","1.08M","4.44%"
"01/15/2019","180.00","180.00","180.00","180.00","297.83K","0.00%"
"01/14/2019","180.00","177.00","180.00","174.00","237.78K","1.69%"
"01/11/2019","177.00","171.50","188.60","172.00","3.92M","3.21%"
"01/10/2019","171.50","170.00","171.50","171.50","97.99K","0.88%"
"01/09/2019","170.00","186.00","176.00","170.00","289.51K","-8.60%"
"01/08/2019","186.00","186.00","186.00","186.00","41.88K","0.00%"
"01/07/2019","186.00","186.00","186.00","186.00","124.18K","0.00%"
"01/04/2019","186.00","186.00","186.00","186.00","89.46K","0.00%"
"01/03/2019","186.00","186.00","186.00","186.00","18.32K","0.00%"
"01/02/2019","186.00","189.70","186.00","186.00","178.42K","-1.95%"
"12/31/2018","189.70","183.00","189.70","183.00","3.22M","3.66%"
"12/28/2018","183.00","187.70","187.00","183.00","1.07M","-2.50%"
"12/27/2018","187.70","194.00","187.90","187.20","379.27K","-3.25%"
"12/24/2018","194.00","187.00","195.00","186.00","8.70M","3.74%"
"12/21/2018","187.00","190.00","190.00","186.10","3.14M","-1.58%"
"12/20/2018","190.00","186.00","190.00","185.00","2.04M","2.15%"
"12/19/2018","186.00","189.00","189.00","186.00","2.70M","-1.59%"
"12/18/2018","189.00","185.00","189.00","185.50","1.31M","2.16%"
"12/17/2018","185.00","185.00","185.00","185.00","20.01K","0.00%"
"12/14/2018","185.00","186.00","185.00","185.00","180.20K","-0.54%"
"12/13/2018","186.00","186.00","186.10","186.00","980.44K","0.00%"
"12/12/2018","186.00","185.50","186.00","185.00","753.67K","0.27%"
"12/11/2018","185.50","184.20","185.50","184.50","1.55M","0.71%"
"12/10/2018","184.20","184.00","189.80","184.20","640.02K","0.11%"
"12/07/2018","184.00","185.00","185.00","184.00","320.39K","-0.54%"
"12/06/2018","185.00","190.00","185.10","185.00","529.73K","-2.63%"
"12/05/2018","190.00","185.00","190.00","185.00","1.46M","2.70%"
"12/04/2018","185.00","185.00","185.50","185.00","958.00K","0.00%"
"12/03/2018","185.00","186.90","186.90","185.00","3.64M","-1.02%"
"11/30/2018","186.90","185.00","189.90","185.00","2.27M","1.03%"
"11/29/2018","185.00","190.00","189.20","185.00","1.08M","-2.63%"
"11/28/2018","190.00","193.00","193.00","190.00","205.41K","-1.55%"
"11/27/2018","193.00","195.00","193.00","193.00","65.18K","-1.03%"
"11/26/2018","195.00","195.00","198.00","195.00","1.45M","0.00%"
"11/23/2018","195.00","200.00","195.00","195.00","99.07K","-2.50%"
"11/22/2018","200.00","200.00","200.00","200.00","33.22K","0.00%"
"11/21/2018","200.00","203.50","200.10","200.00","953.87K","-1.72%"
"11/19/2018","203.50","203.50","203.50","203.50","112.42K","0.00%"
"11/16/2018","203.50","205.00","203.50","202.20","367.08K","-0.73%"
"11/15/2018","205.00","205.00","205.00","205.00","146.97K","0.00%"
"11/14/2018","205.00","205.00","205.10","205.00","131.30K","0.00%"
"11/13/2018","205.00","205.00","210.00","205.00","471.53K","0.00%"
"11/12/2018","205.00","205.00","205.00","205.00","10.10K","0.00%"
"11/09/2018","205.00","205.00","205.00","205.00","2.09M","0.00%"
"11/08/2018","205.00","205.00","205.00","205.00","4.62K","0.00%"
"11/07/2018","205.00","205.00","205.00","205.00","1.63M","0.00%"
"11/06/2018","205.00","205.00","205.00","205.00","10.26K","0.00%"
"11/05/2018","205.00","204.90","205.00","204.90","340.72K","0.05%"
"11/02/2018","204.90","203.00","205.00","203.00","4.65M","0.94%"
"11/01/2018","203.00","209.00","203.00","203.00","66.59K","-2.87%"
"10/31/2018","209.00","216.00","210.00","209.00","119.31K","-3.24%"
"10/30/2018","216.00","212.50","221.50","210.00","7.36M","1.65%"
"10/29/2018","212.50","211.00","212.50","208.00","2.30M","0.71%"
"10/26/2018","211.00","200.50","211.00","210.00","96.73K","5.24%"
"10/25/2018","200.50","200.00","200.70","200.00","4.70M","0.25%"
"10/24/2018","200.00","214.50","210.00","200.00","307.24K","-6.76%"
"10/23/2018","214.50","210.00","216.00","214.50","532.73K","2.14%"
"10/22/2018","210.00","210.00","210.00","210.00","179.66K","0.00%"
"10/19/2018","210.00","206.00","210.00","206.00","425.82K","1.94%"
"10/18/2018","206.00","200.00","213.00","206.00","598.62K","3.00%"
"10/17/2018","200.00","205.00","201.00","200.00","2.29M","-2.44%"
"10/16/2018","205.00","200.00","205.00","200.00","1.99M","2.50%"
"10/15/2018","200.00","200.00","200.00","200.00","7.39K","0.00%"
"10/12/2018","200.00","200.00","200.00","200.00","289.52K","0.00%"
"10/11/2018","200.00","200.00","200.00","200.00","16.90K","0.00%"
"10/10/2018","200.00","200.00","200.10","200.00","2.50M","0.00%"
"10/09/2018","200.00","200.00","200.00","199.90","777.15K","0.00%"
"10/08/2018","200.00","200.00","200.00","200.00","123.13K","0.00%"
"10/05/2018","200.00","200.10","200.10","200.00","390.96K","-0.05%"
"10/04/2018","200.10","200.10","200.10","200.10","32.79K","0.00%"
"10/03/2018","200.10","205.00","200.30","200.00","925.37K","-2.39%"
"10/02/2018","205.00","205.00","205.00","205.00","274.15K","0.00%"
"09/28/2018","205.00","205.00","205.00","205.00","62.98K","0.00%"
"09/27/2018","205.00","205.00","205.00","205.00","73.78K","0.00%"
"09/26/2018","205.00","210.00","205.00","205.00","228.86K","-2.38%"
"09/25/2018","210.00","205.00","210.00","209.90","265.31K","2.44%"
"09/24/2018","205.00","205.00","205.00","205.00","168.95K","0.00%"
"09/21/2018","205.00","210.00","205.00","204.80","762.36K","-2.38%"
"09/20/2018","210.00","210.00","210.00","210.00","525.86K","0.00%"
"09/19/2018","210.00","210.00","210.00","210.00","11.96K","0.00%"
"09/18/2018","210.00","210.00","210.00","210.00","308.27K","0.00%"
"09/17/2018","210.00","210.00","210.00","210.00","10.93K","0.00%"
"09/14/2018","210.00","210.00","210.10","210.00","742.89K","0.00%"
"09/13/2018","210.00","210.00","210.10","210.00","4.93M","0.00%"
"09/12/2018","210.00","223.00","210.00","210.00","18.70M","-5.83%"
"09/11/2018","223.00","223.00","223.00","223.00","129.86K","0.00%"
"09/10/2018","223.00","223.00","223.00","223.00","124.33K","0.00%"
"09/07/2018","223.00","224.00","223.00","215.00","77.05K","-0.45%"
"09/06/2018","224.00","223.00","224.00","224.00","253.58K","0.45%"
"09/05/2018","223.00","230.00","223.00","217.00","91.08K","-3.04%"
"09/04/2018","230.00","230.00","230.00","230.00","88.82K","0.00%"
"09/03/2018","230.00","228.00","230.00","210.00","425.97K","0.88%"
"08/31/2018","228.00","228.00","228.00","210.00","25.29M","0.00%"
"08/30/2018","228.00","229.00","228.00","225.00","257.85K","-0.44%"
"08/29/2018","229.00","230.00","229.00","229.00","231.53K","-0.43%"
"08/28/2018","230.00","230.00","230.00","230.00","341.16K","0.00%"
"08/27/2018","230.00","235.00","230.00","217.20","191.18K","-2.13%"
"08/24/2018","235.00","240.00","240.00","235.00","102.03K","2.17%"
"08/23/2018","230.00","215.00","230.00","215.00","1.36M","6.98%"
"08/20/2018","215.00","220.00","229.50","220.00","1.15M","-2.27%"
"08/17/2018","220.00","206.00","224.00","219.90","347.70K","6.80%"
"08/16/2018","206.00","214.00","206.00","206.00","213.07K","-3.74%"
"08/15/2018","214.00","214.00","214.00","214.00","203.71K","0.00%"
"08/14/2018","214.00","214.00","214.00","213.00","401.37K","0.00%"
"08/13/2018","214.00","214.00","214.00","214.00","95.23K","0.00%"
"08/10/2018","214.00","228.00","214.00","214.00","47.20K","-6.14%"
"08/09/2018","228.00","228.00","228.00","228.00","1.33K","0.00%"
"08/08/2018","228.00","228.00","228.00","228.00","2.36K","0.00%"
"08/07/2018","228.00","228.00","228.00","228.00","1.23M","0.00%"
"08/06/2018","228.00","229.00","228.00","228.00","123.58K","-0.44%"
"08/03/2018","229.00","230.00","229.00","229.00","1.29M","-0.43%"
"08/02/2018","230.00","231.00","230.00","230.00","250.83K","-0.43%"
"08/01/2018","231.00","234.00","231.00","231.00","89.57K","-1.28%"
"07/31/2018","234.00","234.00","234.00","234.00","81.20K","0.00%"
"07/30/2018","234.00","234.00","234.00","234.00","43.49K","0.00%"
"07/27/2018","234.00","234.00","234.00","234.00","6.64K","0.00%"
"07/26/2018","234.00","235.00","234.00","234.00","1.81M","-0.43%"
"07/25/2018","235.00","235.00","235.00","235.00","1.57M","0.00%"
"07/24/2018","235.00","236.00","235.00","234.90","2.13M","-0.42%"
"07/23/2018","236.00","234.70","236.00","235.00","2.39M","0.55%"
"07/20/2018","234.70","230.00","234.70","228.80","393.79K","2.04%"
"07/19/2018","230.00","230.00","230.00","230.00","61.32K","0.00%"
"07/18/2018","230.00","230.00","230.00","230.00","66.60K","0.00%"
"07/17/2018","230.00","227.00","230.10","230.00","476.38K","1.32%"
"07/16/2018","227.00","227.00","227.00","227.00","35.16K","0.00%"
"07/13/2018","227.00","227.00","227.00","227.00","993.63K","0.00%"
"07/12/2018","227.00","225.00","227.00","227.00","515.73K","0.89%"
"07/11/2018","225.00","227.00","227.00","225.00","957.63K","-0.88%"
"07/10/2018","227.00","227.00","227.00","227.00","2.20M","0.00%"
"07/09/2018","227.00","225.00","227.00","227.00","809.68K","0.89%"
"07/06/2018","225.00","228.00","225.30","225.00","347.66K","-1.32%"
"07/05/2018","228.00","223.00","228.00","228.00","59.33K","2.24%"
"07/04/2018","223.00","222.80","223.00","223.00","104.79K","0.09%"
"07/03/2018","222.80","224.10","224.10","222.60","2.16M","-0.58%"
"07/02/2018","224.10","229.00","225.00","224.10","1.71M","-2.14%"
"06/29/2018","229.00","229.00","229.00","229.00","34.21K","1.78%"
"06/28/2018","225.00","229.00","229.00","225.00","2.62M","-2.17%"
"06/27/2018","230.00","228.00","230.00","230.00","6.98K","0.00%"
"06/26/2018","230.00","230.00","230.00","230.00","915.19K","0.00%"
"06/25/2018","230.00","230.00","230.00","225.00","5.07M","2.22%"
"06/22/2018","225.00","233.70","225.00","225.00","1.09M","-2.30%"
"06/21/2018","230.30","231.00","231.00","229.80","2.14M","-3.64%"
"06/20/2018","239.00","239.00","239.00","239.00","219.65K","0.00%"
"06/19/2018","239.00","239.00","239.00","239.00","56.13K","0.00%"
"06/14/2018","239.00","235.00","239.00","229.90","2.98M","0.00%"
"06/13/2018","239.00","239.00","239.00","239.00","1.15M","0.00%"
"06/12/2018","239.00","238.80","239.00","238.80","2.19M","1.36%"
"06/11/2018","235.80","235.80","235.80","235.80","59.70K","0.00%"
"06/08/2018","235.80","235.80","235.80","235.80","52.02K","-1.42%"
"06/07/2018","239.20","239.00","239.80","239.00","357.24K","4.00%"
"06/06/2018","230.00","229.00","230.00","229.00","2.96M","0.88%"
"06/05/2018","228.00","228.00","228.00","228.00","4.00M","2.24%"
"06/04/2018","223.00","229.60","223.00","220.40","3.60M","0.00%"
"06/01/2018","223.00","228.00","223.00","220.00","1.14M","-7.08%"
"05/31/2018","240.00","240.00","240.00","240.00","2.34M","-1.03%"
"05/30/2018","242.50","247.00","242.50","242.50","221.71K","-1.02%"
"05/28/2018","245.00","244.50","245.00","244.40","82.55K","0.41%"
"05/25/2018","244.00","245.00","245.00","244.00","1.24M","0.00%"
"05/24/2018","244.00","244.00","244.00","243.90","233.83K","0.00%"
"05/23/2018","244.00","244.00","244.00","244.00","13.60K","0.00%"
"05/22/2018","244.00","243.00","244.00","243.00","188.66K","-0.41%"
"05/21/2018","245.00","245.00","245.00","245.00","558.83K","0.00%"
"05/18/2018","245.00","245.00","245.00","245.00","322.84K","-1.21%"
"05/17/2018","248.00","245.00","248.00","245.00","697.70K","-0.80%"
"05/16/2018","250.00","250.00","250.00","250.00","113.64K","2.67%"
"05/15/2018","243.50","243.50","243.50","243.50","50.51K","0.00%"
"05/14/2018","243.50","245.00","245.00","243.50","436.91K","-0.61%"
"05/11/2018","245.00","247.50","248.00","245.00","4.03M","0.00%"
"05/10/2018","245.00","244.00","245.00","244.00","242.20K","-1.21%"
"05/09/2018","248.00","244.50","248.00","244.50","131.44K","0.40%"
"05/08/2018","247.00","258.00","258.00","247.00","924.77K","-0.40%"
"05/07/2018","248.00","245.60","248.00","245.60","340.93K","1.02%"
"05/04/2018","245.50","245.50","245.50","245.50","5.01M","0.12%"
"05/03/2018","245.20","240.20","245.20","240.20","544.04K","-1.09%"
"05/02/2018","247.90","246.00","248.00","245.00","8.58M","0.77%"
"04/30/2018","246.00","251.90","246.00","246.00","567.79K","0.41%"
"04/27/2018","245.00","250.00","245.00","245.00","75.98K","0.00%"
"04/26/2018","245.00","245.00","245.00","245.00","33.38K","0.00%"
"04/25/2018","245.00","249.00","249.30","245.00","1.20M","-1.21%"
"04/24/2018","248.00","248.00","248.00","248.00","15.89K","0.00%"
"04/23/2018","248.00","245.10","248.00","245.00","545.47K","-0.60%"
"04/20/2018","249.50","249.50","249.50","249.50","358.12K","-1.19%"
"04/19/2018","252.50","252.50","252.50","252.50","145.72K","1.41%"
"04/18/2018","249.00","245.00","249.00","245.00","321.36K","0.00%"
"04/17/2018","249.00","245.00","249.00","245.00","552.89K","-0.20%"
"04/16/2018","249.50","249.50","249.50","249.50","94.58K","-4.04%"
"04/13/2018","260.00","257.00","260.00","254.00","527.51K","0.78%"
"04/12/2018","258.00","255.10","258.00","255.10","62.64K","-0.77%"
"04/11/2018","260.00","255.00","260.00","255.00","240.54K","1.96%"
"04/10/2018","255.00","255.00","255.00","255.00","131.92K","1.19%"
"04/09/2018","252.00","252.00","252.00","252.00","25.67K","-1.14%"
"04/06/2018","254.90","255.00","255.00","254.90","301.45K","-0.04%"
"04/05/2018","255.00","255.00","255.00","255.00","332.52K","1.59%"
"04/04/2018","251.00","251.00","251.00","251.00","228.03K","0.00%"
"04/03/2018","251.00","253.00","253.00","250.90","347.86K","-3.46%"
"03/29/2018","260.00","253.00","260.00","253.00","889.92K","2.77%"
"03/28/2018","253.00","255.00","255.00","253.00","618.22K","-0.78%"
"03/27/2018","255.00","255.00","255.00","255.00","4.14K","0.00%"
"03/26/2018","255.00","255.00","255.00","255.00","8.12K","0.00%"
"03/23/2018","255.00","260.00","260.00","255.00","62.41K","-3.74%"
"03/22/2018","264.90","264.90","264.90","264.90","16.40K","0.00%"
"03/21/2018","264.90","260.00","264.90","260.00","4.13M","-0.04%"
"03/20/2018","265.00","265.00","265.00","265.00","90.62K","0.00%"
"03/19/2018","265.00","262.90","265.00","262.90","468.25K","0.38%"
"03/16/2018","264.00","262.50","264.00","262.50","947.31K","0.53%"
"03/15/2018","262.60","262.60","262.60","262.60","205.87K","-2.31%"
"03/14/2018","268.80","268.80","268.80","268.80","41.58K","0.15%"
"03/13/2018","268.40","268.90","268.90","268.00","292.94K","1.28%"
"03/12/2018","265.00","265.00","265.00","265.00","78.80K","0.00%"
"03/09/2018","265.00","265.00","265.00","265.00","126.36K","1.15%"
"03/08/2018","262.00","265.00","265.00","262.00","1.83M","-1.13%"
"03/07/2018","265.00","274.50","278.90","265.00","3.33M","-3.60%"
"03/06/2018","274.90","263.10","274.90","263.10","869.70K","-0.04%"
"03/05/2018","275.00","278.10","290.00","265.00","1.54M","3.77%"
"03/02/2018","265.00","265.00","265.00","265.00","1.09M","0.04%"
"03/01/2018","264.90","261.20","264.90","261.10","761.33K","-1.82%"
"02/28/2018","269.80","252.20","269.80","252.20","7.77M","4.98%"
"02/27/2018","257.00","257.00","257.00","257.00","129.16K","-0.77%"
"02/26/2018","259.00","259.00","260.00","259.00","2.11M","-0.38%"
"02/23/2018","260.00","255.00","260.00","260.00","154.50K","0.00%"
"02/22/2018","260.00","260.00","260.00","260.00","139.89K","0.00%"
"02/21/2018","260.00","260.00","260.00","260.00","302.45K","0.00%"
"02/20/2018","260.00","250.00","260.00","247.30","1.05M","3.46%"
"02/19/2018","251.30","251.30","251.30","251.30","31.56K","-3.31%"
"02/16/2018","259.90","259.90","259.90","259.90","54.28K","0.00%"
"02/15/2018","259.90","258.00","259.90","255.00","757.04K","0.58%"
"02/14/2018","258.40","258.70","258.70","258.40","422.80K","-0.12%"
"02/13/2018","258.70","258.40","258.70","258.40","137.92K","-4.89%"
"02/12/2018","272.00","258.00","272.00","258.00","438.35K","1.99%"
"02/09/2018","266.70","267.00","273.00","256.10","484.73K","0.64%"
"02/08/2018","265.00","277.20","270.00","263.40","1.18M","0.38%"
"02/07/2018","264.00","263.90","264.00","263.90","98.58K","-2.22%"
"02/06/2018","270.00","278.00","270.00","270.00","68.40K","0.00%"
"02/05/2018","270.00","265.60","270.00","265.60","571.17K","-2.88%"
"02/02/2018","278.00","278.00","278.00","278.00","201.40K","1.09%"
"02/01/2018","275.00","283.00","275.00","275.00","62.24K","1.85%"
"01/31/2018","270.00","260.30","270.00","260.30","1.25M","0.00%"
"01/30/2018","270.00","260.20","270.00","260.20","204.89K","0.75%"
"01/29/2018","268.00","260.30","268.00","260.20","1.62M","3.05%"
"01/26/2018","260.06","268.00","268.00","260.06","101.14K","-0.04%"
"01/25/2018","260.16","255.63","267.99","255.63","268.09K","-3.29%"
"01/24/2018","269.00","260.00","269.00","255.55","281.99K","0.00%"
"01/23/2018","269.00","259.35","269.00","259.35","292.40K","-1.47%"
"01/22/2018","273.00","273.00","273.00","273.00","33.77K","0.00%"
"01/19/2018","273.00","270.00","273.00","270.00","211.76K","0.00%"
"01/18/2018","273.00","259.40","273.00","259.35","706.46K","0.00%"
"01/17/2018","273.00","260.00","273.00","252.00","11.07M","5.00%"
"01/16/2018","260.00","260.00","260.00","260.00","178.16K","1.96%"
"01/15/2018","255.00","252.01","255.00","252.00","199.96K","1.19%"
"01/12/2018","252.00","252.00","252.56","250.00","1.39M","0.00%"
"01/11/2018","252.00","251.01","255.00","251.01","10.56M","2.02%"
"01/10/2018","247.00","237.50","247.00","237.50","6.91M","4.00%"
"01/09/2018","237.50","237.50","237.50","235.00","1.42M","1.38%"
"01/08/2018","234.26","230.00","234.26","229.99","959.22K","5.00%"
"01/05/2018","223.11","223.11","223.11","223.11","117.23K","0.00%"
"01/04/2018","223.11","228.00","229.00","223.11","1.24M","0.05%"
"01/03/2018","223.00","223.00","223.00","223.00","67.55K","-3.04%"
"01/02/2018","230.00","230.00","230.00","218.52","611.85K","0.00%"
"12/29/2017","230.00","230.00","230.00","230.00","1.11M","0.00%"
"12/28/2017","230.00","230.00","230.00","229.00","4.00M","-0.22%"
"12/27/2017","230.50","235.00","235.00","230.00","372.47K","-3.96%"
"12/22/2017","240.00","239.99","240.00","239.99","95.23K","0.84%"
"12/21/2017","238.00","230.00","238.00","230.00","233.17K","3.93%"
"12/20/2017","229.00","228.50","229.00","228.50","2.37M","0.22%"
"12/19/2017","228.50","230.00","230.00","228.50","1.04M","-0.65%"
"12/18/2017","230.00","230.01","230.01","230.00","550.09M","-4.17%"
"12/15/2017","240.00","230.00","240.00","230.00","735.95K","4.35%"
"12/14/2017","230.00","235.00","235.00","229.97","1.29M","-4.12%"
"12/13/2017","239.88","241.00","241.00","239.88","221.91K","-0.46%"
"12/12/2017","241.00","245.00","245.00","241.00","95.48M","0.04%"
"12/11/2017","240.90","245.00","245.00","240.00","1.05M","-1.67%"
"12/08/2017","245.00","250.00","250.00","245.00","239.30K","-2.00%"
"12/07/2017","250.00","251.00","251.00","250.00","406.07K","-0.40%"
"12/06/2017","251.00","246.80","252.00","251.00","3.38M","0.40%"
"12/05/2017","250.00","250.00","250.00","246.05","3.28M","1.71%"
"12/04/2017","245.80","245.00","245.80","245.00","613.64K","0.33%"
"11/30/2017","245.00","241.00","245.00","241.00","1.04M","1.66%"
"11/29/2017","241.00","240.50","241.00","240.50","579.71K","0.00%"
"11/28/2017","241.00","240.15","241.00","240.15","493.84K","0.42%"
"11/27/2017","240.00","240.00","240.00","240.00","4.12M","0.00%"
"11/24/2017","240.00","235.00","240.50","235.00","403.71K","4.35%"
"11/23/2017","230.00","230.00","234.99","230.00","197.83K","0.00%"
"11/22/2017","230.00","230.00","230.00","230.00","5.07M","0.00%"
"11/21/2017","230.00","230.00","230.00","230.00","8.97K","0.00%"
"11/20/2017","230.00","230.00","230.00","230.00","582.33K","0.00%"
"11/17/2017","230.00","230.00","230.00","229.99","698.73K","0.00%"
"11/16/2017","230.00","235.00","230.00","230.00","13.84K","0.00%"
"11/15/2017","230.00","230.00","230.00","230.00","228.79K","-2.77%"
"11/14/2017","236.55","249.00","238.00","236.55","1.41M","-0.61%"
"11/13/2017","238.00","234.87","238.00","234.87","128.92M","3.93%"
"11/10/2017","229.01","229.01","229.01","229.01","10.34K","0.00%"
"11/09/2017","229.01","229.01","229.01","229.01","66.10K","-0.86%"
"11/08/2017","231.00","229.00","231.00","229.00","312.87K","0.87%"
"11/07/2017","229.00","227.00","229.00","227.00","741.99K","0.88%"
"11/06/2017","227.00","227.00","227.00","227.00","414.58K","0.00%"
"11/03/2017","227.00","227.00","227.00","227.00","62.24K","0.00%"
"11/02/2017","227.00","227.00","227.00","226.93","609.33K","-0.22%"
"11/01/2017","227.50","220.00","227.50","220.00","495.61K","1.56%"
"10/31/2017","224.00","219.00","224.00","218.99","981.47K","2.28%"
"10/30/2017","219.00","219.00","219.00","218.99","1.17M","0.01%"
"10/27/2017","218.98","218.00","219.00","218.00","2.43M","-0.01%"
"10/26/2017","219.00","219.00","219.00","219.00","9.21K","0.00%"
"10/25/2017","219.00","219.00","219.00","219.00","443.98K","0.00%"
"10/24/2017","219.00","219.00","219.00","219.00","157.40K","-0.45%"
"10/23/2017","219.99","211.00","219.99","210.00","1.46M","0.00%"
"10/20/2017","220.00","220.00","220.00","220.00","8.36K","0.00%"
"10/19/2017","220.00","220.00","220.00","220.00","50.91K","0.00%"
"10/18/2017","220.00","220.00","220.00","220.00","36.30K","0.00%"
"10/17/2017","220.00","220.00","220.00","219.97","3.49M","-1.78%"
"10/16/2017","223.98","223.99","223.99","223.98","65.79K","0.21%"
"10/13/2017","223.50","224.00","224.00","223.50","466.45K","-0.22%"
"10/12/2017","224.00","224.00","224.00","224.00","5.56K","0.00%"
"10/11/2017","224.00","224.01","224.01","224.00","86.22K","0.00%"
"10/10/2017","224.00","224.00","224.00","224.00","1.45M","0.00%"
"10/09/2017","224.00","224.00","225.00","224.00","831.22K","2.94%"
"10/06/2017","217.61","216.71","217.62","216.71","83.15K","1.21%"
"10/05/2017","215.00","210.00","215.00","210.00","1.05M","2.38%"
"10/04/2017","210.00","212.49","212.49","210.00","240.49K","0.00%"
"10/03/2017","210.00","219.00","213.00","210.00","2.42M","-1.40%"
"09/29/2017","212.99","212.99","212.99","212.99","4.48K","0.00%"
"09/28/2017","212.99","210.00","212.99","205.00","5.82M","1.42%"
"09/27/2017","210.00","200.00","210.00","200.00","535.34K","1.94%"
"09/26/2017","206.00","210.00","210.00","206.00","2.11M","-3.29%"
"09/25/2017","213.00","213.00","213.00","213.00","27.80K","0.00%"
"09/22/2017","213.00","210.00","213.00","210.00","598.90K","1.43%"
"09/21/2017","210.00","210.00","210.00","210.00","54.24K","-1.59%"
"09/20/2017","213.39","205.60","213.39","205.60","321.03K","3.69%"
"09/19/2017","205.80","215.00","205.80","205.79","371.97K","0.00%"
"09/18/2017","205.80","205.80","205.80","205.80","37.79K","0.00%"
"09/15/2017","205.80","210.00","205.80","205.00","1.51M","-3.83%"
"09/14/2017","213.99","214.69","213.99","213.90","60.22K","2.39%"
"09/13/2017","209.00","208.00","209.00","209.00","18.32K","0.00%"
"09/12/2017","209.00","218.50","209.00","209.00","92.01K","-0.48%"
"09/11/2017","210.00","215.00","215.00","210.00","166.80K","-2.33%"
"09/08/2017","215.00","214.89","215.00","214.89","248.47K","-0.88%"
"09/07/2017","216.91","216.91","216.91","216.91","60.35K","4.73%"
"09/06/2017","207.12","205.13","210.00","205.13","184.54K","1.03%"
"09/05/2017","205.00","209.00","209.00","205.00","2.08M","0.00%"
"08/31/2017","205.00","205.00","206.00","204.50","7.26M","0.23%"
"08/30/2017","204.52","205.00","205.21","204.52","3.22M","-3.82%"
"08/29/2017","212.65","205.25","212.65","205.25","184.98K","-1.09%"
"08/28/2017","214.99","215.00","215.00","214.98","721.01K","-0.47%"
"08/25/2017","216.00","216.00","216.00","216.00","47.52K","-0.26%"
"08/24/2017","216.56","218.00","218.00","216.55","230.79K","-3.71%"
"08/23/2017","224.90","224.50","224.90","224.90","4.17K","0.00%"
"08/22/2017","224.90","225.00","224.90","224.90","49.56K","4.30%"
"08/21/2017","215.62","215.50","220.00","215.00","4.41M","-4.17%"
"08/18/2017","225.00","219.00","225.00","215.00","2.78M","2.37%"
"08/17/2017","219.80","215.00","219.90","212.50","2.65M","2.71%"
"08/16/2017","214.00","215.50","215.50","213.75","154.41K","-4.89%"
"08/15/2017","225.00","229.00","229.00","225.00","323.43K","-4.26%"
"08/14/2017","235.00","239.00","239.00","235.00","34.17K","-2.08%"
"08/11/2017","240.00","240.00","240.00","240.00","472.28K","0.00%"
"08/10/2017","240.00","240.00","240.00","240.00","283.96K","0.00%"
"08/09/2017","240.00","240.00","240.00","240.00","90.51K","0.00%"
"08/08/2017","240.00","240.79","240.79","240.00","1.10M","-0.33%"
"08/07/2017","240.79","240.00","242.00","240.00","606.15K","-0.50%"
"08/04/2017","242.00","240.00","242.00","240.00","3.08M","0.83%"
"08/03/2017","240.00","240.00","240.00","240.00","673.49K","0.00%"
"08/02/2017","239.99","228.00","239.99","228.00","505.23K","0.00%"
"08/01/2017","240.00","233.91","240.00","222.22","417.76M","7.26%"
"07/31/2017","223.75","226.00","226.00","223.74","377.38K","-4.99%"
"07/28/2017","235.51","235.02","245.00","235.01","981.11K","-3.87%"
"07/27/2017","244.99","243.00","244.99","243.00","438.51K","0.00%"
"07/26/2017","245.00","238.00","245.17","238.00","2.44M","4.93%"
"07/25/2017","233.50","224.00","233.50","223.63","3.13M","4.90%"
"07/24/2017","222.60","213.97","222.60","213.97","2.12M","5.00%"
"07/21/2017","212.00","209.00","212.00","209.00","1.70M","1.44%"
"07/20/2017","209.00","209.00","209.00","209.00","412.15K","0.48%"
"07/19/2017","208.00","211.00","211.00","208.00","1.86M","-0.95%"
"07/18/2017","210.00","208.01","210.00","208.01","57.28K","0.38%"
"07/17/2017","209.20","206.49","210.00","206.49","925.03K","0.10%"
"07/14/2017","209.00","208.00","210.00","209.00","2.93M","0.43%"
"07/13/2017","208.11","205.11","208.11","207.60","1.00M","0.90%"
"07/12/2017","206.26","207.00","207.00","206.20","268.37K","0.02%"
"07/11/2017","206.21","205.00","206.93","205.00","646.92K","0.62%"
"07/10/2017","204.93","204.93","204.93","204.93","280.40K","0.00%"
"07/07/2017","204.93","202.20","204.93","202.20","1.16M","0.49%"
"07/06/2017","203.94","202.02","203.94","202.00","3.65M","0.96%"
"07/05/2017","202.01","202.00","202.02","202.00","1.61M","0.00%"
"07/04/2017","202.00","202.00","202.00","202.00","41.39K","0.00%"
"07/03/2017","202.00","203.49","203.49","202.00","378.23K","-1.46%"
"06/30/2017","204.99","200.00","204.99","200.00","4.94M","0.00%"
"06/29/2017","204.98","210.00","205.00","200.00","956.76K","2.49%"
"06/28/2017","200.00","195.00","200.00","199.90","247.99K","2.25%"
"06/23/2017","195.60","199.98","199.98","195.60","431.29K","-4.59%"
"06/22/2017","205.00","200.00","205.00","194.75","1.55M","0.00%"
"06/21/2017","205.00","205.00","208.00","204.99","1.60M","-4.19%"
"06/20/2017","213.97","205.00","213.97","203.05","1.57M","1.89%"
"06/19/2017","210.00","205.00","210.00","204.00","3.29M","2.44%"
"06/16/2017","205.00","205.00","205.00","200.00","3.06M","0.00%"
"06/15/2017","205.00","205.00","205.50","204.00","1.54M","0.00%"
"06/14/2017","204.99","205.22","206.00","204.99","718.22K","-0.03%"
"06/13/2017","205.05","206.01","206.01","205.00","1.27M","-0.15%"
"06/12/2017","205.36","205.00","210.00","205.00","2.75M","0.18%"
"06/09/2017","205.00","214.99","205.00","204.25","3.37M","0.00%"
"06/08/2017","205.00","205.00","205.00","205.00","1.08M","-1.90%"
"06/07/2017","208.97","194.00","208.97","194.00","857.06K","4.75%"
"06/06/2017","199.50","200.00","200.00","199.50","2.36M","-5.00%"
"06/05/2017","210.00","202.57","210.01","201.00","8.26M","8.85%"
"06/02/2017","192.93","192.90","192.93","183.75","7.19M","5.00%"
"06/01/2017","183.75","183.50","183.75","183.50","2.38M","5.00%"
"05/31/2017","175.00","170.12","175.45","170.12","1.13M","4.73%"
"05/30/2017","167.10","165.60","169.00","165.60","4.44M","0.18%"
"05/26/2017","166.80","165.00","168.00","165.00","601.45K","2.33%"
"05/25/2017","163.00","163.00","163.00","163.00","43.67K","0.00%"
"05/24/2017","163.00","163.00","163.00","163.00","1.36M","0.61%"
"05/23/2017","162.01","163.00","163.00","162.01","100.11K","-0.61%"
"05/22/2017","163.00","163.00","163.50","163.00","532.57K","0.01%"
"05/19/2017","162.99","164.00","164.00","162.50","6.02M","-0.01%"
"05/18/2017","163.00","163.00","164.00","162.01","3.99M","0.00%"
"05/17/2017","163.00","163.50","163.00","163.00","70.07K","0.00%"
"05/16/2017","163.00","163.01","163.50","163.00","10.03M","-0.01%"
"05/15/2017","163.01","162.00","163.50","163.00","1.81M","-1.21%"
"05/12/2017","165.00","173.30","174.95","165.00","2.09M","-4.79%"
"05/11/2017","173.30","165.05","173.30","165.00","8.77M","4.39%"
"05/10/2017","166.01","164.00","169.00","164.00","1.61M","2.48%"
"05/09/2017","162.00","159.50","162.00","159.50","665.66K","1.57%"
"05/08/2017","159.50","159.50","159.50","159.50","745.30K","0.00%"
"05/05/2017","159.50","159.15","159.50","159.00","985.69K","0.31%"
"05/04/2017","159.00","159.00","159.00","158.99","1.07M","0.01%"
"05/03/2017","158.99","159.00","159.00","158.99","1.41M","-0.01%"
"05/02/2017","159.00","159.00","159.00","159.00","103.97K","0.00%"
"04/28/2017","159.00","159.00","162.00","159.00","972.04K","-0.63%"
"04/27/2017","160.00","160.00","160.00","160.00","783.40K","0.63%"
"04/26/2017","159.00","162.00","162.00","159.00","372.71K","-3.64%"
"04/25/2017","165.00","165.00","165.00","165.00","15.39K","0.00%"
"04/24/2017","165.00","166.95","166.95","163.00","303.35K","3.77%"
"04/21/2017","159.00","159.00","159.00","159.00","1.51K","0.00%"
"04/20/2017","159.00","159.01","159.01","159.00","130.21K","-0.63%"
"04/19/2017","160.00","160.00","160.00","160.00","120.75K","0.00%"
"04/18/2017","160.00","160.00","160.00","160.00","524.54K","-2.44%"
"04/13/2017","164.00","164.00","164.00","164.00","36.18K","0.00%"
"04/12/2017","164.00","164.00","164.00","164.00","2.81K","0.00%"
"04/11/2017","164.00","164.00","164.00","164.00","2.04M","-0.36%"
"04/10/2017","164.60","164.60","164.60","164.60","7.42K","0.00%"
"04/07/2017","164.60","164.60","164.60","164.60","14.24K","0.00%"
"04/06/2017","164.60","164.60","164.60","164.60","39.68K","2.17%"
"04/05/2017","161.10","162.04","162.04","161.10","55.32K","0.00%"
"04/04/2017","161.10","161.10","161.10","161.10","31.19K","0.00%"
"04/03/2017","161.10","161.10","161.10","161.10","56.85K","-2.36%"
"03/31/2017","165.00","165.00","165.00","165.00","22.64K","0.00%"
"03/30/2017","165.00","165.00","165.00","165.00","5.32M","1.85%"
"03/29/2017","162.00","162.00","162.00","162.00","707.38K","0.00%"
"03/28/2017","162.00","162.00","162.00","162.00","42.49K","-1.82%"
"03/27/2017","165.00","165.00","165.00","165.00","27.12K","0.00%"
"03/24/2017","165.00","165.00","165.00","165.00","29.74K","0.00%"
"03/23/2017","165.00","165.00","165.00","165.00","37.10K","0.00%"
"03/22/2017","165.00","165.00","165.00","165.00","26.65K","0.00%"
"03/21/2017","165.00","165.00","165.00","165.00","1.21M","0.00%"
"03/20/2017","165.00","166.99","165.00","165.00","381.77K","-0.60%"
"03/17/2017","166.00","164.00","166.00","164.00","364.00K","3.75%"
"03/16/2017","160.00","160.00","160.00","160.00","40.82K","-0.31%"
"03/15/2017","160.50","167.00","160.50","160.50","14.24K","0.00%"
"03/14/2017","160.50","160.50","160.50","160.50","110.35K","0.31%"
"03/13/2017","160.00","160.00","160.00","160.00","41.39K","-0.62%"
"03/10/2017","161.00","160.00","165.00","161.00","408.77K","0.78%"
"03/09/2017","159.75","159.75","159.75","159.75","32.30K","5.00%"
"03/08/2017","152.15","152.15","152.15","152.15","62.77K","-2.85%"
"03/07/2017","156.61","156.61","156.61","156.61","54.83K","4.92%"
"03/06/2017","149.26","157.00","149.26","149.26","111.32K","-7.03%"
"03/03/2017","160.55","160.55","160.55","160.55","200.43K","0.00%"
"03/02/2017","160.55","160.55","160.55","160.55","123.54K","-4.99%"
"03/01/2017","168.99","168.99","168.99","168.99","11.00K","0.00%"
"02/28/2017","168.99","168.99","168.99","168.99","13.85K","0.00%"
"02/27/2017","168.99","168.99","168.99","168.99","12.30K","0.00%"
"02/24/2017","168.99","168.99","168.99","168.99","27.90K","0.00%"
"02/23/2017","168.99","168.99","168.99","168.99","31.88K","0.00%"
"02/22/2017","168.99","168.99","168.99","168.99","119.50K","0.00%"
"02/21/2017","168.99","169.00","169.00","168.99","69.77K","-0.01%"
"02/20/2017","169.00","169.00","169.00","169.00","568.11K","0.00%"
"02/17/2017","169.00","169.00","169.00","169.00","502.57K","0.00%"
"02/16/2017","169.00","175.00","169.00","169.00","72.58K","0.00%"
"02/15/2017","169.00","169.00","169.00","169.00","45.77K","0.59%"
"02/14/2017","168.01","168.01","168.01","168.01","12.86K","0.00%"
"02/13/2017","168.01","168.00","168.01","168.00","91.30K","0.54%"
"02/10/2017","167.11","167.11","167.11","167.11","13.63K","0.00%"
"02/09/2017","167.11","167.11","167.11","167.11","232.22K","0.00%"
"02/08/2017","167.11","167.00","167.11","167.00","347.80K","0.67%"
"02/07/2017","166.00","166.00","166.00","166.00","119.66K","0.60%"
"02/06/2017","165.01","167.00","167.00","165.01","371.43K","-1.78%"
"02/03/2017","168.00","168.00","168.00","168.00","14.12K","0.00%"
"02/02/2017","168.00","168.00","168.00","168.00","212.69K","0.00%"
"02/01/2017","168.00","168.00","168.00","168.00","81.48K","1.20%"
"01/31/2017","166.00","166.00","166.00","166.00","62.01K","0.00%"
"01/30/2017","166.00","166.00","166.00","166.00","63.27K","-0.60%"
"01/27/2017","167.01","167.01","167.01","167.01","52.74K","0.00%"
"01/26/2017","167.01","167.01","167.01","167.01","149.47K","0.01%"
"01/25/2017","167.00","167.00","167.00","167.00","20.18K","0.00%"
"01/24/2017","167.00","167.00","167.00","166.10","804.42K","0.00%"
"01/23/2017","167.00","167.00","167.00","167.00","211.48K","0.00%"
"01/20/2017","167.00","167.00","167.00","167.00","163.01K","0.00%"
"01/19/2017","167.00","168.00","168.00","167.00","188.63K","-0.60%"
"01/18/2017","168.00","168.00","168.00","168.00","504.90K","0.00%"
"01/17/2017","168.00","168.00","168.00","168.00","823.84K","0.00%"
"01/16/2017","168.00","168.00","168.00","168.00","66.47K","0.00%"
"01/13/2017","168.00","168.00","168.00","168.00","39.67K","0.00%"
"01/12/2017","168.00","168.00","168.00","168.00","230.64K","0.00%"
"01/11/2017","168.00","168.00","168.00","168.00","8.28K","0.00%"
"01/10/2017","168.00","168.00","168.00","168.00","90.26K","-0.59%"
"01/09/2017","169.00","169.00","169.00","169.00","401.56K","1.20%"
"01/06/2017","167.00","167.00","167.00","167.00","64.44K","-0.01%"
"01/05/2017","167.02","167.02","167.02","167.02","191.16K","-4.01%"
"01/04/2017","173.99","173.99","173.99","173.99","29.10K","0.00%"
"01/03/2017","173.99","173.99","173.99","173.99","19.20K","0.00%"
"12/30/2016","173.99","173.99","173.99","173.99","21.03K","0.00%"
"12/29/2016","173.99","174.01","174.01","173.99","295.92K","-0.01%"
"12/28/2016","174.00","174.00","174.00","174.00","84.40K","0.00%"
"12/23/2016","174.00","170.04","174.00","170.04","167.79K","2.33%"
"12/22/2016","170.04","170.04","170.04","170.04","14.95K","0.00%"
"12/21/2016","170.04","170.04","170.04","170.04","45.84K","0.00%"
"12/20/2016","170.04","170.03","170.04","170.03","1.07M","0.02%"
"12/19/2016","170.00","170.00","170.00","170.00","252.16K","0.00%"
"12/16/2016","170.00","170.00","170.00","170.00","77.66K","3.02%"
"12/15/2016","165.02","168.98","165.02","165.02","36.83K","0.00%"
"12/14/2016","165.02","163.00","165.02","163.00","168.36K","1.86%"
"12/13/2016","162.00","162.00","162.00","162.00","140.17K","1.25%"
"12/09/2016","160.00","160.00","160.00","160.00","90.46K","0.00%"
"12/08/2016","160.00","160.00","160.00","160.00","72.54K","1.16%"
"12/07/2016","158.16","158.16","158.16","158.16","59.54K","0.00%"
"12/06/2016","158.16","158.16","158.16","158.16","456.75K","-1.15%"
"12/05/2016","160.00","160.00","160.99","160.00","646.79K","0.00%"
"12/02/2016","160.00","161.45","164.00","160.00","49.08K","3.90%"
"12/01/2016","154.00","154.00","154.00","154.00","18.45K","0.00%"
"11/30/2016","154.00","158.00","158.00","153.60","1.64M","-2.53%"
"11/29/2016","158.00","158.00","158.00","158.00","1.87M","-1.24%"
"11/28/2016","159.99","159.99","159.99","159.99","39.04K","0.00%"
"11/25/2016","159.99","160.00","160.00","159.99","1.71M","-0.93%"
"11/24/2016","161.50","161.50","161.50","161.50","1.85K","0.00%"
"11/23/2016","161.50","161.50","161.50","161.50","58.71K","0.00%"
"11/22/2016","161.50","161.50","161.50","161.50","3.92K","0.00%"
"11/21/2016","161.50","161.50","161.50","161.50","300.07K","0.00%"
"11/18/2016","161.50","161.50","161.50","161.50","2.80K","0.00%"
"11/17/2016","161.50","161.50","161.50","161.50","3.25K","0.00%"
"11/16/2016","161.50","161.50","161.50","161.50","337.30K","0.00%"
"11/15/2016","161.50","161.50","161.50","161.50","171.19K","-1.52%"
"11/14/2016","164.00","164.00","164.00","164.00","208.28K","0.00%"
"11/11/2016","164.00","164.00","164.00","164.00","746.64K","0.00%"
"11/10/2016","164.00","164.00","164.00","164.00","105.19K","-0.01%"
"11/09/2016","164.01","164.01","164.01","164.01","12.59K","0.00%"
"11/08/2016","164.01","165.00","165.00","164.00","804.06K","-4.88%"
"11/07/2016","172.43","179.18","172.43","172.43","105.20K","0.00%"
"11/04/2016","172.43","172.43","172.43","172.43","182.95K","0.00%"
"11/03/2016","172.43","181.50","181.50","172.43","129.68K","-1.47%"
"11/02/2016","175.00","181.99","175.00","175.00","72.29K","0.00%"
"11/01/2016","175.00","175.00","175.00","175.00","3.50K","0.00%"
"10/31/2016","175.00","181.99","175.00","175.00","29.21K","0.00%"
"10/28/2016","175.00","175.00","175.00","175.00","91.33K","0.00%"
"10/27/2016","175.00","175.00","175.00","175.00","251.94K","0.48%"
"10/26/2016","174.17","174.17","174.17","174.17","41.83K","0.00%"
"10/25/2016","174.17","174.17","174.17","174.17","329.91K","-4.83%"
"10/24/2016","183.00","183.00","183.00","183.00","23.91K","0.00%"
"10/21/2016","183.00","183.00","183.00","183.00","16.50K","0.00%"
"10/20/2016","183.00","183.00","183.00","183.00","54.67K","0.00%"
"10/19/2016","183.00","183.00","183.00","183.00","30.58K","0.00%"
"10/18/2016","183.00","183.00","183.00","183.00","37.12K","0.00%"
"10/17/2016","183.00","183.00","183.00","183.00","3.84K","0.00%"
"10/14/2016","183.00","183.00","183.00","183.00","10.96K","0.00%"
"10/13/2016","183.00","183.00","183.00","183.00","10.10K","0.00%"
"10/12/2016","183.00","183.00","183.00","183.00","27.20K","0.00%"
"10/11/2016","183.00","183.00","183.00","183.00","8.76K","0.00%"
"10/10/2016","183.00","183.00","183.00","183.00","13.43K","0.00%"
"10/07/2016","183.00","183.00","183.00","183.00","8.18K","0.00%"
"10/06/2016","183.00","183.00","183.00","183.00","3.27M","1.10%"
"10/05/2016","181.01","181.01","181.01","181.01","52.29K","-1.09%"
"10/04/2016","183.00","183.00","183.00","183.00","4.30K","0.00%"
"09/30/2016","183.00","181.99","183.00","178.23","523.27K","0.55%"
"09/29/2016","182.00","182.00","182.00","182.00","6.92K","0.00%"
"09/28/2016","182.00","181.00","182.00","181.00","371.04K","-0.27%"
"09/27/2016","182.50","182.95","182.50","182.50","36.21K","0.00%"
"09/26/2016","182.50","182.50","182.50","182.50","1.23M","0.26%"
"09/23/2016","182.03","182.80","182.89","182.00","550.90K","1.13%"
"09/22/2016","180.00","183.00","183.00","180.00","1.31M","-1.64%"
"09/21/2016","183.00","185.00","183.00","182.99","200.67K","0.00%"
"09/20/2016","183.00","180.00","183.00","180.00","186.92K","3.85%"
"09/19/2016","176.21","176.50","180.00","176.21","232.74K","0.09%"
"09/16/2016","176.06","176.00","176.06","176.00","1.03M","0.03%"
"09/15/2016","176.00","176.00","176.00","176.00","79.34K","0.85%"
"09/14/2016","174.51","174.51","174.51","174.51","31.61K","0.87%"
"09/09/2016","173.00","173.00","173.00","173.00","33.05K","0.00%"
"09/08/2016","173.00","173.00","173.00","173.00","54.33K","0.00%"
"09/07/2016","173.00","172.00","173.00","172.00","619.07K","0.00%"
"09/06/2016","173.00","173.00","173.00","173.00","59.76K","-1.14%"
"09/05/2016","175.00","175.00","175.00","175.00","60.23K","-0.57%"
"09/02/2016","176.01","184.98","181.50","176.01","249.16K","-7.85%"
"09/01/2016","191.00","183.00","191.00","176.00","386.68K","8.59%"
"08/31/2016","175.89","167.52","175.89","175.19","802.85K","0.22%"
"08/30/2016","175.50","175.50","175.50","175.50","1.63M","1.15%"
"08/29/2016","173.50","173.50","173.50","173.50","18.15K","0.00%"
"08/26/2016","173.50","179.40","175.50","172.00","1.66M","0.87%"
"08/25/2016","172.00","172.00","172.00","172.00","224.25K","-4.71%"
"08/24/2016","180.50","180.50","180.50","180.50","86.45K","0.28%"
"08/23/2016","180.00","183.00","183.00","180.00","564.66K","-1.64%"
"08/22/2016","183.00","183.00","183.00","183.00","367.46K","0.00%"
"08/19/2016","183.00","183.00","183.00","183.00","43.86K","0.00%"
"08/18/2016","183.00","183.00","183.50","183.00","1.38M","0.00%"
"08/17/2016","183.00","183.00","183.00","183.00","469.60K","0.00%"
"08/16/2016","183.00","183.00","183.00","183.00","104.12K","0.00%"
"08/15/2016","183.00","182.00","183.00","182.00","459.51K","1.66%"
"08/12/2016","180.01","180.12","180.12","180.00","191.71K","-0.08%"
"08/11/2016","180.15","180.40","180.42","180.15","67.78K","0.06%"
"08/10/2016","180.04","178.00","180.04","178.00","74.51K","0.58%"
"08/09/2016","179.00","179.00","179.00","179.00","26.39K","-0.56%"
"08/08/2016","180.00","180.00","181.99","180.00","203.49K","0.00%"
"08/05/2016","180.00","180.00","180.00","180.00","37.19K","-1.64%"
"08/04/2016","183.00","183.00","183.00","183.00","18.23K","0.00%"
"08/03/2016","183.00","183.00","183.00","183.00","102.78K","0.00%"
"08/02/2016","183.00","183.00","183.00","183.00","2.13M","1.67%"
"08/01/2016","180.00","180.00","180.00","180.00","8.41M","0.00%"
"07/29/2016","180.00","180.00","180.00","180.00","3.60M","-0.03%"
"07/28/2016","180.06","180.06","180.06","180.06","108.18K","0.00%"
"07/27/2016","180.06","178.00","180.06","178.00","4.64M","2.89%"
"07/26/2016","175.00","175.00","175.00","175.00","152.61K","0.00%"
"07/25/2016","175.00","175.00","175.00","175.00","393.61K","-2.51%"
"07/22/2016","179.50","180.00","180.00","179.50","97.04K","-4.27%"
"07/21/2016","187.50","187.50","187.50","187.50","136.87K","0.00%"
"07/20/2016","187.50","187.50","187.50","187.50","38.48K","-1.32%"
"07/19/2016","190.00","190.00","190.00","190.00","8.53K","0.00%"
"07/18/2016","190.00","190.00","190.00","190.00","434.19K","0.00%"
"07/15/2016","190.00","190.00","190.00","190.00","595.61K","0.00%"
"07/14/2016","190.00","190.00","190.00","190.00","2.20M","0.00%"
"07/13/2016","190.00","190.00","190.00","190.00","2.62M","-0.52%"
"07/12/2016","191.00","190.00","191.00","190.00","2.18M","-0.10%"
"07/11/2016","191.20","191.00","192.05","191.00","1.63M","-0.16%"
"07/08/2016","191.50","191.00","192.03","191.00","627.84K","0.26%"
"07/04/2016","191.00","192.01","192.01","191.00","150.03K","-0.52%"
"07/01/2016","191.99","192.00","192.00","191.98","340.74K","-0.01%"
"06/30/2016","192.00","194.00","194.00","192.00","336.89K","-1.03%"
"06/29/2016","194.00","194.50","194.50","194.00","271.04K","0.98%"
"06/28/2016","192.11","191.00","192.52","191.00","2.16M","0.00%"
"06/27/2016","192.11","195.02","200.00","192.11","656.08K","-4.04%"
"06/24/2016","200.20","202.99","202.61","195.12","2.94M","-1.84%"
"06/23/2016","203.96","203.94","203.96","203.94","644.59K","5.00%"
"06/22/2016","194.25","188.50","194.25","188.50","2.49M","5.00%"
"06/21/2016","185.00","179.99","185.00","180.50","1.08M","2.78%"
"06/20/2016","179.99","179.99","179.99","179.99","98.13K","-2.08%"
"06/17/2016","183.81","179.00","183.81","179.00","4.48M","5.00%"
"06/16/2016","175.06","175.00","178.50","175.00","1.59M","1.66%"
"06/15/2016","172.20","164.00","172.20","164.00","307.06K","5.00%"
"06/14/2016","164.00","164.50","164.50","164.00","2.94M","0.12%"
"06/13/2016","163.80","165.00","165.00","163.80","364.23K","-0.73%"
"06/10/2016","165.00","165.00","165.00","165.00","74.45K","0.00%"
"06/09/2016","165.00","165.00","165.00","165.00","97.71K","0.00%"
"06/08/2016","165.00","166.99","167.75","165.00","265.54K","-2.94%"
"06/07/2016","169.99","169.99","169.99","169.99","28.77K","-0.59%"
"06/06/2016","171.00","171.00","171.00","171.00","46.09K","0.88%"
"06/03/2016","169.50","168.00","169.50","168.00","879.50K","-0.29%"
"06/02/2016","170.00","160.50","170.00","160.50","238.84K","1.80%"
"06/01/2016","167.00","167.00","167.00","167.00","49.35K","-0.01%"
"05/31/2016","167.01","175.00","175.00","167.00","851.97K","-4.64%"
"05/27/2016","175.13","175.00","176.00","175.00","467.79K","0.03%"
"05/26/2016","175.08","177.00","177.49","175.00","3.43M","-1.08%"
"05/25/2016","177.00","175.00","178.00","175.00","1.33M","4.11%"
"05/24/2016","170.01","170.01","170.01","170.01","123.72K","1.75%"
"05/23/2016","167.09","167.09","167.09","167.09","64.02K","0.00%"
"05/20/2016","167.09","167.10","167.10","167.02","308.11K","0.05%"
"05/19/2016","167.00","167.00","167.20","167.00","536.89K","0.01%"
"05/18/2016","166.99","166.99","166.99","166.99","38.90K","-0.01%"
"05/17/2016","167.00","166.00","167.00","166.00","186.06K","-0.06%"
"05/16/2016","167.10","165.00","167.80","165.00","370.66K","1.27%"
"05/13/2016","165.00","167.99","167.99","164.00","1.07M","1.53%"
"05/12/2016","162.52","164.95","162.55","162.52","123.30K","0.00%"
"05/11/2016","162.52","162.52","162.52","162.52","60.84K","-0.80%"
"05/10/2016","163.83","169.00","165.00","163.80","145.09K","-2.48%"
"05/09/2016","168.00","168.00","168.00","168.00","21.06K","0.00%"
"05/06/2016","168.00","168.00","168.00","168.00","9.51K","0.00%"
"05/05/2016","168.00","168.00","168.00","168.00","858.72K","-0.59%"
"05/04/2016","169.00","168.00","169.01","168.00","307.88K","-1.50%"
"05/03/2016","171.57","171.00","171.57","171.00","51.61K","5.00%"
"04/29/2016","163.40","163.40","163.40","163.40","11.88K","0.00%"
"04/28/2016","163.40","163.00","164.00","163.00","657.86K","1.50%"
"04/27/2016","160.99","161.00","161.00","160.99","292.67K","-0.01%"
"04/26/2016","161.00","161.50","161.60","161.00","1.60M","-0.02%"
"04/25/2016","161.04","161.04","161.04","161.04","13.18K","0.00%"
"04/22/2016","161.04","161.04","161.04","161.04","81.55K","0.02%"
"04/21/2016","161.00","161.00","161.00","161.00","190.96K","0.00%"
"04/20/2016","161.00","161.00","161.00","161.00","16.40K","0.00%"
"04/19/2016","161.00","161.00","161.40","161.00","517.96K","-0.02%"
"04/18/2016","161.03","161.00","161.03","161.00","250.09K","0.04%"
"04/15/2016","160.97","160.50","161.02","160.30","2.40M","0.45%"
"04/14/2016","160.25","160.00","160.26","160.00","1.78M","0.16%"
"04/13/2016","160.00","160.00","160.00","160.00","81.75K","0.00%"
"04/12/2016","160.00","160.00","160.00","160.00","78.40K","-0.56%"
"04/11/2016","160.90","161.00","161.00","160.50","279.35K","-4.79%"
"04/08/2016","169.00","169.00","169.00","169.00","84.41K","-0.58%"
"04/07/2016","169.99","167.00","169.99","167.00","193.48K","-1.17%"
"04/06/2016","172.00","172.00","172.00","172.00","25.25K","0.00%"
"04/05/2016","172.00","172.00","172.00","172.00","6.84K","0.00%"
"04/04/2016","172.00","174.00","172.00","171.00","682.28K","0.58%"
"04/01/2016","171.00","170.00","171.00","170.00","373.52K","1.91%"
"03/31/2016","167.80","167.89","167.89","167.00","296.12K","2.29%"
"03/30/2016","164.05","164.00","164.05","163.00","915.00K","1.23%"
"03/29/2016","162.05","162.05","162.05","162.05","158.60K","-1.19%"
"03/24/2016","164.00","164.00","164.00","164.00","111.64K","0.00%"
"03/23/2016","164.00","164.00","164.50","164.00","3.21M","-2.38%"
"03/22/2016","168.00","168.00","168.00","168.00","103.90K","0.00%"
"03/21/2016","168.00","168.50","168.50","164.03","293.06K","1.82%"
"03/18/2016","165.00","165.00","165.00","165.00","252.66K","0.00%"
"03/17/2016","165.00","165.00","165.50","165.00","2.36M","0.61%"
"03/16/2016","164.00","164.00","164.00","164.00","101.63K","0.00%"
"03/15/2016","164.00","162.00","164.00","162.00","762.37K","1.23%"
"03/14/2016","162.00","164.00","164.00","162.00","433.57K","-1.22%"
"03/11/2016","164.00","166.00","166.00","164.00","562.59K","-0.61%"
"03/10/2016","165.01","163.90","165.20","163.90","911.32K","0.62%"
"03/09/2016","164.00","163.05","164.00","163.05","425.25K","0.54%"
"03/08/2016","163.12","161.35","166.99","161.35","397.66K","-2.90%"
"03/07/2016","168.00","168.00","168.00","168.00","27.97K","0.00%"
"03/04/2016","168.00","168.00","168.00","168.00","88.76K","0.00%"
"03/03/2016","168.00","160.00","168.00","159.74","523.93K","5.00%"
"03/02/2016","160.00","156.27","162.50","156.27","424.06K","7.51%"
"03/01/2016","148.83","142.00","148.83","142.00","204.16K","4.99%"
"02/29/2016","141.75","140.00","141.75","140.00","213.74K","5.00%"
"02/26/2016","135.00","135.00","135.00","135.00","2.14M","0.75%"
"02/25/2016","134.00","133.10","135.10","133.10","133.24K","0.75%"
"02/24/2016","133.00","133.00","133.00","133.00","107.65K","0.00%"
"02/23/2016","133.00","133.00","133.00","133.00","144.30K","-4.88%"
"02/22/2016","139.83","144.00","139.83","139.83","38.77K","0.00%"
"02/19/2016","139.83","139.83","139.83","139.83","7.16K","0.00%"
"02/18/2016","139.83","139.83","139.83","139.83","19.99K","0.00%"
"02/17/2016","139.83","139.10","140.04","139.10","262.60K","-4.23%"
"02/16/2016","146.00","150.00","150.00","146.00","119.58K","-3.94%"
"02/15/2016","151.99","148.90","151.99","143.00","697.00K","3.75%"
"02/12/2016","146.50","145.00","149.99","141.20","583.99K","1.03%"
"02/11/2016","145.00","138.99","145.00","135.01","1.74M","6.63%"
"02/10/2016","135.99","134.00","135.99","133.45","946.44K","1.52%"
"02/09/2016","133.96","127.30","133.96","127.30","2.18M","-0.03%"
"02/08/2016","134.00","129.95","134.00","124.00","1.88M","7.80%"
"02/05/2016","124.30","122.90","128.40","122.90","883.63K","0.00%"
"02/04/2016","124.30","126.00","126.00","124.30","442.21K","-2.13%"
"02/03/2016","127.00","131.98","128.00","127.00","875.35K","-0.79%"
"02/02/2016","128.01","127.00","128.50","127.00","427.91K","0.75%"
"02/01/2016","127.06","130.00","130.00","127.06","295.50K","-1.44%"
"01/29/2016","128.91","129.60","129.60","128.91","221.48K","-0.38%"
"01/28/2016","129.40","132.95","129.90","129.00","571.60K","1.49%"
"01/27/2016","127.50","128.95","132.00","127.10","450.15K","-1.79%"
"01/26/2016","129.83","130.00","131.00","129.00","1.11M","-0.14%"
"01/25/2016","130.01","129.99","130.50","129.03","409.08K","0.01%"
"01/22/2016","130.00","133.98","131.00","128.00","257.29K","0.78%"
"01/21/2016","129.00","128.89","129.00","128.05","472.48K","0.09%"
"01/20/2016","128.89","126.99","128.89","126.99","726.90K","4.36%"
"01/19/2016","123.51","124.00","124.00","123.00","1.39M","-0.07%"
"01/18/2016","123.60","126.40","125.00","123.60","368.88K","-7.07%"
"01/15/2016","133.00","140.00","133.00","133.00","3.17M","-3.75%"
"01/14/2016","138.18","138.18","138.18","138.18","128.22K","-5.00%"
"01/13/2016","145.45","148.25","148.25","145.45","466.78K","-5.00%"
"01/12/2016","153.10","153.10","153.10","153.10","24.66K","0.00%"
"01/11/2016","153.10","153.10","153.10","153.10","85.58K","-4.31%"
"01/08/2016","159.99","151.99","159.99","151.99","813.02K","0.01%"
"01/07/2016","159.98","149.50","159.98","149.00","591.27K","4.27%"
"01/06/2016","153.43","161.50","153.60","153.43","794.53K","-9.75%"
"01/05/2016","170.00","170.00","170.00","170.00","6.81K","0.00%"
"01/04/2016","170.00","170.00","170.00","170.00","167.51K","0.00%"
"12/31/2015","170.00","164.99","170.00","160.01","2.74M","3.06%"
"12/30/2015","164.95","158.00","164.95","152.00","1.54M","8.59%"
"12/29/2015","151.90","146.00","151.90","146.00","359.88K","-0.26%"
"12/23/2015","152.30","151.00","153.90","151.00","164.17K","-0.46%"
"12/22/2015","153.00","153.00","153.00","153.00","79.88K","0.62%"
"12/21/2015","152.05","153.50","153.50","152.05","933.46K","1.36%"
"12/18/2015","150.01","154.00","154.00","150.01","511.38K","-3.25%"
"12/17/2015","155.05","155.50","155.50","155.05","395.01K","-0.67%"
"12/16/2015","156.10","160.00","160.00","156.10","2.66M","-1.79%"
"12/15/2015","158.95","160.01","160.01","158.55","2.42M","-0.66%"
"12/14/2015","160.00","160.00","160.00","160.00","207.62K","0.02%"
"12/11/2015","159.97","160.00","160.00","159.97","496.40K","-0.02%"
"12/10/2015","160.00","160.00","160.00","160.00","568.77K","-1.35%"
"12/09/2015","162.19","162.19","162.19","162.19","240.94K","-5.00%"
"12/08/2015","170.72","179.70","188.68","170.72","6.56M","-0.25%"
"12/07/2015","171.15","163.00","171.15","161.00","911.94K","6.27%"
"12/04/2015","161.05","160.01","161.05","160.00","113.36K","0.66%"
"12/03/2015","160.00","159.25","160.00","159.25","180.76K","1.27%"
"12/02/2015","158.00","160.00","160.01","158.00","4.52M","0.60%"
"12/01/2015","157.05","157.20","157.20","157.05","65.02K","0.03%"
"11/30/2015","157.01","156.80","157.11","156.80","594.75K","-0.63%"
"11/27/2015","158.00","159.50","160.00","158.00","3.24M","-1.24%"
"11/26/2015","159.99","159.99","159.99","159.99","45.17K","0.00%"
"11/25/2015","159.99","160.00","160.12","159.99","500.04K","1.26%"
"11/24/2015","158.00","158.00","158.00","158.00","61.24K","-2.47%"
"11/23/2015","162.00","162.00","162.00","162.00","9.69K","0.00%"
"11/20/2015","162.00","162.00","162.00","162.00","22.01K","0.00%"
"11/19/2015","162.00","162.00","162.00","162.00","1.43M","0.00%"
"11/18/2015","162.00","161.99","162.00","161.99","293.86K","0.00%"
"11/17/2015","162.00","162.00","162.00","160.00","3.31M","0.00%"
"11/16/2015","162.00","162.99","162.99","162.00","168.56K","-0.56%"
"11/13/2015","162.92","162.79","163.00","162.79","313.51K","-0.05%"
"11/12/2015","163.00","163.00","163.00","163.00","52.79K","0.00%"
"11/11/2015","163.00","163.00","163.00","162.96","525.71K","0.00%"
"11/10/2015","163.00","163.00","163.00","163.00","156.76K","0.62%"
"11/09/2015","162.00","162.00","162.03","162.00","266.78K","-0.61%"
"11/06/2015","163.00","163.00","163.00","163.00","3.80K","0.00%"
"11/05/2015","163.00","163.00","163.00","163.00","2.91M","0.00%"
"11/04/2015","163.00","163.00","163.00","163.00","97.05K","0.00%"
"11/03/2015","163.00","163.00","163.00","163.00","56.81K","0.62%"
"11/02/2015","162.00","163.00","163.00","162.00","325.31K","-0.63%"
"10/30/2015","163.03","163.00","164.97","163.00","306.35K","-0.63%"
"10/29/2015","164.06","164.00","164.06","164.00","336.58K","-0.57%"
"10/28/2015","165.00","163.00","165.00","163.00","1.32M","0.92%"
"10/27/2015","163.50","163.01","165.40","158.10","964.28K","0.30%"
"10/26/2015","163.01","163.01","163.01","163.01","10.85K","0.00%"
"10/23/2015","163.01","163.10","164.50","163.01","1.83M","0.01%"
"10/22/2015","163.00","162.60","164.00","162.00","401.65K","-0.94%"
"10/21/2015","164.55","162.00","167.00","162.00","2.86M","-2.60%"
"10/20/2015","168.95","168.95","168.95","168.95","47.52K","0.00%"
"10/19/2015","168.95","168.95","168.95","168.95","50.50K","4.93%"
"10/16/2015","161.01","161.01","161.01","161.01","20.60K","0.00%"
"10/15/2015","161.01","160.10","162.20","160.00","3.02M","0.63%"
"10/14/2015","160.00","163.20","163.50","160.00","410.64K","-2.44%"
"10/13/2015","164.00","164.00","164.00","164.00","71.05K","-1.80%"
"10/12/2015","167.00","167.00","167.00","167.00","28.47K","0.00%"
"10/09/2015","167.00","167.00","167.00","167.00","1.51K","0.00%"
"10/08/2015","167.00","167.00","167.00","167.00","1.22M","0.00%"
"10/07/2015","167.00","166.52","167.02","166.50","255.33K","0.30%"
"10/06/2015","166.50","165.99","166.50","165.99","4.35M","-0.90%"
"10/05/2015","168.01","171.00","171.00","168.01","70.99K","-1.75%"
"10/02/2015","171.00","171.00","174.00","170.00","840.84K","-4.99%"
"09/30/2015","179.99","170.00","179.99","168.00","3.01M","4.65%"
"09/29/2015","171.99","169.00","171.99","168.00","850.33K","1.77%"
"09/28/2015","169.00","169.00","169.00","168.92","370.73K","-0.29%"
"09/23/2015","169.50","169.50","169.50","169.50","58.59K","0.89%"
"09/22/2015","168.00","169.00","169.50","169.00","211.21K","1.18%"
"09/21/2015","166.04","169.95","170.00","166.04","163.74K","-0.58%"
"09/18/2015","167.01","170.00","170.00","164.05","898.64K","-1.76%"
"09/17/2015","170.00","170.00","170.00","164.00","912.23K","0.00%"
"09/16/2015","170.00","170.00","170.00","170.00","22.60K","0.00%"
"09/15/2015","170.00","169.12","169.12","169.09","308.76K","-0.06%"
"09/14/2015","170.10","169.48","172.01","168.50","570.60K","1.25%"
"09/11/2015","168.00","168.00","168.00","168.00","249.36K","1.82%"
"09/10/2015","165.00","156.00","167.00","155.60","512.56K","1.19%"
"09/09/2015","163.06","161.82","164.00","161.82","393.29K","-3.34%"
"09/07/2015","168.69","164.50","169.00","164.35","596.51K","2.86%"
"09/04/2015","164.00","165.30","165.30","165.30","675.42K","-0.79%"
"09/03/2015","165.30","165.30","165.30","165.30","1.35M","-5.00%"
"09/02/2015","174.00","174.40","175.10","173.00","796.65K","-0.23%"
"09/01/2015","174.40","177.00","177.00","173.00","475.36K","1.12%"
"08/31/2015","172.47","170.00","172.49","170.00","701.37K","1.52%"
"08/28/2015","169.89","169.90","169.90","169.89","208.27K","2.95%"
"08/27/2015","165.02","165.30","169.50","165.30","276.12K","-0.08%"
"08/26/2015","165.15","169.98","168.00","165.15","389.48K","-2.85%"
"08/25/2015","170.00","164.50","169.10","164.25","408.99K","0.00%"
"08/24/2015","170.00","173.03","174.97","169.50","1.48M","-3.95%"
"08/21/2015","177.00","172.00","177.00","169.05","1.03M","0.00%"
"08/20/2015","177.00","174.00","177.00","173.85","543.35K","-3.28%"
"08/19/2015","183.00","171.10","183.00","171.00","184.45K","1.67%"
"08/18/2015","180.00","173.00","180.00","171.00","507.67K","4.97%"
"08/17/2015","171.48","179.00","179.00","171.48","327.86K","-5.00%"
"08/14/2015","180.50","182.00","182.00","180.50","218.39K","-1.37%"
"08/13/2015","183.00","184.05","184.50","182.51","798.73K","-0.62%"
"08/12/2015","184.15","181.01","184.20","181.01","502.93K","0.08%"
"08/11/2015","184.00","184.00","184.00","184.00","209.56K","-0.54%"
"08/10/2015","185.00","184.00","188.50","184.00","861.37K","2.21%"
"08/07/2015","181.00","181.00","181.00","181.00","49.84K","0.00%"
"08/06/2015","181.00","180.50","181.00","180.50","376.58K","0.28%"
"08/05/2015","180.50","176.00","180.50","176.00","165.53K","4.94%"
"08/04/2015","172.00","173.00","173.00","172.00","2.60M","0.00%"
"08/03/2015","172.00","170.40","172.00","170.40","105.85K","0.58%"
"07/31/2015","171.00","171.02","171.02","171.00","117.34K","0.28%"
"07/30/2015","170.52","170.52","170.52","170.52","34.87K","0.00%"
"07/29/2015","170.52","170.02","171.37","170.45","92.13K","0.30%"
"07/28/2015","170.01","170.01","170.01","170.01","26.69K","0.00%"
"07/27/2015","170.01","170.01","170.01","170.01","279.67K","-0.02%"
"07/24/2015","170.04","170.00","170.04","169.00","658.27K","0.02%"
"07/23/2015","170.00","170.00","170.00","170.00","60.47K","-0.29%"
"07/22/2015","170.50","170.20","170.50","170.20","218.20K","0.02%"
"07/21/2015","170.46","169.00","170.46","169.00","120.33K","1.46%"
"07/16/2015","168.00","160.01","168.00","160.01","184.50K","0.00%"
"07/15/2015","168.00","170.00","170.00","168.00","123.23K","-1.18%"
"07/14/2015","170.01","170.00","170.20","170.00","2.66M","0.01%"
"07/13/2015","170.00","170.00","170.05","170.00","8.01M","1.01%"
"07/10/2015","168.30","168.30","168.30","168.30","7.31K","0.00%"
"07/09/2015","168.30","175.00","170.00","168.30","5.90M","0.18%"
"07/08/2015","168.00","170.00","170.00","168.00","880.86K","-2.33%"
"07/07/2015","172.00","172.00","172.00","171.99","122.73K","1.18%"
"07/06/2015","170.00","170.00","172.00","170.00","315.25K","0.00%"
"07/03/2015","170.00","172.50","172.80","170.00","486.32K","-1.45%"
"07/02/2015","172.50","173.00","173.00","172.50","350.50K","0.29%"
"07/01/2015","172.00","174.85","174.88","171.97","230.52K","-4.44%"
"06/30/2015","180.00","173.00","180.00","173.00","1.09M","3.45%"
"06/29/2015","174.00","168.10","174.00","168.10","528.07K","2.35%"
"06/26/2015","170.00","170.00","170.00","170.00","154.90K","-2.38%"
"06/25/2015","174.15","174.15","174.15","174.15","23.28K","0.00%"
"06/24/2015","174.15","174.15","174.15","174.15","50.53K","0.00%"
"06/23/2015","174.15","175.07","175.07","174.15","137.95K","-0.77%"
"06/22/2015","175.50","176.35","176.35","175.50","1.07M","0.29%"
"06/19/2015","175.00","175.11","175.11","175.00","403.51K","-0.28%"
"06/18/2015","175.50","175.00","176.01","175.00","1.38M","0.29%"
"06/17/2015","175.00","181.00","175.00","175.00","88.40K","-1.13%"
"06/16/2015","177.00","176.01","177.00","176.00","255.79K","-0.56%"
"06/15/2015","178.00","177.00","178.00","177.00","72.02K","0.57%"
"06/12/2015","176.99","177.00","177.00","176.99","48.38K","-0.01%"
"06/11/2015","177.00","177.57","178.00","177.00","948.15K","-0.55%"
"06/10/2015","177.98","177.20","179.00","177.20","925.34K","0.24%"
"06/09/2015","177.55","177.10","177.55","177.10","103.81K","0.31%"
"06/08/2015","177.01","177.00","177.01","177.00","247.94K","0.01%"
"06/05/2015","177.00","170.00","177.60","170.00","678.59K","0.00%"
"06/04/2015","177.00","179.50","179.80","177.00","206.42K","-1.67%"
"06/03/2015","180.00","180.00","180.00","179.50","519.20K","0.00%"
"06/02/2015","180.00","180.00","180.00","180.00","308.24K","0.00%"
"06/01/2015","180.00","180.01","180.08","180.00","489.46K","0.00%"
"05/28/2015","180.00","180.00","180.15","179.99","5.44M","0.00%"
"05/27/2015","180.00","174.75","180.00","174.05","1.08M","0.56%"
"05/26/2015","179.00","180.00","180.00","179.00","945.40K","1.13%"
"05/25/2015","177.00","177.00","177.95","177.00","1.46M","-0.51%"
"05/22/2015","177.90","176.00","177.90","176.00","2.49M","0.08%"
"05/21/2015","177.75","177.98","178.00","177.72","234.00K","0.06%"
"05/20/2015","177.64","177.96","177.96","177.63","159.56K","-0.20%"
"05/19/2015","178.00","178.50","178.50","178.00","157.69K","-0.27%"
"05/18/2015","178.49","178.49","178.49","178.49","50.61K","-0.01%"
"05/15/2015","178.50","178.93","178.93","178.50","64.13K","0.00%"
"05/14/2015","178.50","177.50","178.50","177.50","1.02M","0.56%"
"05/13/2015","177.50","183.95","180.00","177.50","341.82K","-0.28%"
"05/12/2015","178.00","178.00","178.00","178.00","56.18K","0.00%"
"05/11/2015","178.00","178.00","178.00","178.00","38.82K","0.00%"
"05/08/2015","178.00","178.00","178.00","178.00","1.58M","0.00%"
"05/07/2015","178.00","178.99","178.99","178.00","83.98K","-0.86%"
"05/06/2015","179.55","180.00","179.55","179.21","174.84K","-0.25%"
"05/05/2015","180.00","180.00","180.00","180.00","270.27K","0.00%"
"05/04/2015","180.00","180.02","184.50","180.00","628.03K","-2.44%"
"04/30/2015","184.50","179.91","184.50","176.50","1.07M","4.83%"
"04/29/2015","176.00","177.03","177.03","176.00","845.18K","0.00%"
"04/28/2015","176.00","175.00","176.00","175.00","1.60M","0.57%"
"04/27/2015","175.00","175.00","175.00","175.00","954.77K","0.00%"
"04/24/2015","175.00","175.00","175.00","175.00","37.91K","0.00%"
"04/23/2015","175.00","176.51","176.51","175.00","1.21M","0.57%"
"04/22/2015","174.00","174.00","174.00","174.00","22.22K","0.00%"
"04/21/2015","174.00","172.00","174.00","172.00","74.91K","-0.01%"
"04/20/2015","174.01","179.00","174.01","174.01","43.83K","-3.33%"
"04/17/2015","180.00","180.00","180.00","179.95","748.56K","0.50%"
"04/16/2015","179.10","180.00","180.00","179.10","173.21K","-0.50%"
"04/15/2015","180.00","180.00","180.00","180.00","433.56K","0.00%"
"04/14/2015","180.00","179.90","180.00","179.90","382.05K","0.00%"
"04/13/2015","180.00","180.00","181.00","180.00","706.90K","0.00%"
"04/10/2015","180.00","181.00","181.00","180.00","874.62K","0.00%"
"04/09/2015","180.00","180.00","180.00","180.00","89.57K","1.12%"
"04/08/2015","178.01","175.50","180.00","175.50","616.16K","-1.11%"
"04/07/2015","180.00","180.00","180.00","177.48","1.72M","-1.10%"
"04/02/2015","182.00","185.22","185.23","178.00","14.91M","3.17%"
"04/01/2015","176.40","168.00","176.40","168.00","270.08K","10.25%"
"03/31/2015","160.00","159.99","160.00","159.60","4.27M","0.63%"
"03/30/2015","159.00","155.00","160.00","154.00","327.36K","3.92%"
"03/27/2015","153.00","152.00","153.00","152.00","1.62M","1.09%"
"03/26/2015","151.35","152.00","152.00","151.35","177.99K","-0.82%"
"03/25/2015","152.60","152.60","152.60","152.60","935.06K","-0.18%"
"03/24/2015","152.88","151.05","152.88","151.05","126.29K","0.38%"
"03/23/2015","152.30","151.30","152.30","151.30","213.33K","0.20%"
"03/20/2015","152.00","152.00","152.00","152.00","13.78K","0.00%"
"03/19/2015","152.00","152.00","152.00","152.00","4.00M","-0.52%"
"03/18/2015","152.80","153.01","152.80","148.03","123.99K","1.87%"
"03/17/2015","150.00","150.00","150.00","149.87","779.80K","0.00%"
"03/16/2015","150.00","153.00","153.00","150.00","725.13K","-1.97%"
"03/13/2015","153.01","153.72","153.72","153.01","177.61K","-0.64%"
"03/12/2015","154.00","154.00","154.00","154.00","75.10K","0.29%"
"03/11/2015","153.55","153.47","153.55","153.47","226.22K","0.05%"
"03/10/2015","153.47","153.20","154.80","153.20","260.66K","0.31%"
"03/09/2015","153.00","157.99","153.61","153.00","1.95M","-0.01%"
"03/06/2015","153.01","152.09","153.01","152.09","453.90K","0.07%"
"03/05/2015","152.90","153.00","153.00","152.36","133.55K","0.24%"
"03/04/2015","152.53","157.90","153.02","152.06","962.54K","0.35%"
"03/03/2015","152.00","154.00","154.00","152.00","1.17M","-0.65%"
"03/02/2015","153.00","153.00","154.00","153.00","858.47K","0.00%"
"02/27/2015","153.00","153.00","153.00","153.00","559.94K","-0.33%"
"02/26/2015","153.50","154.00","154.00","153.40","157.85K","-0.32%"
"02/25/2015","154.00","153.96","154.00","153.90","1.16M","0.00%"
"02/24/2015","154.00","154.00","154.00","153.99","337.52K","0.59%"
"02/23/2015","153.10","155.00","154.87","153.10","360.74K","0.59%"
"02/20/2015","152.20","151.15","154.01","151.15","3.44M","-0.65%"
"02/19/2015","153.20","154.99","154.99","153.20","879.89K","-1.16%"
"02/18/2015","155.00","155.99","156.00","152.05","2.47M","3.89%"
"02/17/2015","149.20","148.00","149.20","148.00","178.92K","3.62%"
"02/16/2015","143.99","142.45","143.99","140.00","3.49M","1.47%"
"02/13/2015","141.90","140.10","145.00","139.10","5.70M","-2.14%"
"02/12/2015","145.00","150.67","150.67","145.00","812.04K","-4.61%"
"02/11/2015","152.00","155.00","155.00","150.50","744.06K","-3.18%"
"02/10/2015","156.99","157.00","157.00","156.00","877.40K","-0.08%"
"02/09/2015","157.11","158.01","158.97","157.11","198.55K","-1.68%"
"02/06/2015","159.80","160.00","160.01","159.80","206.01K","0.50%"
"02/05/2015","159.00","159.00","159.00","159.00","226.20K","-1.85%"
"02/04/2015","162.00","158.75","162.94","158.70","1.00M","3.18%"
"02/03/2015","157.00","159.29","161.12","157.00","3.08M","-0.44%"
"02/02/2015","157.70","156.01","157.70","156.00","487.33K","1.09%"
"01/30/2015","156.00","156.01","156.01","156.00","363.03K","0.00%"
"01/29/2015","156.00","156.20","156.53","156.00","878.39K","-0.32%"
"01/28/2015","156.50","157.95","158.00","156.00","2.35M","0.32%"
"01/27/2015","156.00","156.70","156.70","155.99","1.84M","0.65%"
"01/26/2015","155.00","152.10","156.00","150.50","1.48M","-0.64%"
"01/23/2015","156.00","155.02","156.00","155.00","615.58K","0.32%"
"01/22/2015","155.50","157.99","155.50","154.01","651.52K","0.31%"
"01/21/2015","155.02","158.50","155.02","152.01","833.45K","0.01%"
"01/20/2015","155.00","158.00","158.00","154.00","989.99K","-0.64%"
"01/19/2015","156.00","157.75","157.75","152.81","1.26M","1.96%"
"01/16/2015","153.00","158.98","158.98","153.00","547.32K","0.21%"
"01/15/2015","152.68","157.20","156.45","152.68","1.13M","1.05%"
"01/14/2015","151.10","158.08","157.98","151.00","1.37M","-9.19%"
"01/13/2015","166.40","159.16","166.40","158.08","1.22M","0.00%"
"01/12/2015","166.40","154.98","166.40","150.72","2.10M","4.88%"
"01/09/2015","158.65","161.55","161.55","158.65","332.20K","-5.00%"
"01/08/2015","167.00","171.40","171.40","167.00","3.90M","-2.61%"
"01/07/2015","171.48","171.48","171.48","171.48","138.05K","-5.00%"
"01/06/2015","180.50","180.50","180.50","180.50","658.87K","-5.00%"
"01/05/2015","190.00","190.00","190.05","190.00","874.40K","-5.00%"
"12/31/2014","200.00","200.00","200.00","191.11","7.45M","3.94%"
"12/30/2014","192.41","202.50","202.50","192.41","1.18M","-0.71%"
"12/29/2014","193.79","203.98","203.98","193.79","982.58K","-1.45%"
"12/24/2014","196.65","187.38","196.65","182.00","951.92K","10.19%"
"12/23/2014","178.46","169.97","178.46","166.01","542.83K","8.16%"
"12/22/2014","165.00","160.51","165.00","161.00","640.78K","3.13%"
"12/19/2014","160.00","154.00","160.00","154.00","1.54M","4.58%"
"12/18/2014","153.00","152.98","153.00","152.00","782.84K","0.00%"
"12/17/2014","153.00","158.84","153.00","150.90","1.69M","-0.43%"
"12/16/2014","153.66","157.49","157.49","153.66","1.45M","-3.96%"
"12/15/2014","160.00","153.51","160.00","153.00","353.34K","0.00%"
"12/12/2014","160.00","150.11","160.00","150.10","1.98M","1.27%"
"12/11/2014","157.99","162.00","162.00","157.99","5.76M","-3.37%"
"12/10/2014","163.50","163.01","164.40","162.80","527.72K","-3.82%"
"12/09/2014","170.00","165.00","170.00","161.55","1.23M","0.00%"
"12/08/2014","170.00","168.89","170.00","165.00","1.63M","0.00%"
"12/05/2014","170.00","168.00","170.00","165.00","852.85K","0.00%"
"12/04/2014","170.00","170.00","170.00","169.00","1.62M","0.00%"
"12/03/2014","170.00","177.98","170.15","169.12","5.80M","-2.86%"
"12/02/2014","175.00","170.00","175.00","170.00","707.45K","0.00%"
"12/01/2014","175.00","175.11","175.11","175.00","154.92K","-2.72%"
"11/28/2014","179.90","171.93","179.90","171.93","1.34M","-0.05%"
"11/27/2014","179.99","184.99","185.00","179.99","350.24K","-2.71%"
"11/26/2014","185.00","189.98","189.98","180.49","1.41M","0.00%"
"11/25/2014","185.00","180.00","185.00","180.00","933.42K","-0.13%"
"11/24/2014","185.25","195.00","195.00","185.25","937.60K","-1.98%"
"11/21/2014","189.00","179.90","189.00","175.00","1.05M","5.00%"
"11/20/2014","180.00","175.98","180.00","167.90","2.71M","-2.81%"
"11/19/2014","185.20","185.20","185.20","185.20","75.24K","-5.00%"
"11/18/2014","194.94","194.94","194.94","194.94","19.19K","-5.00%"
"11/17/2014","205.19","215.98","215.98","205.19","48.35K","-0.34%"
"11/14/2014","205.90","196.37","205.90","186.56","5.13M","10.04%"
"11/13/2014","187.11","178.22","187.11","169.31","3.29M","10.23%"
"11/12/2014","169.74","161.66","169.74","161.59","18.11M","-0.25%"
"11/11/2014","170.16","170.16","170.16","170.16","1.41M","-5.00%"
"11/10/2014","179.11","179.11","179.11","179.11","104.81K","-5.00%"
"11/07/2014","188.53","188.53","188.53","188.53","52.77K","-5.00%"
"11/06/2014","198.45","198.45","198.45","198.45","11.37K","-5.00%"
"11/05/2014","208.89","198.45","208.89","208.89","16.49K","0.00%"
"11/04/2014","208.89","219.88","208.89","208.89","93.47K","-1.70%"
"11/03/2014","212.50","204.30","215.00","204.25","1.93M","-1.16%"
"10/31/2014","215.00","214.50","215.00","210.00","1.30M","0.02%"
"10/30/2014","214.95","214.93","214.97","213.00","1.00M","-0.02%"
"10/29/2014","215.00","214.89","215.50","214.89","1.14M","0.03%"
"10/28/2014","214.93","214.95","214.97","214.40","239.18K","-0.03%"
"10/27/2014","215.00","215.00","215.00","211.00","225.15K","0.00%"
"10/24/2014","215.00","213.00","218.00","210.03","672.67K","0.94%"
"10/23/2014","213.00","210.00","213.00","209.97","623.89K","0.00%"
"10/22/2014","213.00","210.00","213.00","209.39","1.08M","0.52%"
"10/21/2014","211.89","214.00","211.89","211.89","69.07K","0.00%"
"10/20/2014","211.89","212.00","212.00","210.00","283.30K","-0.05%"
"10/17/2014","212.00","204.25","212.00","204.25","152.33K","-1.40%"
"10/16/2014","215.00","215.00","215.00","204.25","791.99K","-2.25%"
"10/15/2014","219.94","219.94","219.94","219.94","82.35K","0.00%"
"10/14/2014","219.94","212.00","219.94","211.00","717.02K","2.25%"
"10/13/2014","215.11","215.11","215.11","215.11","42.48K","-0.88%"
"10/10/2014","217.01","218.80","218.00","215.00","581.63K","0.86%"
"10/09/2014","215.15","219.00","220.00","215.15","685.16K","-2.12%"
"10/08/2014","219.80","218.00","219.80","218.00","157.39K","-0.45%"
"10/03/2014","220.80","216.00","220.80","215.00","10.54M","-0.02%"
"10/02/2014","220.84","221.00","221.00","220.43","594.52K","-0.52%"
"09/30/2014","222.00","222.99","222.00","215.33","2.04M","0.00%"
"09/29/2014","222.00","220.03","223.00","218.00","2.28M","0.91%"
"09/26/2014","220.00","220.00","223.00","219.00","990.33K","-1.78%"
"09/25/2014","223.98","224.99","225.00","218.10","475.62K","-0.45%"
"09/24/2014","225.00","224.99","225.00","217.00","15.70M","2.74%"
"09/23/2014","219.00","230.00","220.00","219.00","1.33M","-1.73%"
"09/22/2014","222.85","223.00","223.00","220.63","561.01K","-0.51%"
"09/19/2014","224.00","226.90","224.00","220.00","661.64K","1.82%"
"09/18/2014","220.00","231.00","220.18","220.00","762.27K","-0.90%"
"09/17/2014","222.00","230.00","229.00","218.51","891.91K","0.91%"
"09/16/2014","220.00","224.90","220.00","215.00","366.32K","0.00%"
"09/15/2014","219.99","219.99","220.00","219.98","140.79K","2.27%"
"09/12/2014","215.10","218.00","218.00","215.10","198.66K","-1.33%"
"09/11/2014","218.00","219.00","219.00","217.99","330.66K","-0.91%"
"09/10/2014","220.00","220.00","220.00","219.90","113.63K","0.00%"
"09/09/2014","219.99","220.00","222.00","219.00","1.28M","-2.22%"
"09/08/2014","224.99","225.00","225.00","224.93","243.63K","0.00%"
"09/05/2014","225.00","225.00","225.00","225.00","119.10K","0.00%"
"09/04/2014","225.00","226.02","226.02","225.00","348.58K","-0.22%"
"09/03/2014","225.50","225.50","225.50","225.50","71.47K","0.00%"
"09/02/2014","225.50","226.01","226.01","220.00","13.87M","0.15%"
"09/01/2014","225.16","226.01","226.01","225.16","1.08M","0.07%"
"08/29/2014","225.00","225.05","225.60","225.00","188.66K","0.00%"
"08/28/2014","225.00","225.00","225.00","225.00","14.22K","0.00%"
"08/27/2014","225.00","225.16","225.16","225.00","634.74K","-1.53%"
"08/26/2014","228.50","226.00","228.50","226.00","72.35K","0.22%"
"08/25/2014","228.00","228.00","228.00","228.00","44.77K","-0.86%"
"08/22/2014","229.97","229.97","229.97","229.97","20.79K","0.00%"
"08/21/2014","229.97","226.03","229.98","226.00","244.82K","-0.01%"
"08/20/2014","230.00","230.00","230.00","226.04","78.36K","0.00%"
"08/19/2014","230.00","229.00","229.00","229.00","67.66K","1.77%"
"08/18/2014","226.00","229.99","229.99","229.99","176.96K","0.00%"
"08/15/2014","226.00","226.15","229.00","226.00","386.67K","-2.57%"
"08/14/2014","231.95","225.00","231.95","225.00","343.78K","2.60%"
"08/13/2014","226.08","221.00","226.02","226.02","82.41K","-0.84%"
"08/12/2014","228.00","228.05","228.07","228.00","345.46K","0.88%"
"08/11/2014","226.01","226.01","226.01","226.01","24.22K","-1.73%"
"08/08/2014","230.00","230.00","230.02","230.00","1.17M","0.00%"
"08/07/2014","230.00","229.00","230.00","229.00","166.01K","0.88%"
"08/06/2014","228.00","230.00","230.00","228.00","1.66M","-0.44%"
"08/05/2014","229.00","230.00","230.00","229.00","491.50K","1.17%"
"08/04/2014","226.35","226.20","226.40","226.20","125.07K","-1.59%"
"08/01/2014","230.00","230.00","230.03","230.00","939.04K","0.00%"
"07/31/2014","230.00","230.00","230.02","230.00","252.98K","-1.68%"
"07/30/2014","233.94","232.10","233.94","224.01","227.52K","0.84%"
"07/25/2014","232.00","230.03","232.00","230.00","87.09M","-2.32%"
"07/23/2014","237.50","238.20","238.20","237.50","130.71K","-0.21%"
"07/22/2014","238.00","241.00","241.00","238.00","159.58K","-1.04%"
"07/21/2014","240.50","240.10","240.50","240.10","326.81K","0.19%"
"07/18/2014","240.05","241.00","241.00","240.05","79.50K","0.02%"
"07/17/2014","240.00","240.01","240.01","240.00","77.65K","0.00%"
"07/16/2014","240.00","241.00","245.00","240.00","1.24M","-0.41%"
"07/15/2014","240.99","241.00","241.00","240.95","827.84K","0.00%"
"07/14/2014","241.00","239.00","241.20","241.00","56.94K","0.00%"
"07/11/2014","241.00","240.00","241.00","240.00","733.25K","-1.63%"
"07/10/2014","245.00","240.01","245.00","240.01","270.86K","-0.81%"
"07/09/2014","247.00","242.03","247.00","242.03","179.16K","-0.01%"
"07/08/2014","247.02","244.55","248.00","232.75","3.58M","0.82%"
"07/07/2014","245.00","245.00","250.02","245.00","347.47K","-2.00%"
"07/04/2014","250.00","244.50","250.00","244.50","1.30M","2.25%"
"07/03/2014","244.50","244.50","244.50","244.50","42.13K","1.88%"
"07/02/2014","240.00","240.00","240.00","240.00","334.11K","0.00%"
"07/01/2014","240.00","240.00","241.00","240.00","789.92K","0.00%"
"06/30/2014","240.00","239.99","240.00","234.77","287.00K","0.00%"
"06/27/2014","240.00","234.99","240.00","234.78","327.55K","2.13%"
"06/26/2014","235.00","235.00","235.00","235.00","479.70K","0.00%"
"06/25/2014","235.00","229.95","235.00","228.50","1.80M","2.96%"
"06/24/2014","228.25","227.00","228.25","227.00","121.08K","0.33%"
"06/23/2014","227.50","225.06","227.50","227.50","174.16K","1.11%"
"06/20/2014","225.01","228.99","229.00","225.01","1.18M","-0.53%"
"06/19/2014","226.20","225.03","227.00","225.03","1.41M","-0.36%"
"06/18/2014","227.01","229.00","229.00","227.00","460.01K","-0.87%"
"06/17/2014","229.00","227.00","229.00","227.00","2.32M","0.88%"
"06/16/2014","227.00","227.00","227.00","227.00","30.01K","0.00%"
"06/13/2014","227.00","229.08","229.97","227.00","170.67K","1.23%"
"06/12/2014","224.25","230.00","230.00","224.25","514.57K","-2.50%"
"06/11/2014","230.00","230.00","230.02","230.00","3.05M","1.50%"
"06/10/2014","226.60","226.60","226.60","226.60","98.37K","-1.05%"
"06/09/2014","229.00","229.00","229.01","229.00","954.65K","-0.43%"
"06/06/2014","229.99","228.00","229.99","220.90","170.14K","0.34%"
"06/05/2014","229.22","230.00","230.00","228.50","626.49K","0.05%"
"06/04/2014","229.10","230.00","230.00","229.08","110.64K","0.48%"
"06/03/2014","228.00","228.00","228.00","228.00","400.86K","-0.65%"
"06/02/2014","229.50","230.00","230.00","228.00","399.44K","-2.34%"
"05/30/2014","235.00","227.00","235.00","227.00","1.46M","3.52%"
"05/28/2014","227.01","227.15","227.15","227.01","65.26K","-0.39%"
"05/27/2014","227.90","225.00","227.90","225.00","58.78K","2.20%"
"05/26/2014","222.99","223.00","223.60","222.99","16.99M","-0.28%"
"05/23/2014","223.62","222.96","232.00","222.00","2.80M","0.29%"
"05/22/2014","222.98","221.05","222.98","221.00","481.70K","0.90%"
"05/21/2014","221.00","222.99","223.00","217.00","1.23M","-0.90%"
"05/20/2014","223.00","223.00","230.00","222.26","943.19K","0.00%"
"05/19/2014","223.00","223.00","223.00","223.00","66.40K","0.00%"
"05/16/2014","223.00","223.00","223.00","223.00","184.69K","1.22%"
"05/15/2014","220.31","224.98","224.98","220.31","837.63K","-2.08%"
"05/14/2014","224.98","225.00","225.00","224.98","651.26K","-0.01%"
"05/13/2014","225.00","225.00","225.00","225.00","75.83K","0.00%"
"05/12/2014","225.00","226.50","226.50","225.00","1.21M","0.45%"
"05/09/2014","224.00","224.00","225.00","223.03","1.26M","-0.44%"
"05/08/2014","225.00","224.00","225.00","222.50","1.17M","0.16%"
"05/07/2014","224.64","221.25","225.00","221.25","968.18K","-0.57%"
"05/06/2014","225.92","226.50","226.50","225.84","654.93K","-0.26%"
"05/05/2014","226.51","227.00","227.00","226.05","360.58K","0.23%"
"05/02/2014","226.00","227.00","227.00","216.87","175.58K","0.00%"
"04/30/2014","226.01","226.98","226.98","226.01","286.71K","-0.44%"
"04/29/2014","227.00","227.00","227.00","227.00","28.27K","0.00%"
"04/28/2014","227.00","227.00","227.00","227.00","35.39K","-0.44%"
"04/25/2014","228.00","227.99","228.00","227.91","224.43K","0.00%"
"04/24/2014","228.00","228.00","228.00","227.71","318.26K","-0.87%"
"04/23/2014","230.00","228.00","230.00","225.59","860.21K","0.93%"
"04/22/2014","227.89","228.00","228.00","227.80","232.85K","-2.94%"
"04/17/2014","234.80","234.89","234.89","234.80","139.37K","0.01%"
"04/16/2014","234.77","234.83","234.83","234.72","202.69K","-0.06%"
"04/15/2014","234.90","234.90","235.00","234.00","481.40K","0.00%"
"04/14/2014","234.90","234.01","235.00","234.00","112.69K","-0.04%"
"04/11/2014","235.00","234.98","235.00","234.98","502.35K","0.00%"
"04/10/2014","235.00","235.00","235.10","235.00","737.15K","0.00%"
"04/09/2014","235.00","234.01","235.00","234.01","108.76K","0.00%"
"04/08/2014","235.00","235.00","235.00","234.98","600.16K","0.00%"
"04/07/2014","234.99","235.00","235.00","234.00","154.80K","0.04%"
"04/04/2014","234.90","234.99","234.99","234.90","114.69K","-0.04%"
"04/03/2014","235.00","235.00","235.00","234.00","946.67K","0.00%"
"04/02/2014","235.00","235.00","235.07","235.00","882.09K","0.00%"
"04/01/2014","235.00","232.10","235.00","232.10","299.43K","-2.86%"
"03/31/2014","241.93","239.90","241.93","230.00","779.59K","0.91%"
"03/28/2014","239.75","237.99","239.75","237.50","180.44K","2.02%"
"03/27/2014","235.00","230.00","235.01","230.00","500.48K","2.17%"
"03/26/2014","230.00","230.05","230.05","228.00","697.55K","0.00%"
"03/25/2014","230.00","232.00","230.00","227.90","427.44K","0.88%"
"03/24/2014","228.00","227.00","228.00","227.00","118.53K","0.00%"
"03/21/2014","228.00","228.51","228.51","228.00","777.32K","-0.22%"
"03/20/2014","228.51","230.00","230.00","228.51","202.94K","-0.21%"
"03/19/2014","229.00","238.00","237.00","227.52","257.27K","0.26%"
"03/18/2014","228.40","239.96","235.00","228.40","407.81K","-2.23%"
"03/17/2014","233.60","245.50","233.60","233.60","47.86K","-0.47%"
"03/14/2014","234.70","230.00","234.70","230.00","278.21K","-0.13%"
"03/13/2014","235.00","245.00","235.07","235.00","251.25K","-1.67%"
"03/12/2014","238.98","245.90","238.98","234.02","434.38K","-0.43%"
"03/11/2014","240.00","237.00","240.00","237.00","1.00M","1.33%"
"03/10/2014","236.86","239.99","238.74","235.46","397.54K","-0.23%"
"03/07/2014","237.40","239.00","237.40","235.00","970.86K","0.17%"
"03/06/2014","237.00","239.00","237.99","236.99","541.00K","-0.42%"
"03/05/2014","238.00","246.00","238.70","238.00","206.27K","-0.83%"
"03/04/2014","240.00","239.95","240.00","236.00","1.52M","0.42%"
"03/03/2014","239.00","239.99","239.99","236.00","268.98K","-0.42%"
"02/28/2014","240.00","238.00","240.00","237.05","494.64K","1.27%"
"02/27/2014","237.00","237.40","237.00","237.00","185.34K","0.85%"
"02/26/2014","235.00","239.39","235.06","235.00","121.87K","-1.25%"
"02/25/2014","237.97","237.98","237.97","234.00","593.99K","0.24%"
"02/24/2014","237.40","235.00","237.40","235.00","182.43K","1.02%"
"02/21/2014","235.00","235.00","235.00","235.00","46.51K","-2.05%"
"02/20/2014","239.92","239.98","239.98","234.00","977.17K","0.81%"
"02/19/2014","238.00","239.50","239.50","234.00","752.13K","1.28%"
"02/18/2014","235.00","239.96","239.96","230.00","181.15K","0.56%"
"02/17/2014","233.70","246.00","246.00","233.70","461.94K","-0.43%"
"02/14/2014","234.70","235.88","234.70","224.09","1.02M","-0.13%"
"02/13/2014","235.00","235.21","235.21","227.05","991.61K","-1.66%"
"02/12/2014","238.96","239.00","239.00","235.00","10.25M","-0.34%"
"02/11/2014","239.77","235.00","239.97","239.77","341.67K","-0.10%"
"02/10/2014","240.00","240.00","240.03","235.00","10.27M","0.00%"
"02/07/2014","240.00","248.00","240.00","239.94","331.85K","0.84%"
"02/06/2014","238.00","235.30","238.00","235.26","473.88K","0.00%"
"02/05/2014","238.00","240.17","240.17","235.00","11.49M","-1.04%"
"02/04/2014","240.50","235.10","243.30","235.05","1.89M","-1.15%"
"02/03/2014","243.30","233.51","243.30","233.51","225.53K","3.76%"
"01/31/2014","234.49","246.00","234.49","233.70","761.75K","-0.22%"
"01/30/2014","235.00","233.00","235.00","231.00","1.05M","0.00%"
"01/29/2014","235.00","244.00","235.02","233.05","726.10K","0.00%"
"01/28/2014","235.01","244.00","236.00","235.01","303.04K","-0.38%"
"01/27/2014","235.90","235.00","236.00","235.00","748.92K","0.92%"
"01/24/2014","233.75","234.82","237.00","233.00","1.51M","0.75%"
"01/23/2014","232.01","230.70","232.01","230.70","461.07K","0.87%"
"01/22/2014","230.00","232.88","232.48","230.00","148.34K","0.00%"
"01/21/2014","230.00","232.90","230.10","230.00","883.68K","2.21%"
"01/20/2014","225.02","234.50","230.00","225.02","1.10M","-2.17%"
"01/17/2014","230.00","234.00","230.00","229.00","1.10M","0.00%"
"01/16/2014","230.00","232.89","230.00","229.98","452.15K","0.00%"
"01/15/2014","230.00","238.00","238.00","226.10","481.84K","0.00%"
"01/13/2014","230.00","235.00","230.00","230.00","328.37K","0.00%"
"01/10/2014","230.00","220.00","230.00","219.01","2.48M","0.00%"
"01/09/2014","230.00","240.00","240.00","229.00","1.33M","-4.17%"
"01/08/2014","240.00","246.70","246.00","240.00","402.99K","2.13%"
"01/07/2014","235.00","232.00","235.00","232.00","66.44K","4.91%"
"01/06/2014","224.00","220.00","224.00","220.00","620.63K","1.82%"
"01/03/2014","220.00","225.00","220.00","213.90","159.50K","0.00%"
"01/02/2014","220.00","220.00","225.00","220.00","649.40K","0.46%"
"12/31/2013","218.99","218.99","218.99","218.99","322.53K","2.91%"
"12/30/2013","212.80","212.80","212.80","212.80","39.06K","0.00%"
"12/27/2013","212.80","219.00","212.80","211.00","59.53K","0.84%"
"12/24/2013","211.03","211.01","212.64","211.03","230.98K","-0.83%"
"12/23/2013","212.80","218.00","212.80","210.08","174.50K","0.85%"
"12/20/2013","211.00","210.00","211.00","210.00","338.29K","0.48%"
"12/19/2013","210.00","219.00","211.90","210.00","769.62K","-0.82%"
"12/18/2013","211.74","210.00","211.80","209.00","1.65M","0.83%"
"12/17/2013","210.00","212.00","212.00","209.01","534.03K","-4.55%"
"12/16/2013","220.00","210.00","220.00","200.00","330.07K","10.00%"
"12/13/2013","200.00","200.00","210.00","199.99","916.10K","0.00%"
"12/12/2013","200.00","200.00","200.50","196.03","679.82K","0.00%"
"12/11/2013","200.00","203.60","200.00","200.00","1.19M","0.00%"
"12/10/2013","200.00","200.00","200.00","200.00","65.60K","2.55%"
"12/09/2013","195.03","192.00","195.03","192.00","151.81K","-0.24%"
"12/06/2013","195.50","193.00","195.50","195.50","21.91K","0.00%"
"12/05/2013","195.50","195.00","195.50","195.00","1.20M","0.26%"
"12/04/2013","195.00","195.00","195.00","194.51","2.07M","0.00%"
"12/03/2013","195.00","195.00","195.00","195.00","275.40K","0.00%"
"12/02/2013","195.00","195.00","195.00","195.00","50.64K","0.00%"
"11/29/2013","195.00","195.00","195.00","195.00","48.93K","0.00%"
"11/28/2013","195.00","194.01","195.00","194.00","165.71K","0.00%"
"11/27/2013","195.00","195.00","195.50","195.00","1.16M","0.52%"
"11/26/2013","194.00","194.00","194.00","193.00","179.09K","-0.51%"
"11/25/2013","195.00","195.00","195.00","195.00","11.03K","0.00%"
"11/22/2013","195.00","195.12","195.12","195.00","9.57M","-0.51%"
"11/21/2013","196.00","195.53","197.00","195.01","880.44K","0.51%"
"11/20/2013","195.00","190.00","195.55","190.00","1.93M","2.63%"
"11/19/2013","190.00","190.00","190.00","187.05","600.45K","1.60%"
"11/18/2013","187.00","187.00","187.00","187.00","385.58K","0.00%"
"11/15/2013","187.00","187.00","187.00","187.00","46.31K","1.08%"
"11/14/2013","185.00","187.50","187.50","185.00","343.38K","-1.73%"
"11/13/2013","188.25","188.25","188.25","188.25","49.96K","-0.92%"
"11/12/2013","190.00","185.10","190.00","187.00","1.21M","2.70%"
"11/11/2013","185.00","185.00","185.00","185.00","10.02M","0.00%"
"11/08/2013","185.00","185.00","185.50","185.00","20.19M","-1.34%"
"11/07/2013","187.51","188.91","190.00","187.51","163.42K","-1.31%"
"11/06/2013","190.00","190.01","190.01","190.00","370.43K","0.00%"
"11/05/2013","190.00","190.00","190.00","190.00","325.23K","0.00%"
"11/04/2013","190.00","190.00","190.99","190.00","421.81K","0.00%"
"11/01/2013","190.00","190.00","190.00","190.00","14.69K","0.00%"
"10/31/2013","190.00","190.00","190.00","190.00","971.74K","0.00%"
"10/30/2013","190.00","190.00","190.00","190.00","3.55K","0.00%"
"10/29/2013","190.00","190.00","190.00","190.00","415.57K","0.00%"
"10/28/2013","190.00","190.00","190.00","190.00","179.09K","0.00%"
"10/25/2013","190.00","190.00","190.00","190.00","6.85K","0.00%"
"10/24/2013","190.00","189.90","190.00","189.90","1.24M","1.88%"
"10/23/2013","186.50","186.50","186.50","186.50","102.23K","0.00%"
"10/22/2013","186.50","186.01","186.50","186.00","332.67K","0.27%"
"10/21/2013","186.00","186.00","186.00","186.00","61.20K","-0.11%"
"10/18/2013","186.20","186.20","186.20","186.20","44.67K","-2.00%"
"10/17/2013","190.00","190.00","190.00","189.99","2.62M","0.53%"
"10/14/2013","189.00","189.99","190.00","188.00","1.24M","0.00%"
"10/11/2013","189.00","189.00","189.10","189.00","144.83K","-0.26%"
"10/10/2013","189.50","190.00","190.00","189.50","553.33K","-2.79%"
"10/09/2013","194.94","189.99","194.94","189.99","1.08M","2.60%"
"10/08/2013","190.00","190.00","190.02","190.00","1.11M","0.00%"
"10/07/2013","190.00","190.00","190.00","190.00","60.80K","0.00%"
"10/04/2013","190.00","190.00","190.00","190.00","584.75K","0.00%"
"10/03/2013","190.00","190.00","190.10","190.00","2.27M","0.00%"
"10/02/2013","190.00","190.00","190.00","189.90","519.17K","0.00%"
"09/30/2013","190.00","189.99","190.00","189.99","538.71K","0.00%"
"09/27/2013","190.00","190.00","190.00","190.00","218.04K","0.00%"
"09/26/2013","190.00","190.00","190.00","189.99","222.71K","0.00%"
"09/25/2013","190.00","190.00","190.00","190.00","15.17K","0.00%"
"09/24/2013","190.00","190.00","190.00","190.00","85.39K","0.00%"
"09/23/2013","190.00","190.00","190.00","190.00","286.71K","0.00%"
"09/20/2013","190.00","189.00","190.00","189.00","225.26K","0.53%"
"09/19/2013","189.00","189.00","189.00","189.00","250.36K","-0.53%"
"09/18/2013","190.00","190.00","190.00","190.00","41.70K","0.00%"
"09/17/2013","190.00","190.00","190.00","190.00","124.31K","0.45%"
"09/16/2013","189.15","190.00","190.00","190.00","2.12M","-0.45%"
"09/13/2013","190.00","190.00","190.00","190.00","214.41K","-1.55%"
"09/12/2013","193.00","191.00","193.00","191.00","112.42K","0.78%"
"09/11/2013","191.50","191.50","191.50","191.50","20.03K","0.00%"
"09/10/2013","191.50","191.50","191.50","191.50","132.37K","-0.78%"
"09/09/2013","193.00","193.00","193.00","193.00","93.33K","0.00%"
"09/06/2013","193.00","194.00","194.00","193.00","493.25K","-0.52%"
"09/05/2013","194.00","199.00","199.00","192.00","1.49M","2.11%"
"09/04/2013","190.00","190.00","198.00","190.00","4.99M","0.00%"
"09/03/2013","190.00","190.00","190.00","190.00","24.20K","0.00%"
"09/02/2013","190.00","190.00","190.00","190.00","183.53K","0.00%"
"08/30/2013","190.00","189.99","190.00","189.99","5.01M","0.00%"
"08/29/2013","190.00","189.95","190.00","189.90","711.91K","0.00%"
"08/28/2013","190.00","188.50","190.00","188.50","158.01K","0.00%"
"08/27/2013","190.00","190.00","190.00","189.75","563.71K","0.00%"
"08/26/2013","190.00","190.00","190.00","190.00","4.06M","1.06%"
"08/23/2013","188.00","188.01","188.01","188.00","77.62K","-1.05%"
"08/22/2013","190.00","190.00","190.00","190.00","1.09M","0.00%"
"08/21/2013","190.00","188.05","190.00","188.05","425.31K","0.00%"
"08/20/2013","190.00","190.00","190.00","190.00","43.25K","0.00%"
"08/19/2013","190.00","190.00","190.00","190.00","220.35K","0.00%"
"08/16/2013","190.00","191.21","191.21","190.00","1.24M","-1.04%"
"08/15/2013","192.00","190.00","192.00","190.00","319.98K","-0.78%"
"08/14/2013","193.50","193.50","193.50","192.20","582.41K","-0.26%"
"08/13/2013","194.00","193.99","194.00","193.99","2.04M","0.00%"
"08/12/2013","194.00","194.00","194.00","193.99","2.02M","0.00%"
"08/07/2013","194.00","194.94","194.94","194.00","361.61K","-0.51%"
"08/06/2013","195.00","194.80","195.00","194.30","523.99K","0.00%"
"08/05/2013","195.00","195.00","195.00","195.00","181.85K","-0.51%"
"08/02/2013","196.00","194.70","196.00","194.70","1.37M","0.66%"
"08/01/2013","194.72","194.70","194.72","194.70","2.23M","0.00%"
"07/31/2013","194.72","194.72","194.75","194.33","1.02M","-0.01%"
"07/30/2013","194.73","194.77","194.77","194.35","1.01M","-0.02%"
"07/29/2013","194.77","192.02","194.77","192.02","195.72K","2.51%"
"07/26/2013","190.00","190.00","190.00","190.00","698.65K","0.00%"
"07/25/2013","190.00","190.00","190.01","190.00","1.93M","0.01%"
"07/24/2013","189.99","190.00","190.00","189.99","235.64K","-0.01%"
"07/23/2013","190.00","190.00","190.00","189.99","293.79K","0.02%"
"07/22/2013","189.97","190.00","190.00","189.97","907.47K","-0.02%"
"07/19/2013","190.00","190.00","190.00","190.00","232.68K","0.00%"
"07/18/2013","190.00","189.99","190.00","189.99","224.23K","0.47%"
"07/17/2013","189.11","190.00","190.00","189.11","423.69K","-0.47%"
"07/16/2013","190.00","190.00","190.00","190.00","217.64K","0.00%"
"07/15/2013","190.00","190.00","190.00","189.85","620.75K","0.53%"
"07/12/2013","189.00","190.00","190.00","189.00","297.15K","-0.53%"
"07/11/2013","190.00","189.00","190.00","189.00","232.90K","0.00%"
"07/10/2013","190.00","190.05","190.06","190.00","478.57K","0.53%"
"07/09/2013","189.00","185.00","189.01","185.00","1.04M","2.16%"
"07/08/2013","185.00","185.00","185.00","185.00","37.44K","0.00%"
"07/05/2013","185.00","184.50","185.05","184.50","311.12K","1.44%"
"07/04/2013","182.38","180.10","182.38","180.10","638.67K","1.32%"
"07/03/2013","180.00","180.05","180.31","180.00","568.33K","0.00%"
"07/02/2013","180.00","180.11","180.11","180.00","473.50K","0.00%"
"07/01/2013","180.00","180.00","180.11","180.00","768.29K","-1.10%"
"06/28/2013","182.00","183.01","188.00","182.00","498.16K","-3.19%"
"06/27/2013","188.00","188.00","188.00","188.00","16.27K","0.00%"
"06/26/2013","188.00","189.94","190.00","186.10","392.51K","-1.03%"
"06/25/2013","189.95","180.00","190.00","175.71","2.71M","0.08%"
"06/24/2013","189.80","190.80","190.80","189.05","145.64K","-1.15%"
"06/21/2013","192.00","190.45","192.00","190.00","423.79K","-1.54%"
"06/20/2013","195.00","195.00","195.00","195.00","72.66K","0.00%"
"06/19/2013","195.00","193.01","195.00","192.30","2.12M","-2.01%"
"06/18/2013","199.00","199.00","199.00","199.00","88.16K","0.00%"
"06/17/2013","199.00","199.00","199.00","199.00","59.02K","0.00%"
"06/14/2013","199.00","189.00","199.00","189.00","1.82M","0.00%"
"06/13/2013","199.00","191.00","199.00","179.10","1.03M","0.00%"
"06/12/2013","199.00","214.90","217.00","199.00","1.84M","-5.24%"
"06/11/2013","210.01","211.20","215.00","210.00","716.02K","0.00%"
"06/10/2013","210.00","208.90","215.00","209.00","256.59M","0.00%"
"06/07/2013","210.00","223.50","223.50","209.75","1.41M","0.72%"
"06/06/2013","208.49","230.99","231.00","208.49","926.64K","-0.72%"
"06/05/2013","210.00","200.00","210.03","200.00","443.80K","7.00%"
"06/04/2013","196.26","193.00","196.28","193.00","797.03K","2.37%"
"06/03/2013","191.72","191.00","191.72","190.50","318.32K","0.38%"
"05/31/2013","191.00","187.70","191.00","187.70","536.27K","1.87%"
"05/30/2013","187.50","186.50","187.50","186.50","405.51K","0.81%"
"05/28/2013","186.00","186.00","186.00","185.02","253.87K","0.00%"
"05/27/2013","186.00","186.00","186.00","185.01","274.57K","0.81%"
"05/24/2013","184.50","180.00","184.50","180.00","607.95K","7.71%"
"05/23/2013","171.30","186.00","186.00","171.30","646.58K","-7.90%"
"05/22/2013","186.00","184.00","186.75","184.00","748.31K","1.09%"
"05/21/2013","184.00","182.00","187.01","180.00","18.97M","0.54%"
"05/20/2013","183.01","182.67","183.01","182.67","251.60K","-2.13%"
"05/17/2013","187.00","180.20","187.00","180.15","357.87K","3.83%"
"05/16/2013","180.11","180.00","180.11","180.00","44.33K","0.06%"
"05/15/2013","180.00","180.00","180.00","180.00","331.19K","0.00%"
"05/14/2013","180.00","178.00","180.00","178.00","599.31K","1.01%"
"05/13/2013","178.20","178.20","178.82","178.20","841.99K","-1.00%"
"05/10/2013","180.00","180.00","180.00","180.00","898.78K","0.00%"
"05/09/2013","180.00","178.20","180.00","178.20","506.72K","1.00%"
"05/08/2013","178.22","176.10","180.00","176.10","5.47M","1.81%"
"05/07/2013","175.06","175.00","175.70","170.00","550.17K","-3.81%"
"05/06/2013","182.00","182.00","182.00","182.00","26.88K","-1.62%"
"05/03/2013","185.00","180.00","185.00","180.00","1.29M","3.82%"
"05/02/2013","178.20","170.00","178.20","170.00","443.70K","10.00%"
"04/30/2013","162.00","160.00","160.12","160.00","192.84K","3.77%"
"04/29/2013","156.12","156.12","156.12","156.12","41.27K","-1.72%"
"04/26/2013","158.85","155.00","158.85","155.00","137.84K","-0.72%"
"04/25/2013","160.00","154.07","160.04","154.07","171.39K","0.00%"
"04/24/2013","160.00","156.00","163.50","156.00","370.99K","2.56%"
"04/23/2013","156.00","156.15","156.26","156.00","224.14K","-0.06%"
"04/22/2013","156.10","156.02","156.10","156.02","155.16K","0.06%"
"04/19/2013","156.00","156.00","156.00","156.00","14.98K","0.00%"
"04/18/2013","156.00","161.10","161.10","156.00","2.91M","-3.17%"
"04/17/2013","161.10","157.00","165.00","157.00","396.34K","2.61%"
"04/16/2013","157.00","156.36","157.00","156.36","85.74K","-0.38%"
"04/15/2013","157.60","157.60","157.60","157.60","51.73K","1.03%"
"04/12/2013","156.00","156.22","156.23","156.00","561.29K","-0.14%"
"04/11/2013","156.22","157.20","157.20","156.22","268.53K","-0.51%"
"04/10/2013","157.02","157.02","157.02","157.02","64.35K","0.65%"
"04/09/2013","156.00","160.00","160.00","156.00","414.18K","-5.45%"
"04/08/2013","165.00","156.00","165.00","156.00","1.43M","5.77%"
"04/05/2013","156.00","156.00","156.00","156.00","57.54K","0.00%"
"04/04/2013","156.00","156.35","156.51","156.00","116.96K","0.61%"
"04/03/2013","155.05","155.05","155.05","155.05","21.86K","0.03%"
"04/02/2013","155.00","148.00","155.00","148.00","231.96K","4.38%"
"03/28/2013","148.50","143.20","150.01","143.20","304.57K","-0.48%"
"03/27/2013","149.21","151.80","151.80","148.00","1.58M","-1.77%"
"03/26/2013","151.90","151.90","151.90","151.90","44.76K","-2.00%"
"03/25/2013","155.00","155.00","155.00","155.00","520.37K","0.00%"
"03/22/2013","155.00","151.00","155.00","151.00","121.60K","3.33%"
"03/21/2013","150.00","148.17","150.00","148.17","142.70K","1.96%"
"03/20/2013","147.11","147.11","147.11","147.11","20.46K","0.00%"
"03/19/2013","147.11","146.50","147.11","145.60","193.37K","0.07%"
"03/18/2013","147.00","144.94","147.00","144.94","180.96K","3.89%"
"03/15/2013","141.50","143.00","143.01","143.00","233.84K","-1.05%"
"03/14/2013","143.00","143.00","143.00","143.00","6.18M","0.00%"
"03/13/2013","143.00","143.00","143.00","143.00","888.80K","0.01%"
"03/12/2013","142.99","142.49","142.99","142.35","178.15K","0.35%"
"03/11/2013","142.49","142.01","142.50","142.01","346.90K","-0.01%"
"03/08/2013","142.50","142.40","142.99","142.40","250.77K","0.01%"
"03/07/2013","142.49","141.50","142.49","141.50","133.08K","1.06%"
"03/06/2013","141.00","141.00","141.00","141.00","111.38K","0.00%"
"03/05/2013","141.00","145.00","145.00","141.00","920.18K","-2.76%"
"03/04/2013","145.00","145.00","145.00","145.00","964.37K","-2.02%"
"03/01/2013","147.99","140.08","147.99","140.08","973.56K","1.35%"
"02/28/2013","146.02","145.60","155.00","145.60","1.58M","-5.79%"
"02/27/2013","155.00","155.00","155.00","155.00","55.50K","0.00%"
"02/26/2013","155.00","155.00","176.00","146.01","1.24M","-3.13%"
"02/25/2013","160.00","160.00","160.00","160.00","73.73K","0.00%"
"02/22/2013","160.00","147.00","160.00","147.00","678.10K","8.85%"
"02/21/2013","146.99","145.50","146.99","144.00","3.48M","0.00%"
"02/20/2013","146.99","145.00","147.00","145.00","341.78K","1.37%"
"02/19/2013","145.00","141.00","145.00","141.00","653.79K","0.83%"
"02/18/2013","143.80","140.25","143.90","140.25","124.72K","-0.83%"
"02/15/2013","145.00","140.80","145.00","140.80","969.97K","-1.36%"
"02/14/2013","147.00","142.50","147.00","139.01","2.16M","5.00%"
"02/13/2013","140.00","140.00","140.00","140.00","7.89M","-0.71%"
"02/12/2013","141.00","141.00","141.00","140.00","2.62M","-2.08%"
"02/11/2013","144.00","144.00","144.00","144.00","27.66K","0.00%"
"02/08/2013","144.00","144.89","144.89","142.00","223.77K","1.05%"
"02/07/2013","142.50","143.00","143.00","142.50","520.83K","0.35%"
"02/06/2013","142.01","140.01","142.50","140.01","342.22K","0.79%"
"02/05/2013","140.89","145.00","145.00","140.89","163.90K","0.64%"
"02/04/2013","140.00","140.00","140.00","140.00","412.56K","-3.36%"
"02/01/2013","144.87","140.00","144.87","140.00","1.27M","3.55%"
"01/31/2013","139.90","139.50","139.90","139.50","121.55K","-0.07%"
"01/30/2013","140.00","140.00","140.50","140.00","225.48K","-0.14%"
"01/29/2013","140.20","140.20","140.20","140.20","71.50K","0.00%"
"01/28/2013","140.20","145.00","145.00","140.15","602.25K","-4.63%"
"01/25/2013","147.00","145.00","147.00","140.09","303.86K","-2.00%"
"01/23/2013","150.00","140.00","150.00","140.00","266.50K","3.45%"
"01/22/2013","145.00","140.00","145.00","139.03","1.12M","3.57%"
"01/21/2013","140.00","140.00","140.00","140.00","24.02K","0.00%"
"01/18/2013","140.00","135.00","140.00","135.00","300.46K","3.70%"
"01/17/2013","135.00","136.00","136.00","135.00","584.98K","3.81%"
"01/16/2013","130.05","130.05","130.05","130.05","330.97K","3.21%"
"01/15/2013","126.00","126.00","126.00","126.00","17.46K","0.00%"
"01/14/2013","126.00","126.00","126.00","126.00","74.02K","0.00%"
"01/11/2013","126.00","131.25","131.25","126.00","731.74K","0.80%"
"01/10/2013","125.00","125.00","125.00","125.00","5.36K","0.00%"
"01/09/2013","125.00","125.00","125.00","125.00","15.49K","0.00%"
"01/08/2013","125.00","125.00","125.00","125.00","115.58K","0.00%"
"01/07/2013","125.00","125.00","125.00","125.00","95.32K","0.00%"
"01/04/2013","125.00","125.00","125.00","125.00","91.78K","0.00%"
"01/03/2013","125.00","125.00","125.00","125.00","185.16K","-2.42%"
"01/02/2013","128.10","128.10","128.10","128.10","135.91K","0.00%"
"12/31/2012","128.10","134.50","134.50","128.10","555.37K","0.00%"
"12/28/2012","128.10","128.10","128.10","128.10","15.18K","0.00%"
"12/27/2012","128.10","125.00","128.10","125.00","246.13K","5.00%"
"12/24/2012","122.00","122.00","122.00","122.00","1.01M","0.00%"
"12/21/2012","122.00","122.00","122.00","122.00","2.93K","0.00%"
"12/20/2012","122.00","121.67","122.00","121.67","196.81K","0.41%"
"12/19/2012","121.50","121.50","121.50","121.50","23.08K","0.00%"
"12/18/2012","121.50","121.50","121.50","121.50","181.49K","0.00%"
"12/17/2012","121.50","121.50","121.50","121.50","105.45K","0.00%"
"12/14/2012","121.50","121.50","121.50","121.50","175.58K","0.00%"
"12/13/2012","121.50","121.50","121.50","121.50","116.31K","-0.27%"
"12/12/2012","121.83","121.83","121.83","121.83","1.77M","0.69%"
"12/11/2012","121.00","121.00","121.00","121.00","141.87K","0.00%"
"12/10/2012","121.00","121.00","121.00","121.00","2.61K","0.00%"
"12/07/2012","121.00","121.00","121.20","121.00","314.04K","-0.41%"
"12/06/2012","121.50","121.50","121.50","121.50","40.67K","0.00%"
"12/05/2012","121.50","121.50","121.50","121.50","3.59M","0.00%"
"12/04/2012","121.50","121.50","121.50","121.50","377.61K","0.00%"
"12/03/2012","121.50","121.50","121.50","121.50","420.06K","0.00%"
"11/30/2012","121.50","121.50","121.50","121.50","1.42M","0.00%"
"11/29/2012","121.50","121.50","121.50","121.50","272.47K","0.37%"
"11/28/2012","121.05","121.05","121.05","121.05","151.57K","0.00%"
"11/27/2012","121.05","121.05","121.05","121.05","10.35K","0.00%"
"11/26/2012","121.05","121.05","121.05","121.05","196.53K","0.00%"
"11/23/2012","121.05","121.05","121.05","121.05","83.15K","0.00%"
"11/22/2012","121.05","121.05","121.05","121.05","6.05K","0.00%"
"11/21/2012","121.05","121.05","121.05","121.05","16.96K","0.00%"
"11/20/2012","121.05","121.05","121.05","121.05","16.59K","0.00%"
"11/19/2012","121.05","121.05","121.05","121.05","98.60K","0.00%"
"11/16/2012","121.05","121.05","121.05","121.05","145.97K","0.00%"
"11/15/2012","121.05","121.05","121.05","121.05","60.60K","0.00%"
"11/14/2012","121.05","121.05","121.05","121.05","262.86K","0.00%"
"11/13/2012","121.05","121.00","121.11","121.00","1.11M","0.04%"
"11/12/2012","121.00","121.00","121.00","121.00","151.65K","-1.22%"
"11/09/2012","122.50","122.50","122.50","122.50","22.81K","0.00%"
"11/08/2012","122.50","121.10","122.50","121.10","3.50M","1.22%"
"11/07/2012","121.02","121.02","121.02","121.02","330.97K","0.85%"
"11/06/2012","120.00","120.00","120.00","120.00","10.30K","0.00%"
"11/05/2012","120.00","120.00","120.00","120.00","13.74K","0.00%"
"11/02/2012","120.00","120.00","120.00","120.00","267.41K","-0.09%"
"11/01/2012","120.11","120.11","120.11","120.11","369.50K","0.00%"
"10/31/2012","120.11","120.11","120.11","120.11","83.43K","0.00%"
"10/30/2012","120.11","120.10","120.11","120.10","299.31K","0.09%"
"10/29/2012","120.00","120.00","120.00","120.00","38.93K","0.00%"
"10/24/2012","120.00","120.00","120.00","120.00","66.33K","0.00%"
"10/23/2012","120.00","120.00","120.00","120.00","58.29K","0.00%"
"10/22/2012","120.00","120.00","120.00","120.00","11.19K","0.00%"
"10/19/2012","120.00","120.00","120.00","120.00","378.04K","0.00%"
"10/18/2012","120.00","120.00","120.00","120.00","165.95K","0.00%"
"10/17/2012","120.00","120.00","120.00","120.00","3.18M","0.00%"
"10/16/2012","120.00","119.00","120.00","119.00","485.67K","1.27%"
"10/15/2012","118.50","118.50","118.50","118.50","64.22K","0.00%"
"10/12/2012","118.50","118.50","118.50","118.50","47.33K","0.00%"
"10/11/2012","118.50","118.50","118.50","118.50","14.33K","0.00%"
"10/10/2012","118.50","118.50","118.50","118.50","19.01K","0.00%"
"10/09/2012","118.50","118.50","118.50","118.50","66.17K","0.00%"
"10/08/2012","118.50","118.50","118.50","118.50","33.47K","0.00%"
"10/05/2012","118.50","118.50","118.50","118.50","61.94K","0.00%"
"10/04/2012","118.50","118.50","118.50","118.50","149.98K","-0.45%"
"10/03/2012","119.03","119.03","119.03","119.03","12.06K","0.00%"
"10/02/2012","119.03","119.03","119.03","119.03","181.22K","-3.23%"
"09/28/2012","123.00","117.00","123.00","117.00","317.52K","4.24%"
"09/27/2012","118.00","118.00","118.00","118.00","124.56K","-0.84%"
"09/26/2012","119.00","119.00","119.00","119.00","212.54K","-0.82%"
"09/25/2012","119.98","119.98","119.98","119.98","248.32K","3.20%"
"09/24/2012","116.26","116.26","116.26","116.26","173.60K","0.00%"
"09/21/2012","116.26","116.26","116.26","116.26","139.75K","0.00%"
"09/20/2012","116.26","116.26","116.26","116.26","39.24K","0.00%"
"09/19/2012","116.26","118.00","118.00","116.26","492.52K","1.08%"
"09/18/2012","115.02","115.02","115.02","115.02","12.98K","0.00%"
"09/17/2012","115.02","115.01","115.02","115.01","259.34K","0.02%"
"09/14/2012","115.00","115.00","115.00","115.00","40.13K","0.00%"
"09/13/2012","115.00","115.00","115.00","115.00","94.43K","0.00%"
"09/12/2012","115.00","115.00","115.00","115.00","551.31K","0.00%"
"09/11/2012","115.00","115.00","115.00","115.00","417.46K","0.00%"
"09/10/2012","115.00","115.00","115.00","115.00","543.66K","-1.69%"
"09/07/2012","116.98","116.98","116.98","116.98","336.36K","0.00%"
"09/06/2012","116.98","115.00","116.98","115.00","1.68M","-0.01%"
"09/05/2012","116.99","115.50","116.99","115.50","585.93K","1.73%"
"09/04/2012","115.00","115.00","115.00","115.00","1.23M","0.00%"
"09/03/2012","115.00","115.00","115.00","115.00","533.34K","0.79%"
"08/31/2012","114.10","114.10","114.10","114.10","95.70K","0.97%"
"08/30/2012","113.00","113.00","113.00","113.00","40.21K","0.00%"
"08/29/2012","113.00","113.00","113.00","113.00","441.35K","0.00%"
"08/28/2012","113.00","113.00","113.00","113.00","82.26K","0.00%"
"08/27/2012","113.00","113.00","113.00","113.00","668.19K","0.00%"
"08/24/2012","113.00","112.00","115.00","112.00","224.08K","2.72%"
"08/23/2012","110.01","110.01","110.01","110.01","103.66K","0.00%"
"08/22/2012","110.01","110.00","110.01","110.00","1.06M","-0.01%"
"08/17/2012","110.02","110.00","110.02","110.00","1.02M","0.02%"
"08/16/2012","110.00","110.05","112.00","110.00","1.68M","-2.14%"
"08/15/2012","112.40","112.40","112.40","112.40","216.14K","-0.09%"
"08/14/2012","112.50","113.00","113.00","112.50","563.29K","-2.17%"
"08/13/2012","115.00","115.00","115.00","115.00","23.02K","0.00%"
"08/10/2012","115.00","115.00","115.00","115.00","454.85K","0.88%"
"08/09/2012","114.00","114.00","114.00","114.00","34.43K","0.00%"
"08/08/2012","114.00","114.00","114.00","114.00","132.05K","-3.80%"
"08/07/2012","118.50","118.50","118.50","118.50","24.72K","0.00%"
"08/06/2012","118.50","118.50","118.50","118.50","66.67K","0.00%"
"08/03/2012","118.50","118.50","118.50","118.50","99.01K","0.42%"
"08/02/2012","118.00","118.00","118.50","118.00","635.97K","0.00%"
"08/01/2012","118.00","116.50","118.00","116.50","440.98K","3.51%"
"07/31/2012","114.00","114.50","119.50","114.00","1.27M","-5.00%"
"07/30/2012","120.00","120.00","120.00","120.00","3.40K","0.00%"
"07/27/2012","120.00","111.00","120.00","111.00","762.00K","3.45%"
"07/26/2012","116.00","113.00","116.00","113.00","946.02K","0.00%"
"07/25/2012","116.00","116.00","116.00","116.00","9.11K","0.00%"
"07/24/2012","116.00","116.00","116.00","116.00","464.02K","-3.93%"
"07/23/2012","120.75","114.50","120.75","114.00","861.92K","5.00%"
"07/20/2012","115.00","113.50","116.00","113.50","605.92K","1.32%"
"07/19/2012","113.50","113.50","113.50","113.50","248.13K","-2.16%"
"07/18/2012","116.00","116.00","116.00","116.00","14.66K","0.00%"
"07/17/2012","116.00","116.00","116.00","116.00","7.76K","0.00%"
"07/16/2012","116.00","116.00","116.00","116.00","101.15K","0.00%"
"07/13/2012","116.00","115.00","116.00","115.00","265.73K","3.57%"
"07/12/2012","112.00","112.00","112.00","112.00","263.70K","3.70%"
"07/11/2012","108.00","108.00","108.00","108.00","73.56K","0.00%"
"07/10/2012","108.00","108.00","108.00","108.00","2.40M","0.00%"
"07/09/2012","108.00","108.00","108.00","108.00","8.30K","0.00%"
"07/06/2012","108.00","108.00","108.00","108.00","43.60K","0.00%"
"07/05/2012","108.00","108.00","108.00","108.00","42.86K","0.00%"
"07/04/2012","108.00","108.00","108.00","108.00","143.01K","0.00%"
"07/03/2012","108.00","108.00","108.00","108.00","103.33K","0.00%"
"07/02/2012","108.00","108.00","108.00","108.00","690.70K","-1.82%"
"06/29/2012","110.00","110.00","110.00","110.00","50.50K","0.00%"
"06/28/2012","110.00","110.00","110.00","110.00","13.21K","0.00%"
"06/27/2012","110.00","108.00","110.00","108.00","449.49K","1.85%"
"06/26/2012","108.00","108.00","108.00","108.00","628.36K","0.00%"
"06/25/2012","108.00","108.00","108.00","108.00","95.13K","0.00%"
"06/22/2012","108.00","108.00","108.00","108.00","165.00K","0.00%"
"06/21/2012","108.00","108.00","108.00","108.00","188.50K","0.00%"
"06/20/2012","108.00","108.00","108.00","108.00","170.16K","3.85%"
"06/19/2012","104.00","104.00","104.00","104.00","155.56K","0.00%"
"06/18/2012","104.00","107.00","107.00","104.00","285.30K","-3.70%"
"06/15/2012","108.00","108.00","108.00","108.00","308.09K","0.00%"
"06/14/2012","108.00","108.00","108.00","108.00","6.35K","0.00%"
"06/13/2012","108.00","108.00","108.00","108.00","179.62K","0.00%"
"06/12/2012","108.00","108.00","108.00","108.00","345.63K","2.37%"
"06/11/2012","105.50","105.50","105.50","105.50","242.50K","3.42%"
"06/08/2012","102.01","102.01","102.01","102.01","742.33K","0.01%"
"06/07/2012","102.00","102.00","102.00","102.00","405.39K","-4.35%"
"06/06/2012","106.64","106.64","106.64","106.64","180.46K","-5.00%"
"06/05/2012","112.25","112.25","112.25","112.25","80.48K","0.00%"
"06/04/2012","112.25","112.25","112.25","112.25","18.54K","0.00%"
"06/01/2012","112.25","112.25","112.25","112.25","60.62K","0.00%"
"05/31/2012","112.25","112.25","112.25","112.25","251.52K","0.00%"
"05/30/2012","112.25","112.25","112.25","112.25","63.63K","0.00%"
"05/28/2012","112.25","112.25","112.25","112.25","14.28K","0.00%"
"05/25/2012","112.25","112.25","112.25","112.25","4.20K","0.00%"
"05/24/2012","112.25","112.25","112.25","112.25","138.60K","0.12%"
"05/23/2012","112.11","112.11","112.11","112.11","73.42K","0.00%"
"05/22/2012","112.11","112.11","112.11","112.11","14.87K","0.00%"
"05/21/2012","112.11","112.11","112.11","112.11","376.44K","0.00%"
"05/18/2012","112.11","112.11","112.11","112.11","90.81K","0.10%"
"05/17/2012","112.00","112.00","112.00","112.00","110.38K","0.00%"
"05/16/2012","112.00","112.00","112.00","112.00","262.92K","2.46%"
"05/15/2012","109.31","109.31","109.31","109.31","404.26K","0.00%"
"05/14/2012","109.31","109.31","109.31","109.31","65.87K","-1.03%"
"05/11/2012","110.45","110.45","110.45","110.45","132.81K","1.25%"
"05/10/2012","109.09","109.09","109.09","109.09","28.40K","0.00%"
"05/09/2012","109.09","109.09","109.09","109.09","108.27K","0.00%"
"05/08/2012","109.09","109.09","109.09","109.09","131.43K","0.47%"
"05/07/2012","108.58","108.58","108.58","108.58","97.53K","0.00%"
"05/04/2012","108.58","108.58","108.58","108.58","345.80K","-2.10%"
"05/03/2012","110.91","110.91","110.91","110.91","22.55K","0.00%"
"05/02/2012","110.91","110.91","110.91","110.91","79.09K","0.00%"
"04/30/2012","110.91","110.91","110.91","110.91","170.72K","-0.02%"
"04/27/2012","110.93","110.91","110.93","110.91","188.84K","0.00%"
"04/26/2012","110.93","110.93","110.93","110.93","19.93K","0.00%"
"04/25/2012","110.93","110.93","110.93","110.93","7.18K","0.00%"
"04/24/2012","110.93","110.93","110.93","110.93","540.90K","1.69%"
"04/23/2012","109.09","109.09","109.09","109.09","507.07K","0.00%"
"04/20/2012","109.09","109.09","109.09","109.09","1.43M","0.00%"
"04/19/2012","109.09","109.09","109.09","108.18","1.57M","0.00%"
"04/18/2012","109.09","109.09","109.09","109.09","66.83K","3.45%"
"04/17/2012","105.45","105.45","105.45","105.45","13.41K","0.00%"
"04/16/2012","105.45","105.45","105.45","105.45","18.33K","0.00%"
"04/13/2012","105.45","105.45","105.45","105.45","60.98K","0.00%"
"04/12/2012","105.45","105.45","105.45","105.45","193.27K","-0.01%"
"04/11/2012","105.46","105.46","105.46","105.46","155.32K","0.01%"
"04/10/2012","105.45","105.45","105.45","105.45","1.02M","-0.43%"
"04/05/2012","105.91","106.00","106.00","105.91","765.58K","0.44%"
"04/04/2012","105.45","105.45","105.45","105.45","288.90K","0.43%"
"04/03/2012","105.00","105.00","105.00","105.00","9.45K","0.00%"
"04/02/2012","105.00","104.55","105.00","104.55","575.86K","1.50%"
"03/30/2012","103.45","103.45","103.45","103.45","502.80K","-0.07%"
"03/29/2012","103.52","103.52","103.52","103.52","92.30K","0.00%"
"03/28/2012","103.52","103.52","103.52","103.52","677.57K","0.03%"
"03/27/2012","103.49","103.49","103.49","103.49","1.98M","0.00%"
"03/26/2012","103.49","103.49","103.49","103.49","170.66K","0.00%"
"03/23/2012","103.49","103.49","103.49","103.49","216.38K","0.00%"
"03/22/2012","103.49","103.49","103.49","103.49","304.93K","-0.58%"
"03/21/2012","104.09","104.09","104.09","104.09","39.64K","0.00%"
"03/20/2012","104.09","104.09","104.09","104.09","17.09K","0.00%"
"03/19/2012","104.09","104.09","104.09","104.09","607.05K","2.85%"
"03/16/2012","101.21","101.21","101.21","101.21","28.43K","0.00%"
"03/15/2012","101.21","101.21","101.21","101.21","186.37K","-4.02%"
"03/14/2012","105.45","105.45","105.45","105.45","81.46K","0.00%"
"03/13/2012","105.45","105.45","105.45","105.45","143.95K","4.93%"
"03/12/2012","100.50","100.50","100.50","100.50","56.62K","0.00%"
"03/09/2012","100.50","100.50","100.50","100.50","158.66K","-4.69%"
"03/08/2012","105.45","105.45","105.45","105.45","89.97K","0.00%"
"03/07/2012","105.45","99.09","105.45","99.09","418.70K","1.93%"
"03/06/2012","103.45","98.64","103.45","98.64","4.60M","4.88%"
"03/05/2012","98.64","98.64","98.64","98.64","4.07M","-1.59%"
"03/02/2012","100.23","100.00","100.23","100.00","190.99K","5.01%"
"03/01/2012","95.45","95.45","95.45","95.45","9.34K","0.00%"
"02/29/2012","95.45","95.57","95.57","95.45","1.24M","-0.10%"
"02/28/2012","95.55","95.55","95.55","95.55","131.70K","0.10%"
"02/27/2012","95.45","95.45","95.45","95.45","491.60K","0.00%"
"02/24/2012","95.45","95.45","95.45","95.45","955.12K","-0.47%"
"02/23/2012","95.90","95.90","95.90","95.90","155.46K","0.00%"
"02/22/2012","95.90","96.36","96.36","95.90","","-4.10%"
"02/21/2012","100.00","100.00","100.00","100.00","23.99K","0.00%"
"02/20/2012","100.00","100.00","100.00","100.00","161.90K","-0.18%"
"02/17/2012","100.18","100.18","100.18","100.18","71.50K","0.00%"
"02/16/2012","100.18","100.18","100.18","100.18","51.50K","0.00%"
"02/15/2012","100.18","100.18","100.18","100.18","251.04K","-5.00%"
"02/14/2012","105.45","105.45","105.45","105.45","54.63K","0.00%"
"02/13/2012","105.45","105.45","105.45","105.45","54.03K","0.00%"
"02/10/2012","105.45","105.45","105.45","105.45","31.25K","0.00%"
"02/09/2012","105.45","105.45","105.45","105.45","9.78K","0.00%"
"02/08/2012","105.45","105.45","105.45","105.45","31.55K","0.00%"
"02/07/2012","105.45","105.42","105.45","105.42","1.31M","0.03%"
"02/03/2012","105.42","105.42","105.42","105.42","752.79K","0.00%"
"02/02/2012","105.42","105.42","105.42","105.42","17.03K","0.00%"
"02/01/2012","105.42","105.42","105.42","105.42","357.88K","-2.55%"
"01/31/2012","108.18","108.18","108.18","108.18","297.51K","0.00%"
"01/30/2012","108.18","108.18","108.18","108.18","240.06K","-0.83%"
"01/27/2012","109.09","109.09","109.09","109.09","155.56K","0.00%"
"01/26/2012","109.09","107.31","109.09","107.27","341.18K","1.72%"
"01/25/2012","107.25","107.25","107.25","107.25","248.10K","0.00%"
"01/24/2012","107.25","107.25","107.25","107.25","159.74K","0.07%"
"01/23/2012","107.17","107.17","107.17","107.17","93.44K","-0.09%"
"01/20/2012","107.27","107.27","107.27","107.27","158.13K","0.00%"
"01/19/2012","107.27","107.27","107.27","107.27","13.59K","0.00%"
"01/18/2012","107.27","107.27","107.27","107.27","293.37K","0.00%"
"01/17/2012","107.27","105.93","107.27","105.91","1.47M","1.27%"
"01/16/2012","105.92","105.92","105.92","105.92","16.50K","0.00%"
"01/13/2012","105.92","105.92","105.92","105.92","82.50K","0.00%"
"01/12/2012","105.92","105.92","105.92","105.92","215.62K","0.00%"
"01/11/2012","105.92","105.92","105.92","105.92","0.69K","0.00%"
"01/10/2012","105.92","104.55","105.92","104.55","530.77K","1.28%"
"01/09/2012","104.58","104.55","104.58","104.55","319.05K","1.80%"
"01/06/2012","102.73","101.47","102.73","101.47","1.24M","1.54%"
"01/05/2012","101.17","101.17","101.17","101.17","568.27K","0.47%"
"01/04/2012","100.70","100.70","100.70","100.70","8.09K","0.00%"
"01/03/2012","100.70","100.70","100.70","100.70","64.48K","0.00%"
"12/30/2011","100.70","100.70","100.70","100.70","26.98K","0.00%"
"12/29/2011","100.70","100.70","100.70","100.70","64.91K","4.99%"
"12/28/2011","95.91","95.91","95.91","95.91","3.01K","0.00%"
"12/23/2011","95.91","95.91","95.91","95.91","3.61K","0.00%"
"12/22/2011","95.91","95.91","95.91","95.91","69.20K","0.00%"
"12/21/2011","95.91","95.91","95.91","95.91","56.25K","0.00%"
"12/20/2011","95.91","95.91","95.91","95.91","87.43K","0.00%"
"12/19/2011","95.91","95.71","95.91","95.71","1.00M","0.21%"
"12/16/2011","95.71","95.71","95.71","95.71","246.13K","0.00%"
"12/15/2011","95.71","95.71","95.71","95.71","119.31K","0.01%"
"12/14/2011","95.70","95.55","95.70","95.55","1.44M","0.16%"
"12/13/2011","95.55","95.55","95.55","95.55","175.20K","0.00%"
"12/12/2011","95.55","95.55","95.55","95.55","112.59K","0.00%"
"12/09/2011","95.55","95.55","95.55","95.55","7.21K","0.00%"
"12/08/2011","95.55","95.55","95.55","95.55","25.23K","0.00%"
"12/07/2011","95.55","95.55","95.55","95.55","36.75K","0.00%"
"12/06/2011","95.55","95.55","95.55","95.55","67.74K","0.00%"
"12/05/2011","95.55","95.55","95.55","95.55","78.00K","0.00%"
"12/02/2011","95.55","95.55","95.55","95.55","169.64K","0.00%"
"12/01/2011","95.55","95.55","95.55","95.55","12.37K","0.00%"
"11/30/2011","95.55","95.55","95.55","95.55","180.94K","0.00%"
"11/29/2011","95.55","95.55","95.55","95.55","17.02K","0.00%"
"11/28/2011","95.55","95.55","95.55","95.55","26.51K","0.00%"
"11/25/2011","95.55","95.55","95.55","95.55","454.02K","4.76%"
"11/24/2011","91.21","91.21","91.21","91.21","130.79K","0.00%"
"11/23/2011","91.21","91.28","91.28","91.21","289.78K","-3.53%"
"11/22/2011","94.55","94.55","94.55","94.55","64.75K","0.87%"
"11/21/2011","93.73","93.73","93.73","93.73","47.67K","0.00%"
"11/18/2011","93.73","93.73","93.73","93.73","373.41K","-0.38%"
"11/17/2011","94.09","94.09","94.09","94.09","52.31K","0.00%"
"11/16/2011","94.09","94.09","94.09","94.09","39.39K","0.00%"
"11/15/2011","94.09","94.09","94.09","94.09","102.27K","0.00%"
"11/14/2011","94.09","94.09","94.09","94.09","126.47K","0.00%"
"11/11/2011","94.09","94.09","94.09","94.09","132.77K","0.00%"
"11/10/2011","94.09","94.09","94.09","94.09","63.43K","0.00%"
"11/09/2011","94.09","94.09","94.09","94.09","224.84K","0.48%"
"11/04/2011","93.64","93.64","93.64","93.64","14.95K","0.00%"
"11/03/2011","93.64","90.46","93.64","90.00","683.01K","0.01%"
"11/02/2011","93.63","93.63","93.63","93.63","222.46K","-4.63%"
"11/01/2011","98.18","98.18","98.18","98.18","278.68K","0.00%"
"10/31/2011","98.18","98.18","98.18","98.18","316.58K","0.94%"
"10/28/2011","97.27","91.23","97.27","91.23","315.48K","4.90%"
"10/27/2011","92.73","91.82","92.73","91.82","824.69K","2.00%"
"10/26/2011","90.91","90.91","90.91","90.91","260.61K","0.00%"
"10/25/2011","90.91","90.91","90.91","90.91","21.45K","0.00%"
"10/24/2011","90.91","90.91","90.91","90.91","54.58K","0.00%"
"10/21/2011","90.91","90.90","90.91","90.90","348.29K","3.10%"
"10/20/2011","88.18","88.64","88.64","88.18","1.20M","-0.53%"
"10/19/2011","88.65","88.64","88.65","88.64","6.29M","0.01%"
"10/18/2011","88.64","88.64","88.64","88.64","4.14M","-2.50%"
"10/17/2011","90.91","90.91","90.91","90.91","859.53K","4.17%"
"10/14/2011","87.27","87.27","87.27","87.27","56.05K","0.00%"
"10/13/2011","87.27","87.27","87.27","87.27","43.81K","0.00%"
"10/12/2011","87.27","87.27","87.27","87.27","25.38K","0.00%"
"10/11/2011","87.27","87.27","87.27","87.27","9.73K","0.00%"
"10/10/2011","87.27","87.27","87.27","87.27","265.79K","-3.03%"
"10/07/2011","90.00","90.90","90.90","90.00","1.61M","-1.00%"
"10/06/2011","90.91","90.91","90.91","90.91","2.55M","0.00%"
"10/05/2011","90.91","90.91","90.91","90.91","16.78K","0.00%"
"10/04/2011","90.91","90.91","90.91","90.91","99.78K","0.00%"
"09/30/2011","90.91","90.91","90.91","90.91","256.40K","0.25%"
"09/29/2011","90.68","90.68","90.68","90.68","2.43K","0.00%"
"09/28/2011","90.68","90.68","92.73","90.68","10.60M","0.00%"
"09/27/2011","90.68","90.68","90.68","90.68","70.24K","0.00%"
"09/26/2011","90.68","86.36","90.68","86.36","1.20M","5.00%"
"09/23/2011","86.36","86.36","86.36","86.36","4.46M","-5.00%"
"09/22/2011","90.91","90.91","90.91","90.91","559.94K","0.00%"
"09/21/2011","90.91","90.91","90.91","90.91","72.90K","0.00%"
"09/20/2011","90.91","90.91","90.91","90.91","125.89K","2.04%"
"09/19/2011","89.09","89.09","89.09","89.09","203.46K","-2.00%"
"09/16/2011","90.91","90.91","90.91","90.91","5.70M","-4.75%"
"09/15/2011","95.44","95.44","95.44","95.44","159.15K","0.00%"
"09/14/2011","95.44","86.36","95.44","86.36","1.22M","4.99%"
"09/13/2011","90.90","90.92","90.92","90.90","736.66K","-0.01%"
"09/12/2011","90.91","90.91","90.91","90.91","314.96K","0.00%"
"09/09/2011","90.91","92.73","92.73","90.91","1.03M","-2.92%"
"09/08/2011","93.64","93.64","93.64","93.64","49.01K","0.00%"
"09/07/2011","93.64","93.64","93.64","93.64","296.17K","1.48%"
"09/06/2011","92.27","92.27","92.27","92.27","133.75K","-2.41%"
"09/05/2011","94.55","94.55","94.55","94.55","598.24K","0.00%"
"09/02/2011","94.55","94.55","94.55","94.55","441.99K","0.00%"
"09/01/2011","94.55","94.55","94.55","94.55","434.74K","-1.47%"
"08/29/2011","95.96","95.96","95.96","95.96","534.55K","-5.00%"
"08/26/2011","101.01","101.01","101.01","101.01","174.76K","0.00%"
"08/25/2011","101.01","101.01","101.01","101.01","213.17K","-4.99%"
"08/24/2011","106.31","106.31","106.31","106.31","109.74K","0.00%"
"08/23/2011","106.31","106.31","106.31","106.31","184.48K","0.00%"
"08/22/2011","106.31","106.31","106.31","106.31","338.78K","0.00%"
"08/19/2011","106.31","106.31","106.31","106.31","257.17K","-0.05%"
"08/18/2011","106.36","106.36","106.36","106.36","48.72K","0.00%"
"08/17/2011","106.36","106.36","106.36","106.36","186.54K","0.00%"
"08/16/2011","106.36","106.36","106.36","106.36","198.31K","3.53%"
"08/15/2011","102.73","102.73","102.73","102.73","239.56K","-3.41%"
"08/12/2011","106.36","106.36","106.36","106.36","16.57K","0.00%"
"08/11/2011","106.36","106.36","106.36","106.36","133.91K","-2.50%"
"08/10/2011","109.09","109.09","109.09","109.09","224.54K","0.00%"
"08/09/2011","109.09","109.09","109.09","109.09","1.55K","0.00%"
"08/08/2011","109.09","109.09","109.09","109.09","36.53K","0.00%"
"08/05/2011","109.09","109.09","109.09","109.09","130.33K","0.00%"
"08/04/2011","109.09","109.09","109.09","109.09","402.34K","0.00%"
"08/03/2011","109.09","109.09","109.09","109.09","86.99K","0.00%"
"08/02/2011","109.09","109.09","109.09","109.09","42.87K","0.00%"
"08/01/2011","109.09","109.09","109.09","109.09","208.72K","0.00%"
"07/29/2011","109.09","109.09","109.09","109.09","261.08K","0.00%"
"07/28/2011","109.09","109.09","109.09","109.09","427.13K","0.40%"
"07/27/2011","108.65","108.65","108.65","108.65","4.07K","0.00%"
"07/26/2011","108.65","108.65","108.65","108.65","270.14K","0.00%"
"07/25/2011","108.65","108.65","108.65","108.64","1.74M","0.01%"
"07/22/2011","108.64","108.64","108.64","108.64","388.33K","-1.33%"
"07/21/2011","110.10","110.10","110.10","110.10","70.59K","-0.49%"
"07/20/2011","110.64","110.64","110.64","110.64","71.06K","0.49%"
"07/19/2011","110.10","110.10","110.10","110.10","8.29M","-0.49%"
"07/18/2011","110.64","110.64","110.64","110.64","65.16K","0.00%"
"07/15/2011","110.64","110.64","110.64","110.64","1.03M","-0.57%"
"07/14/2011","111.27","111.27","111.27","111.27","132.75K","0.00%"
"07/13/2011","111.27","111.27","111.27","111.27","91.15K","0.00%"
"07/12/2011","111.27","111.27","111.27","111.27","212.93K","0.00%"
"07/11/2011","111.27","111.27","111.27","111.27","12.19K","0.00%"
"07/08/2011","111.27","111.27","111.27","111.27","242.05K","-0.08%"
"07/07/2011","111.36","110.91","111.36","110.91","470.44K","0.41%"
"07/06/2011","110.91","110.24","110.91","109.09","1.23M","-0.81%"
"07/05/2011","111.82","111.82","111.82","111.82","164.98K","0.00%"
"07/04/2011","111.82","111.82","111.82","111.82","5.10M","-1.60%"
"07/01/2011","113.64","113.64","113.64","113.64","731.68K","-3.83%"
"06/30/2011","118.17","118.17","118.17","118.17","343.76K","0.00%"
"06/29/2011","118.17","118.17","118.17","118.17","890.22K","0.00%"
"06/28/2011","118.17","118.17","118.17","118.17","60.99K","0.00%"
"06/27/2011","118.17","118.17","118.17","118.17","257.73K","-0.01%"
"06/24/2011","118.18","118.18","118.18","118.18","1.23M","0.00%"
"06/23/2011","118.18","118.18","118.18","118.18","1.09M","0.04%"
"06/22/2011","118.13","118.13","118.13","118.13","504.73K","-0.04%"
"06/21/2011","118.18","118.18","118.18","118.18","156.58K","0.00%"
"06/20/2011","118.18","118.18","118.18","118.18","99.08K","0.00%"
"06/17/2011","118.18","118.18","118.18","118.18","314.99K","-1.52%"
"06/16/2011","120.00","120.00","120.00","120.00","275.23K","0.00%"
"06/15/2011","120.00","120.00","120.00","120.00","1.55M","0.00%"
"06/14/2011","120.00","120.00","120.00","120.00","25.30K","0.00%"
"06/13/2011","120.00","120.00","120.00","120.00","12.78K","0.00%"
"06/10/2011","120.00","120.00","120.00","120.00","812.15K","0.00%"
"06/09/2011","120.00","120.00","120.00","120.00","73.34K","0.00%"
"06/08/2011","120.00","120.00","120.00","120.00","351.74K","0.00%"
"06/07/2011","120.00","120.00","120.00","120.00","270.15K","0.00%"
"06/06/2011","120.00","120.00","120.00","120.00","41.64K","0.00%"
"06/03/2011","120.00","120.00","120.00","120.00","1.03M","0.00%"
"06/02/2011","120.00","120.00","120.00","120.00","279.71K","0.70%"
"06/01/2011","119.16","119.16","119.16","119.16","359.64K","0.06%"
"05/31/2011","119.09","119.09","119.09","119.09","125.68K","0.00%"
"05/27/2011","119.09","119.09","119.09","119.09","418.38K","-0.08%"
"05/26/2011","119.18","119.18","119.18","119.18","214.11K","0.00%"
"05/25/2011","119.18","119.18","119.18","119.18","55.20K","0.00%"
"05/24/2011","119.18","119.11","119.18","119.10","724.45K","0.08%"
"05/23/2011","119.09","119.09","119.09","119.09","247.61K","0.77%"
"05/20/2011","118.18","118.18","118.18","118.18","432.11K","2.10%"
"05/19/2011","115.75","115.75","115.75","115.75","238.06K","0.00%"
"05/18/2011","115.75","115.75","115.75","115.75","164.75K","0.00%"
"05/17/2011","115.75","115.75","115.75","115.75","111.70K","0.00%"
"05/16/2011","115.75","115.75","115.75","115.75","75.77K","0.00%"
"05/13/2011","115.75","115.75","115.75","115.75","158.14K","0.00%"
"05/12/2011","115.75","115.75","115.75","115.75","172.69K","5.00%"
"05/11/2011","110.24","110.24","110.24","110.24","43.52K","0.00%"
"05/10/2011","110.24","110.24","110.24","110.24","43.54K","0.00%"
"05/09/2011","110.24","110.24","110.24","110.24","29.99K","0.00%"
"05/06/2011","110.24","110.24","110.24","110.24","42.42K","0.00%"
"05/05/2011","110.24","110.24","110.24","110.24","21.75K","0.00%"
"05/04/2011","110.24","110.24","110.24","110.24","87.84K","-1.82%"
"05/03/2011","112.28","112.28","112.28","112.28","476.64K","0.01%"
"04/29/2011","112.27","112.27","112.27","111.92","805.18K","-3.51%"
"04/28/2011","116.36","116.36","116.36","116.36","4.91K","0.00%"
"04/27/2011","116.36","116.36","116.36","116.36","139.99K","4.04%"
"04/21/2011","111.84","111.82","111.84","111.82","644.86K","-3.88%"
"04/20/2011","116.36","116.36","116.36","116.36","288.02K","0.00%"
"04/19/2011","116.36","116.36","116.36","116.36","811.77K","1.58%"
"04/18/2011","114.55","114.08","114.55","114.08","655.20K","2.44%"
"04/15/2011","111.82","109.10","111.82","109.10","437.43K","0.00%"
"04/14/2011","111.82","111.82","111.82","111.82","725.72K","0.00%"
"04/13/2011","111.82","111.82","111.82","111.82","318.89K","-1.99%"
"04/12/2011","114.09","114.09","114.09","114.09","160.61K","0.00%"
"04/11/2011","114.09","114.09","114.09","114.09","164.13K","0.00%"
"04/08/2011","114.09","114.09","114.09","114.09","113.88K","0.00%"
"04/07/2011","114.09","114.09","114.09","114.09","76.99K","0.00%"
"04/06/2011","114.09","114.09","114.09","114.09","14.10K","0.00%"
"04/05/2011","114.09","114.09","114.09","114.09","100.65K","0.00%"
"04/04/2011","114.09","114.09","114.09","114.09","10.39K","0.00%"
"04/01/2011","114.09","112.71","114.55","111.82","2.78M","1.21%"
"03/31/2011","112.73","112.73","112.73","112.73","162.88K","0.00%"
"03/30/2011","112.73","112.73","112.73","112.73","353.65K","0.00%"
"03/29/2011","112.73","112.73","112.73","112.73","15.32K","0.00%"
"03/28/2011","112.73","112.73","112.73","112.73","195.06K","-0.71%"
"03/25/2011","113.54","113.54","113.54","113.54","7.18K","0.00%"
"03/24/2011","113.54","113.54","113.54","113.54","46.55K","0.00%"
"03/23/2011","113.54","113.54","113.54","113.54","55.64K","0.00%"
"03/22/2011","113.54","113.54","113.54","113.54","160.84K","0.00%"
"03/21/2011","113.54","113.54","113.54","113.54","46.46K","0.00%"
"03/18/2011","113.54","109.00","113.64","109.00","914.75K","3.99%"
"03/17/2011","109.18","113.35","113.35","109.18","717.99K","-3.92%"
"03/16/2011","113.64","113.64","113.64","113.64","33.75K","0.00%"
"03/15/2011","113.64","109.10","113.64","109.09","1.16M","0.00%"
"03/14/2011","113.64","113.64","113.64","113.64","61.43K","0.00%"
"03/11/2011","113.64","113.64","114.55","113.64","1.35M","0.00%"
"03/10/2011","113.64","110.45","113.64","110.45","1.22M","0.00%"
"03/09/2011","113.64","113.64","113.64","113.64","185.64K","0.00%"
"03/08/2011","113.64","109.10","113.64","109.09","741.23K","0.81%"
"03/07/2011","112.73","112.73","112.73","112.73","29.25K","3.34%"
"03/04/2011","109.09","109.09","109.09","109.09","47.87K","-4.00%"
"03/03/2011","113.63","113.63","113.63","113.63","95.77K","0.00%"
"03/02/2011","113.63","113.63","113.63","113.63","100.89K","0.00%"
"03/01/2011","113.63","113.64","113.64","113.63","484.07K","-0.80%"
"02/28/2011","114.55","114.55","114.55","114.55","148.96K","0.00%"
"02/25/2011","114.55","114.55","114.55","114.55","147.74K","1.61%"
"02/24/2011","112.73","112.73","112.73","112.73","10.81M","-3.12%"
"02/23/2011","116.36","116.36","116.36","116.36","259.64K","0.00%"
"02/22/2011","116.36","116.36","116.36","116.36","303.30K","0.00%"
"02/21/2011","116.36","116.36","116.36","116.36","221.66K","0.00%"
"02/18/2011","116.36","116.36","116.36","116.36","42.11K","0.00%"
"02/17/2011","116.36","116.36","116.36","116.36","43.60K","0.00%"
"02/16/2011","116.36","116.36","116.36","116.36","59.71K","0.00%"
"02/14/2011","116.36","116.36","116.36","116.36","118.91K","0.00%"
"02/11/2011","116.36","116.36","116.36","116.36","89.17K","0.00%"
"02/10/2011","116.36","116.36","116.36","116.36","81.28K","0.00%"
"02/09/2011","116.36","116.36","116.36","116.36","443.97K","4.91%"
"02/08/2011","110.91","110.91","110.91","110.91","307.00K","-3.56%"
"02/07/2011","115.00","115.00","115.00","115.00","321.72K","0.00%"
"02/04/2011","115.00","115.00","115.00","115.00","232.60K","-1.94%"
"02/03/2011","117.27","117.27","117.27","117.27","202.98K","0.00%"
"02/02/2011","117.27","117.27","117.27","117.27","873.40K","0.00%"
"02/01/2011","117.27","117.27","117.27","117.27","669.10K","-0.09%"
"01/31/2011","117.37","118.18","118.18","117.37","1.70M","-0.88%"
"01/28/2011","118.41","118.41","118.41","118.41","254.57K","-1.70%"
"01/27/2011","120.46","120.46","120.46","120.46","40.08K","0.00%"
"01/26/2011","120.46","120.46","120.46","120.46","163.85K","0.00%"
"01/25/2011","120.46","120.46","120.46","120.46","187.27K","0.76%"
"01/24/2011","119.55","119.55","119.55","119.55","123.73K","0.00%"
"01/21/2011","119.55","119.09","119.55","119.09","351.67K","1.16%"
"01/20/2011","118.18","118.18","118.18","118.18","1.28M","0.00%"
"01/19/2011","118.18","118.18","118.18","118.18","387.85K","0.00%"
"01/18/2011","118.18","118.18","118.18","118.18","189.79K","-0.06%"
"01/17/2011","118.25","118.24","118.25","118.24","765.56K","0.04%"
"01/14/2011","118.20","118.20","118.20","118.20","192.93K","0.00%"
"01/13/2011","118.20","117.28","119.04","117.28","407.59K","2.78%"
"01/12/2011","115.00","115.00","115.00","115.00","109.88K","0.00%"
"01/11/2011","115.00","115.00","115.00","115.00","99.57K","0.00%"
"01/10/2011","115.00","115.00","115.00","115.00","42.72K","0.00%"
"01/07/2011","115.00","115.00","115.00","115.00","243.86K","-0.39%"
"01/06/2011","115.45","114.55","115.45","114.55","2.29M","0.79%"
"01/05/2011","114.55","114.55","114.55","114.55","468.67K","5.01%"
"01/04/2011","109.09","109.09","109.09","109.09","47.87K","0.00%"
"12/31/2010","109.09","109.09","109.09","109.09","23.75K","0.00%"
"12/30/2010","109.09","109.09","109.09","109.09","29.23K","0.00%"
"12/29/2010","109.09","109.09","109.09","109.09","6.95K","0.00%"
"12/24/2010","109.09","109.09","109.09","109.09","20.99K","0.00%"
"12/23/2010","109.09","109.09","109.09","109.09","120.40K","0.00%"
"12/22/2010","109.09","109.09","109.09","109.09","74.90K","0.00%"
"12/21/2010","109.09","109.09","109.09","109.09","2.80M","0.00%"
"12/20/2010","109.09","109.59","109.59","109.09","3.64M","-2.04%"
"12/17/2010","111.36","110.00","114.54","108.18","4.47M","1.87%"
"12/16/2010","109.32","111.82","111.82","109.32","4.25M","-3.41%"
"12/15/2010","113.18","113.64","113.64","113.18","1.25M","1.22%"
"12/14/2010","111.82","110.91","111.82","110.91","366.05K","0.82%"
"12/13/2010","110.91","110.91","110.91","110.91","242.20K","-1.20%"
"12/10/2010","112.26","112.27","112.27","112.26","1.68M","-0.01%"
"12/09/2010","112.27","112.27","112.27","112.27","140.23K","0.00%"
"12/08/2010","112.27","112.27","112.27","112.27","643.18K","0.00%"
"12/07/2010","112.27","112.32","112.33","112.27","387.17K","0.00%"
"12/06/2010","112.27","112.55","112.55","112.27","1.11M","0.31%"
"12/03/2010","111.92","111.92","111.92","111.92","440.14K","-0.73%"
"12/02/2010","112.74","112.74","112.74","112.74","103.00K","0.00%"
"12/01/2010","112.74","112.74","112.74","112.74","115.93K","0.00%"
"11/30/2010","112.74","112.73","112.74","112.73","533.88K","2.36%"
"11/29/2010","110.14","110.14","110.14","110.14","151.14K","0.00%"
"11/26/2010","110.14","110.14","110.14","110.14","156.13K","0.00%"
"11/25/2010","110.14","110.14","110.14","110.14","147.39K","0.00%"
"11/24/2010","110.14","110.14","110.14","110.14","150.78K","0.00%"
"11/23/2010","110.14","110.14","110.14","110.14","508.38K","0.00%"
"11/22/2010","110.14","110.14","110.14","110.14","423.28K","0.00%"
"11/19/2010","110.14","113.05","113.64","110.00","579.34K","-2.57%"
"11/18/2010","113.05","113.05","113.05","113.05","3.72M","-1.58%"
"11/15/2010","114.86","114.86","114.86","114.86","84.80K","0.00%"
"11/12/2010","114.86","120.91","120.91","114.86","1.96M","-5.00%"
"11/11/2010","120.91","110.50","120.91","110.50","9.58M","3.95%"
"11/10/2010","116.31","117.27","117.27","116.31","392.26K","-4.99%"
"11/09/2010","122.42","110.76","122.42","110.76","4.75M","5.00%"
"11/08/2010","116.59","116.59","116.59","116.59","249.46K","0.00%"
"11/05/2010","116.59","110.76","116.59","110.76","1.65M","0.00%"
"11/04/2010","116.59","116.59","116.59","116.59","467.75K","0.00%"
"11/03/2010","116.59","110.76","116.59","110.76","1.65M","0.00%"
"11/02/2010","116.59","116.59","116.59","116.59","161.46K","-5.00%"
"11/01/2010","122.73","122.73","122.73","122.73","152.78K","0.00%"
"10/29/2010","122.73","122.73","122.73","122.73","204.34K","0.00%"
"10/28/2010","122.73","122.73","122.73","122.73","800.75K","0.00%"
"10/27/2010","122.73","122.73","122.73","122.73","12.68M","0.00%"
"10/26/2010","122.73","122.73","122.73","122.73","215.79M","6.72%"