"Date","Price","Open","High","Low","Vol.","Change %"
"06/22/2026","115.35","110.00","118.00","112.00","22.75M","4.86%"
"06/19/2026","110.00","115.50","117.00","110.00","35.17M","-4.76%"
"06/18/2026","115.50","118.85","119.00","115.50","23.51M","-2.94%"
"06/17/2026","119.00","120.00","119.65","118.40","15.39M","-0.83%"
"06/16/2026","120.00","123.50","122.95","118.10","24.94M","-2.83%"
"06/15/2026","123.50","124.50","125.00","121.05","16.62M","-0.80%"
"06/12/2026","124.50","127.00","124.50","124.50","27.36M","0.00%"
"06/11/2026","124.50","127.00","126.50","124.50","27.36M","-1.97%"
"06/10/2026","127.00","129.00","128.00","126.60","17.10M","-1.55%"
"06/09/2026","129.00","128.50","129.00","127.10","26.71M","0.39%"
"06/08/2026","128.50","128.00","128.60","126.05","15.66M","0.39%"
"06/05/2026","128.00","124.90","128.00","124.00","11.03M","2.48%"
"06/04/2026","124.90","124.90","124.90","123.00","26.94M","0.00%"
"06/03/2026","124.90","125.95","125.75","118.15","33.09M","-0.83%"
"06/02/2026","125.95","128.85","126.65","125.00","38.09M","-2.25%"
"06/01/2026","128.85","131.10","131.50","128.10","32.94M","-1.72%"
"05/29/2026","131.10","132.00","135.00","129.50","23.97M","-0.68%"
"05/26/2026","132.00","131.95","132.50","131.80","33.83M","0.04%"
"05/25/2026","131.95","132.00","132.00","131.25","37.93M","-0.04%"
"05/22/2026","132.00","132.00","132.00","130.55","24.39M","0.00%"
"05/21/2026","132.00","132.00","132.00","130.50","23.31M","0.00%"
"05/20/2026","132.00","131.95","132.00","130.75","36.66M","0.04%"
"05/19/2026","131.95","130.00","131.95","130.00","30.40M","1.50%"
"05/18/2026","130.00","129.00","130.00","128.30","14.26M","0.78%"
"05/15/2026","129.00","130.10","130.00","129.00","17.10M","-0.85%"
"05/14/2026","130.10","131.00","131.00","128.90","20.59M","-0.69%"
"05/13/2026","131.00","135.00","132.85","130.45","26.26M","-2.96%"
"05/12/2026","135.00","132.00","136.10","131.00","59.52M","2.27%"
"05/11/2026","132.00","126.00","132.00","127.00","41.69M","4.76%"
"05/08/2026","126.00","125.00","127.00","122.00","52.34M","0.80%"
"05/07/2026","125.00","129.00","130.00","122.00","29.77M","-3.10%"
"05/06/2026","129.00","128.20","129.00","127.00","56.03M","0.62%"
"05/05/2026","128.20","129.40","129.05","127.00","63.06M","-0.93%"
"05/04/2026","129.40","130.50","131.25","129.00","64.62M","-0.84%"
"04/30/2026","130.50","125.50","130.50","125.00","38.42M","4.03%"
"04/29/2026","125.45","122.70","125.50","123.00","52.24M","2.24%"
"04/28/2026","122.70","121.85","124.50","120.00","41.63M","0.70%"
"04/27/2026","121.85","128.00","129.50","115.00","76.07M","-10.34%"
"04/24/2026","135.90","134.05","136.90","134.05","38.42M","1.42%"
"04/23/2026","134.00","128.05","134.50","128.05","36.34M","3.47%"
"04/22/2026","129.50","127.00","129.50","126.05","20.55M","1.97%"
"04/21/2026","127.00","127.20","127.85","123.50","44.16M","-0.16%"
"04/20/2026","127.20","126.00","128.00","126.50","54.93M","0.95%"
"04/17/2026","126.00","124.00","126.00","123.05","70.76M","1.61%"
"04/16/2026","124.00","122.90","124.90","121.00","61.74M","0.90%"
"04/15/2026","122.90","115.00","124.00","115.10","73.29M","6.87%"
"04/14/2026","115.00","112.60","115.00","112.35","39.74M","2.13%"
"04/13/2026","112.60","112.00","113.50","112.00","42.21M","0.54%"
"04/10/2026","112.00","112.00","112.00","111.50","47.79M","0.00%"
"04/09/2026","112.00","109.00","112.05","111.00","43.71M","2.75%"
"04/08/2026","109.00","103.00","109.85","104.15","60.64M","5.83%"
"04/07/2026","103.00","103.00","104.00","102.50","20.14M","0.00%"
"04/06/2026","103.00","103.00","103.00","103.00","24.04M","0.00%"
"04/02/2026","103.00","103.00","103.00","102.70","24.04M","0.00%"
"04/01/2026","103.00","95.80","105.00","102.50","49.73M","7.52%"
"03/31/2026","95.80","100.05","100.00","95.55","24.07M","-4.25%"
"03/30/2026","100.05","103.00","103.00","100.00","26.13M","-2.86%"
"03/27/2026","103.00","103.05","104.00","103.00","13.81M","-0.05%"
"03/26/2026","103.05","101.50","104.45","103.00","17.08M","1.53%"
"03/25/2026","101.50","107.20","107.20","100.00","33.85M","-5.32%"
"03/24/2026","107.20","107.50","108.00","106.20","42.71M","-0.28%"
"03/23/2026","107.50","110.00","110.00","105.10","38.17M","-2.27%"
"03/18/2026","110.00","111.15","111.95","108.05","54.51M","-1.03%"
"03/17/2026","111.15","108.00","113.30","108.00","163.11M","7.91%"
"03/16/2026","103.00","95.00","103.00","95.00","59.95M","7.35%"
"03/13/2026","95.95","93.15","95.95","93.05","13.75M","3.01%"
"03/12/2026","93.15","93.00","93.15","93.05","27.48M","0.16%"
"03/11/2026","93.00","93.15","93.20","93.00","19.10M","-0.16%"
"03/10/2026","93.15","93.05","93.20","92.90","35.35M","0.11%"
"03/09/2026","93.05","93.00","93.40","93.00","39.72M","0.05%"
"03/06/2026","93.00","93.10","93.15","92.10","39.99M","-0.11%"
"03/05/2026","93.10","92.00","93.10","92.00","24.34M","1.20%"
"03/04/2026","92.00","92.00","92.70","92.00","47.63M","0.00%"
"03/03/2026","92.00","91.50","92.45","91.00","40.86M","0.05%"
"03/02/2026","91.95","91.00","92.55","90.50","24.37M","1.04%"
"02/27/2026","91.00","88.90","91.40","88.80","79.36M","2.25%"
"02/26/2026","89.00","90.00","90.55","88.05","45.49M","-2.20%"
"02/25/2026","91.00","93.00","94.00","89.20","120.67M","-2.15%"
"02/24/2026","93.00","88.95","93.00","89.00","67.62M","4.55%"
"02/23/2026","88.95","86.50","88.95","87.10","16.13M","2.83%"
"02/20/2026","86.50","85.00","86.95","83.70","43.99M","1.76%"
"02/19/2026","85.00","83.70","85.00","83.90","53.22M","1.55%"
"02/18/2026","83.70","80.55","86.00","82.00","30.20M","3.91%"
"02/17/2026","80.55","89.50","90.20","80.55","93.10M","-10.00%"
"02/16/2026","89.50","81.40","89.50","82.50","69.28M","9.95%"
"02/13/2026","81.40","78.00","81.40","77.95","72.60M","4.36%"
"02/12/2026","78.00","77.85","78.10","77.50","42.52M","0.19%"
"02/11/2026","77.85","76.10","79.00","76.10","34.76M","2.30%"
"02/10/2026","76.10","74.30","76.25","75.00","52.08M","2.42%"
"02/09/2026","74.30","74.00","74.40","74.05","46.24M","0.41%"
"02/06/2026","74.00","73.60","74.10","73.80","32.43M","0.54%"
"02/05/2026","73.60","73.80","74.35","73.60","22.09M","-0.27%"
"02/04/2026","73.80","73.20","74.50","73.55","14.65M","0.82%"
"02/03/2026","73.20","71.50","74.65","71.50","35.42M","2.38%"
"02/02/2026","71.50","71.45","71.55","71.35","40.19M","0.07%"
"01/30/2026","71.45","71.35","71.65","71.25","30.55M","0.14%"
"01/29/2026","71.35","71.00","71.40","71.10","21.03M","0.49%"
"01/28/2026","71.00","70.90","71.45","70.95","32.42M","0.14%"
"01/27/2026","70.90","71.00","71.00","70.50","14.51M","-0.14%"
"01/26/2026","71.00","71.00","71.05","70.15","25.98M","0.00%"
"01/23/2026","71.00","69.55","71.00","70.00","49.19M","2.08%"
"01/22/2026","69.55","72.00","72.50","69.55","23.40M","-3.40%"
"01/21/2026","72.00","72.00","72.05","71.80","38.11M","0.00%"
"01/20/2026","72.00","71.40","72.35","71.50","49.10M","0.84%"
"01/19/2026","71.40","69.85","71.50","70.00","22.28M","2.22%"
"01/16/2026","69.85","69.00","69.95","69.20","54.55M","1.23%"
"01/15/2026","69.00","69.00","69.50","69.00","72.43M","0.00%"
"01/14/2026","69.00","68.00","69.00","68.80","18.10M","1.47%"
"01/13/2026","68.00","67.00","68.25","67.00","23.66M","1.49%"
"01/12/2026","67.00","67.00","67.50","67.00","17.08M","0.00%"
"01/09/2026","67.00","67.00","67.25","66.90","17.89M","0.00%"
"01/08/2026","67.00","67.00","68.45","67.00","22.39M","0.00%"
"01/07/2026","67.00","66.90","67.75","67.00","22.07M","0.15%"
"01/06/2026","66.90","67.00","69.55","65.55","19.89M","-0.15%"
"01/05/2026","67.00","64.50","67.20","65.00","53.39M","3.88%"
"01/02/2026","64.50","61.80","64.50","63.00","9.94M","4.37%"
"12/31/2025","61.80","62.85","62.95","60.00","58.76M","-1.67%"
"12/30/2025","62.85","62.70","63.00","62.50","36.11M","0.24%"
"12/29/2025","62.70","63.00","63.20","62.60","50.57M","-0.48%"
"12/24/2025","63.00","62.50","63.05","62.65","33.93M","0.80%"
"12/23/2025","62.50","63.00","62.95","61.00","19.91M","-0.79%"
"12/22/2025","63.00","63.30","63.40","63.00","18.09M","-0.47%"
"12/19/2025","63.30","63.50","63.50","63.30","19.28M","-0.31%"
"12/18/2025","63.50","63.50","63.50","63.40","10.50M","0.00%"
"12/17/2025","63.50","63.50","64.00","62.75","32.22M","0.00%"
"12/16/2025","63.50","64.05","64.50","63.50","14.29M","-0.86%"
"12/15/2025","64.05","64.00","64.50","64.05","8.67M","0.08%"
"12/12/2025","64.00","64.00","64.00","63.75","37.67M","-0.70%"
"12/11/2025","64.45","64.50","64.65","64.40","20.33M","-0.08%"
"12/10/2025","64.50","64.50","64.95","64.40","10.60M","0.00%"
"12/09/2025","64.50","65.00","65.30","64.50","16.24M","-0.77%"
"12/08/2025","65.00","62.20","65.95","63.00","41.99M","4.50%"
"12/05/2025","62.20","60.50","62.20","60.80","59.46M","2.81%"
"12/04/2025","60.50","60.00","60.85","60.00","27.10M","0.83%"
"12/03/2025","60.00","59.70","60.10","59.95","52.66M","0.50%"
"12/02/2025","59.70","60.00","60.00","59.50","40.33M","-0.50%"
"12/01/2025","60.00","60.00","60.10","59.80","25.02M","0.00%"
"11/28/2025","60.00","60.00","60.50","60.00","15.07M","0.00%"
"11/27/2025","60.00","60.30","61.00","60.00","24.56M","-0.50%"
"11/26/2025","60.30","59.75","61.10","60.00","36.13M","0.92%"
"11/25/2025","59.75","59.50","60.10","59.50","9.84M","0.42%"
"11/24/2025","59.50","59.75","59.75","59.00","13.13M","-0.42%"
"11/21/2025","59.75","60.00","60.00","59.05","91.50M","-0.17%"
"11/20/2025","59.85","59.50","59.95","59.50","13.72M","0.59%"
"11/19/2025","59.50","61.00","60.25","59.50","34.54M","-2.46%"
"11/18/2025","61.00","62.95","61.60","60.10","12.12M","-3.10%"
"11/17/2025","62.95","64.00","64.00","62.75","13.24M","-1.64%"
"11/14/2025","64.00","64.40","64.55","63.10","25.50M","-0.62%"
"11/13/2025","64.40","65.00","65.00","62.15","40.77M","8.42%"
"11/12/2025","59.40","59.40","59.40","59.40","86.81M","10.00%"
"11/11/2025","54.00","59.60","59.60","53.70","41.92M","-9.40%"
"11/10/2025","59.60","60.00","60.00","59.45","21.94M","-0.67%"
"11/07/2025","60.00","59.90","60.20","59.90","22.46M","0.17%"
"11/06/2025","59.90","60.80","60.10","59.60","41.89M","-1.48%"
"11/05/2025","60.80","61.55","62.00","60.50","53.67M","-1.22%"
"11/04/2025","61.55","63.00","62.95","60.40","38.28M","-2.30%"
"11/03/2025","63.00","63.00","63.25","62.90","31.81M","0.00%"
"10/31/2025","63.00","63.00","63.40","63.00","21.54M","0.00%"
"10/30/2025","63.00","63.70","64.00","63.00","13.28M","-1.10%"
"10/29/2025","63.70","63.40","64.00","63.00","17.02M","0.47%"
"10/28/2025","63.40","65.50","65.00","62.15","28.14M","-3.21%"
"10/27/2025","65.50","67.20","67.25","65.00","18.18M","-2.53%"
"10/24/2025","67.20","67.55","67.55","67.20","15.06M","-0.52%"
"10/23/2025","67.55","67.55","68.00","67.10","12.09M","0.00%"
"10/22/2025","67.55","68.50","68.45","67.50","23.98M","-1.39%"
"10/21/2025","68.50","68.60","68.80","68.50","14.22M","-0.15%"
"10/20/2025","68.60","68.20","68.60","68.05","14.78M","0.59%"
"10/17/2025","68.20","68.05","68.50","68.20","5.15M","0.22%"
"10/16/2025","68.05","68.10","68.50","68.00","25.05M","-0.07%"
"10/15/2025","68.10","68.00","68.25","68.00","20.85M","0.15%"
"10/14/2025","68.00","68.00","68.15","68.00","17.90M","0.00%"
"10/13/2025","68.00","68.50","68.50","67.80","21.10M","-0.73%"
"10/10/2025","68.50","69.20","69.35","68.50","18.22M","-1.01%"
"10/09/2025","69.20","69.00","69.90","69.00","5.82M","0.29%"
"10/08/2025","69.00","68.60","69.00","68.80","18.57M","0.58%"
"10/07/2025","68.60","69.00","69.00","68.40","6.77M","-0.58%"
"10/06/2025","69.00","68.15","69.00","68.40","16.24M","-0.58%"
"10/03/2025","69.40","69.00","69.45","69.20","29.87M","0.58%"
"10/02/2025","69.00","69.00","69.50","69.00","47.09M","0.00%"
"09/30/2025","69.00","69.60","69.60","69.00","49.41M","-0.86%"
"09/29/2025","69.60","69.85","70.00","69.50","18.75M","-0.36%"
"09/26/2025","69.85","69.45","70.00","69.50","38.97M","0.58%"
"09/25/2025","69.45","68.80","69.45","69.00","45.53M","0.94%"
"09/24/2025","68.80","67.90","69.50","68.50","68.99M","1.33%"
"09/23/2025","67.90","65.70","68.00","65.70","104.43M","3.35%"
"09/22/2025","65.70","64.00","66.50","64.50","58.60M","2.66%"
"09/19/2025","64.00","66.00","66.65","63.20","27.93M","-3.03%"
"09/18/2025","66.00","66.95","67.00","64.00","24.27M","-1.42%"
"09/17/2025","66.95","67.80","67.75","64.00","9.82M","-1.25%"
"09/16/2025","67.80","68.00","68.00","67.00","18.44M","-0.29%"
"09/15/2025","68.00","68.00","68.40","67.90","17.11M","0.00%"
"09/12/2025","68.00","67.00","68.00","67.15","15.96M","1.49%"
"09/11/2025","67.00","66.00","68.00","66.00","27.91M","1.52%"
"09/10/2025","66.00","66.00","66.20","65.75","29.06M","0.00%"
"09/09/2025","66.00","65.75","66.00","65.70","9.96M","0.38%"
"09/08/2025","65.75","64.90","65.75","64.00","26.73M","1.31%"
"09/04/2025","64.90","64.25","65.00","64.30","26.35M","1.01%"
"09/03/2025","64.25","65.00","64.70","64.00","18.17M","-1.15%"
"09/02/2025","65.00","64.40","65.75","64.40","19.20M","0.93%"
"09/01/2025","64.40","66.00","68.00","64.00","16.79M","-2.42%"
"08/29/2025","66.00","69.00","69.10","65.20","17.35M","-4.35%"
"08/28/2025","69.00","69.90","69.90","68.55","6.67M","-1.29%"
"08/27/2025","69.90","70.60","70.50","69.55","7.69M","-0.99%"
"08/26/2025","70.60","70.00","70.95","70.00","8.65M","0.86%"
"08/25/2025","70.00","70.00","70.00","67.10","10.18M","0.00%"
"08/22/2025","70.00","68.30","70.50","68.30","10.06M","2.49%"
"08/21/2025","68.30","68.00","69.75","68.00","9.10M","0.44%"
"08/20/2025","68.00","67.05","70.00","68.00","18.31M","1.42%"
"08/19/2025","67.05","72.30","71.80","67.05","12.78M","-7.26%"
"08/18/2025","72.30","72.40","73.00","71.80","13.67M","-0.14%"
"08/15/2025","72.40","72.00","72.40","71.05","13.81M","0.56%"
"08/14/2025","72.00","72.55","72.60","72.00","15.85M","-0.76%"
"08/13/2025","72.55","74.00","73.75","72.55","25.40M","-1.96%"
"08/12/2025","74.00","74.00","74.00","73.70","27.39M","0.00%"
"08/11/2025","74.00","74.65","74.65","73.85","16.05M","-0.87%"
"08/08/2025","74.65","74.70","74.70","73.10","28.81M","-0.07%"
"08/07/2025","74.70","74.40","74.70","73.15","38.33M","0.40%"
"08/06/2025","74.40","75.90","75.90","74.20","60.35M","-1.98%"
"08/05/2025","75.90","76.90","76.90","75.30","16.14M","-1.30%"
"08/04/2025","76.90","76.50","77.00","75.10","24.00M","0.52%"
"08/01/2025","76.50","76.50","77.10","76.10","38.61M","0.00%"
"07/31/2025","76.50","75.00","77.20","75.40","15.83M","2.00%"
"07/30/2025","75.00","73.00","75.95","72.10","20.58M","2.74%"
"07/29/2025","73.00","72.70","73.15","72.00","25.61M","0.41%"
"07/28/2025","72.70","74.00","74.00","72.00","31.03M","-1.76%"
"07/25/2025","74.00","73.20","75.40","72.00","16.96M","1.09%"
"07/24/2025","73.20","71.50","73.20","71.30","22.50M","2.38%"
"07/23/2025","71.50","70.75","72.00","70.75","10.36M","1.06%"
"07/22/2025","70.75","71.00","72.00","70.20","26.53M","-0.35%"
"07/21/2025","71.00","72.00","72.00","68.65","24.60M","-1.39%"
"07/18/2025","72.00","75.00","75.00","71.50","50.70M","-4.00%"
"07/17/2025","75.00","76.00","76.85","72.40","83.36M","-1.32%"
"07/16/2025","76.00","72.40","78.50","72.40","66.28M","6.29%"
"07/14/2025","71.50","69.70","72.00","69.75","43.88M","2.58%"
"07/11/2025","69.70","63.40","69.70","63.50","55.15M","9.94%"
"07/10/2025","63.40","59.00","63.40","58.15","32.53M","7.46%"
"07/09/2025","59.00","57.30","59.85","57.50","23.12M","2.97%"
"07/08/2025","57.30","57.55","57.50","57.10","17.13M","-0.43%"
"07/07/2025","57.55","57.50","57.80","55.10","24.73M","0.09%"
"07/04/2025","57.50","58.00","57.50","57.00","17.51M","-0.86%"
"07/03/2025","58.00","57.00","58.00","57.00","16.27M","1.75%"
"07/02/2025","57.00","56.05","57.00","55.35","17.39M","1.69%"
"07/01/2025","56.05","56.95","56.95","55.05","18.34M","-1.58%"
"06/30/2025","56.95","58.00","58.00","56.55","21.82M","-1.81%"
"06/27/2025","58.00","58.30","58.00","57.05","30.55M","-0.51%"
"06/26/2025","58.30","56.50","58.55","56.50","60.30M","0.52%"
"06/25/2025","58.00","53.00","58.10","53.00","60.62M","9.43%"
"06/24/2025","53.00","50.85","53.00","50.75","34.21M","4.23%"
"06/23/2025","50.85","49.90","51.00","49.90","46.26M","1.90%"
"06/20/2025","49.90","49.95","50.50","49.00","24.85M","-0.10%"
"06/19/2025","49.95","48.50","51.00","48.00","37.55M","2.99%"
"06/18/2025","48.50","46.95","49.50","46.95","149.92M","5.32%"
"06/17/2025","46.05","47.00","46.05","43.00","96.23M","-2.02%"
"06/16/2025","47.00","50.20","48.80","45.20","76.85M","-6.37%"
"06/13/2025","50.20","50.10","50.55","50.20","34.72M","0.20%"
"06/11/2025","50.10","50.30","50.50","49.95","28.67M","-0.40%"
"06/10/2025","50.30","50.75","51.50","50.05","49.33M","-0.89%"
"06/06/2025","50.75","48.80","50.75","50.75","","0.00%"
"06/05/2025","50.75","48.80","50.75","48.90","62.82M","4.00%"
"06/04/2025","48.80","48.60","48.95","48.70","12.84M","0.41%"
"06/03/2025","48.60","48.95","49.00","48.60","8.39M","-0.72%"
"06/02/2025","48.95","49.00","50.00","48.60","14.45M","-0.10%"
"05/30/2025","49.00","48.50","49.00","48.50","29.93M","1.03%"
"05/29/2025","48.50","48.45","48.60","48.30","27.70M","0.10%"
"05/28/2025","48.45","48.50","48.50","48.30","17.59M","-0.10%"
"05/27/2025","48.50","48.25","48.50","48.20","27.43M","0.52%"
"05/26/2025","48.25","47.40","48.50","47.60","17.94M","1.79%"
"05/23/2025","47.40","47.60","47.70","47.20","11.61M","-0.42%"
"05/22/2025","47.60","47.95","47.95","47.60","13.10M","-0.73%"
"05/21/2025","47.95","48.05","48.70","47.95","20.15M","-0.21%"
"05/20/2025","48.05","48.00","48.40","48.00","12.66M","0.10%"
"05/19/2025","48.00","48.40","48.50","48.00","13.23M","-0.83%"
"05/16/2025","48.40","48.50","48.50","48.00","15.25M","-0.21%"
"05/15/2025","48.50","48.50","49.20","48.00","24.05M","0.00%"
"05/14/2025","48.50","48.00","48.50","48.00","27.35M","1.04%"
"05/13/2025","48.00","48.70","48.70","47.85","20.70M","-1.64%"
"05/12/2025","48.80","48.90","48.85","48.00","24.32M","-0.20%"
"05/09/2025","48.90","49.00","49.00","47.95","21.80M","-0.20%"
"05/08/2025","49.00","49.00","49.45","48.85","19.99M","0.00%"
"05/07/2025","49.00","48.00","49.00","48.00","38.47M","2.08%"
"05/06/2025","48.00","46.95","48.00","47.00","26.18M","2.24%"
"05/05/2025","46.95","47.50","47.50","46.85","14.43M","-1.16%"
"05/02/2025","47.50","47.80","48.25","46.50","24.48M","-0.63%"
"04/30/2025","47.80","47.60","48.00","47.60","20.71M","0.10%"
"04/29/2025","47.75","46.95","48.00","46.70","12.69M","2.91%"
"04/28/2025","46.40","46.50","46.50","46.00","6.48M","-0.22%"
"04/25/2025","46.50","45.50","47.20","45.20","22.94M","2.20%"
"04/24/2025","45.50","45.10","45.50","45.15","12.30M","0.89%"
"04/23/2025","45.10","45.00","45.45","45.00","17.10M","0.22%"
"04/22/2025","45.00","44.00","46.90","43.95","23.73M","2.27%"
"04/17/2025","44.00","44.00","44.05","43.95","15.58M","0.00%"
"04/16/2025","44.00","45.80","44.80","44.00","13.96M","-11.65%"
"04/15/2025","49.80","50.00","49.90","49.10","23.12M","-0.40%"
"04/14/2025","50.00","49.95","51.00","48.10","55.43M","0.10%"
"04/11/2025","49.95","49.20","49.95","48.60","33.35M","1.52%"
"04/10/2025","49.20","47.30","49.20","47.25","30.20M","4.02%"
"04/09/2025","47.30","47.00","47.80","46.00","32.33M","0.64%"
"04/08/2025","47.00","45.50","47.20","45.00","17.98M","3.30%"
"04/07/2025","45.50","47.05","47.50","43.85","31.67M","-5.01%"
"04/04/2025","47.90","47.05","48.20","46.95","22.86M","1.81%"
"04/03/2025","47.05","47.00","47.10","46.95","34.93M","0.11%"
"04/02/2025","47.00","47.00","47.40","46.90","28.64M","0.00%"
"03/28/2025","47.00","47.80","47.95","46.90","23.20M","-1.67%"
"03/27/2025","47.80","48.00","48.00","46.90","41.50M","-2.25%"
"03/26/2025","48.90","49.45","48.95","48.50","21.49M","-1.11%"
"03/25/2025","49.45","47.90","49.45","47.80","20.14M","3.24%"
"03/24/2025","47.90","45.60","47.95","46.85","55.06M","5.04%"
"03/21/2025","45.60","46.85","47.00","45.60","22.68M","-2.67%"
"03/20/2025","46.85","47.50","47.50","46.50","22.91M","-1.37%"
"03/19/2025","47.50","47.75","47.75","46.80","21.63M","-0.52%"
"03/18/2025","47.75","47.55","47.75","47.30","19.56M","0.42%"
"03/17/2025","47.55","47.80","47.90","47.00","25.98M","-0.52%"
"03/14/2025","47.80","48.00","48.00","47.50","18.56M","-0.42%"
"03/13/2025","48.00","47.75","48.00","47.70","28.73M","0.52%"
"03/12/2025","47.75","47.50","47.75","47.30","22.81M","0.53%"
"03/11/2025","47.50","48.00","47.95","47.45","22.36M","-1.04%"
"03/10/2025","48.00","47.80","48.00","47.90","27.64M","0.42%"
"03/07/2025","47.80","47.30","48.00","47.45","42.15M","1.06%"
"03/06/2025","47.30","47.00","47.90","47.00","36.51M","0.64%"
"03/05/2025","47.00","47.85","47.60","46.80","21.65M","-1.78%"
"03/04/2025","47.85","48.00","47.95","47.60","25.65M","-0.31%"
"03/03/2025","48.00","48.35","49.00","47.95","32.37M","-0.72%"
"02/28/2025","48.35","48.00","48.40","47.95","122.23M","0.73%"
"02/27/2025","48.00","48.00","48.00","47.95","33.34M","0.00%"
"02/26/2025","48.00","48.00","48.00","47.95","26.79M","0.00%"
"02/25/2025","48.00","48.40","48.40","47.80","18.42M","-0.83%"
"02/24/2025","48.40","49.40","49.50","48.00","28.19M","-2.02%"
"02/21/2025","49.40","49.95","50.00","49.05","20.04M","-1.10%"
"02/20/2025","49.95","50.45","50.50","49.60","22.98M","-0.99%"
"02/19/2025","50.45","50.75","50.90","50.30","22.09M","-0.59%"
"02/18/2025","50.75","51.45","51.30","50.00","15.85M","-1.36%"
"02/17/2025","51.45","51.60","51.55","51.05","12.96M","-0.29%"
"02/14/2025","51.60","51.45","51.60","51.40","15.88M","0.29%"
"02/13/2025","51.45","51.45","51.50","51.25","16.35M","0.00%"
"02/12/2025","51.45","51.30","51.45","51.00","25.55M","0.29%"
"02/11/2025","51.30","50.80","51.40","50.80","20.80M","0.98%"
"02/10/2025","50.80","52.00","51.50","50.80","24.87M","-2.31%"
"02/07/2025","52.00","50.30","52.00","50.50","16.78M","3.38%"
"02/06/2025","50.30","50.00","50.30","50.05","40.54M","0.60%"
"02/05/2025","50.00","49.20","50.00","49.25","44.73M","1.63%"
"02/04/2025","49.20","50.00","50.00","49.00","29.52M","-1.60%"
"02/03/2025","50.00","50.60","50.50","49.60","54.53M","-1.19%"
"01/31/2025","50.60","50.65","50.60","50.45","21.22M","-0.10%"
"01/30/2025","50.65","50.90","50.95","50.50","19.25M","-0.49%"
"01/29/2025","50.90","50.80","50.90","50.05","8.93M","0.20%"
"01/28/2025","50.80","51.00","51.00","50.20","33.79M","-0.39%"
"01/27/2025","51.00","49.60","51.45","49.75","33.21M","2.82%"
"01/24/2025","49.60","48.10","49.60","48.50","9.23M","3.12%"
"01/23/2025","48.10","47.55","50.00","47.70","25.15M","1.16%"
"01/22/2025","47.55","47.20","47.55","47.00","16.98M","0.74%"
"01/21/2025","47.20","47.00","47.20","46.90","26.70M","0.43%"
"01/20/2025","47.00","46.80","47.00","46.90","19.70M","0.43%"
"01/17/2025","46.80","46.95","46.95","46.80","8.40M","-0.32%"
"01/16/2025","46.95","46.95","47.00","46.80","7.52M","0.00%"
"01/15/2025","46.95","46.75","47.10","46.95","12.79M","0.43%"
"01/14/2025","46.75","46.85","46.80","46.35","13.39M","-0.21%"
"01/13/2025","46.85","46.00","46.85","46.20","8.94M","1.85%"
"01/10/2025","46.00","46.50","46.60","45.90","18.21M","-1.08%"
"01/09/2025","46.50","44.50","46.50","45.15","5.90M","4.49%"
"01/08/2025","44.50","44.95","45.00","44.50","13.14M","-1.00%"
"01/07/2025","44.95","46.65","46.00","44.65","7.67M","-3.64%"
"01/06/2025","46.65","46.50","46.70","46.50","5.25M","0.32%"
"01/03/2025","46.50","45.85","46.80","45.85","8.51M","1.42%"
"01/02/2025","45.85","45.50","45.95","45.80","14.84M","0.77%"
"12/31/2024","45.50","45.95","45.90","45.50","4.23M","-0.98%"
"12/30/2024","45.95","45.95","46.80","45.35","19.64M","0.00%"
"12/27/2024","45.95","46.00","47.00","44.50","33.26M","-0.11%"
"12/24/2024","46.00","46.00","46.00","45.05","15.12M","0.00%"
"12/23/2024","46.00","45.85","46.50","45.80","34.65M","0.33%"
"12/20/2024","45.85","44.80","45.85","44.85","60.41M","2.34%"
"12/19/2024","44.80","44.70","45.00","44.80","9.71M","0.22%"
"12/18/2024","44.70","44.00","44.95","44.00","15.98M","1.59%"
"12/17/2024","44.00","44.30","44.20","44.00","13.94M","-0.68%"
"12/16/2024","44.30","44.00","44.50","44.00","12.93M","0.68%"
"12/13/2024","44.00","43.75","44.00","43.80","14.17M","0.57%"
"12/12/2024","43.75","44.10","43.80","43.75","4.63M","-0.79%"
"12/11/2024","44.10","44.00","44.10","43.95","21.22M","0.23%"
"12/10/2024","44.00","44.35","44.00","43.90","12.19M","-0.79%"
"12/09/2024","44.35","43.95","44.50","43.95","11.84M","0.91%"
"12/06/2024","43.95","44.00","44.00","43.95","4.18M","-0.11%"
"12/05/2024","44.00","44.75","44.80","44.00","17.27M","-1.68%"
"12/04/2024","44.75","45.00","45.15","44.75","9.19M","-0.56%"
"12/03/2024","45.00","44.85","45.00","44.60","10.63M","0.67%"
"12/02/2024","44.70","44.50","44.70","44.00","17.78M","0.45%"
"11/29/2024","44.50","44.00","44.55","44.30","5.07M","1.14%"
"11/28/2024","44.00","43.50","44.00","43.50","14.73M","1.15%"
"11/27/2024","43.50","43.50","43.50","43.45","3.73M","0.00%"
"11/26/2024","43.50","43.10","43.80","43.15","3.58M","0.93%"
"11/25/2024","43.10","44.30","44.30","43.10","9.63M","-2.71%"
"11/22/2024","44.30","44.50","44.30","44.15","10.30M","-0.45%"
"11/21/2024","44.50","44.90","44.85","44.50","22.32M","-0.89%"
"11/20/2024","44.90","44.00","45.00","44.00","14.05M","2.05%"
"11/19/2024","44.00","43.50","44.65","43.55","6.99M","1.15%"
"11/18/2024","43.50","43.30","43.70","43.30","9.73M","0.46%"
"11/15/2024","43.30","43.00","43.30","42.90","30.32M","0.70%"
"11/14/2024","43.00","43.00","43.10","42.70","16.22M","0.00%"
"11/13/2024","43.00","42.00","43.00","42.20","6.53M","2.38%"
"11/12/2024","42.00","41.60","42.10","41.85","13.53M","0.96%"
"11/11/2024","41.60","42.00","42.20","41.10","9.69M","-0.95%"
"11/08/2024","42.00","43.00","43.50","42.00","3.80M","-2.33%"
"11/07/2024","43.00","42.65","43.00","42.05","12.32M","0.82%"
"11/06/2024","42.65","43.50","43.50","42.30","20.62M","-0.81%"
"11/05/2024","43.00","40.65","43.00","41.00","46.36M","5.78%"
"11/04/2024","40.65","41.25","41.00","40.20","15.82M","-1.45%"
"11/01/2024","41.25","39.95","42.00","39.95","40.71M","3.25%"
"10/31/2024","39.95","39.50","39.95","39.55","11.03M","1.14%"
"10/30/2024","39.50","39.00","39.85","39.30","23.08M","1.28%"
"10/29/2024","39.00","39.90","39.20","39.00","22.86M","-2.26%"
"10/28/2024","39.90","39.90","40.00","39.90","7.07M","0.00%"
"10/25/2024","39.90","40.00","40.20","39.90","18.83M","-0.25%"
"10/24/2024","40.00","39.30","40.30","39.50","25.03M","1.78%"
"10/23/2024","39.30","37.55","39.40","38.00","16.11M","4.66%"
"10/22/2024","37.55","37.50","37.80","37.50","11.83M","0.13%"
"10/21/2024","37.50","37.45","37.75","37.45","14.77M","0.13%"
"10/18/2024","37.45","37.50","37.60","37.45","27.92M","-0.13%"
"10/17/2024","37.50","37.45","37.80","37.40","20.05M","0.13%"
"10/16/2024","37.45","37.50","37.85","37.40","11.59M","-0.13%"
"10/15/2024","37.50","37.50","37.55","37.50","30.38M","0.00%"
"10/14/2024","37.50","37.45","37.70","37.40","34.09M","0.13%"
"10/11/2024","37.45","37.50","37.70","37.40","19.73M","-0.13%"
"10/10/2024","37.50","37.35","37.70","37.30","25.55M","0.40%"
"10/09/2024","37.35","37.40","37.45","37.25","11.17M","-0.13%"
"10/08/2024","37.40","37.50","37.50","37.35","7.08M","-0.27%"
"10/07/2024","37.50","37.50","37.70","37.45","9.84M","0.00%"
"10/04/2024","37.50","37.70","37.70","37.35","12.91M","-0.53%"
"10/03/2024","37.70","37.75","37.70","37.50","19.01M","-0.13%"
"10/02/2024","37.75","37.75","37.85","37.70","35.17M","0.00%"
"09/30/2024","37.75","37.70","38.10","37.50","21.76M","0.13%"
"09/27/2024","37.70","37.75","37.90","37.50","11.75M","-0.13%"
"09/26/2024","37.75","38.00","38.00","37.70","14.81M","0.13%"
"09/25/2024","37.70","37.60","37.90","37.50","21.05M","0.27%"
"09/24/2024","37.60","37.50","37.75","37.50","18.61M","0.27%"
"09/23/2024","37.50","37.90","37.50","36.70","8.94M","-1.06%"
"09/20/2024","37.90","37.00","37.90","36.50","14.37M","2.43%"
"09/19/2024","37.00","36.70","37.00","36.45","12.06M","0.82%"
"09/18/2024","36.70","36.70","36.95","36.10","16.92M","0.00%"
"09/17/2024","36.70","37.00","37.00","35.10","12.83M","-3.42%"
"09/13/2024","38.00","37.00","38.00","37.00","28.62M","2.70%"
"09/12/2024","37.00","37.00","37.65","36.70","19.27M","0.00%"
"09/11/2024","37.00","37.00","37.00","36.70","18.99M","0.00%"
"09/10/2024","37.00","37.00","37.00","36.90","14.88M","0.00%"
"09/09/2024","37.00","37.50","37.50","36.90","173.49M","-1.33%"
"09/06/2024","37.50","37.00","38.00","36.85","34.62M","1.35%"
"09/05/2024","37.00","37.40","37.40","36.75","56.56M","-1.07%"
"09/04/2024","37.40","38.30","38.25","37.40","10.89M","-2.35%"
"09/03/2024","38.30","39.00","39.00","38.10","7.88M","-1.79%"
"09/02/2024","39.00","38.50","41.00","38.50","39.98M","1.96%"
"08/30/2024","38.25","38.35","38.35","38.00","11.42M","-0.26%"
"08/29/2024","38.35","38.40","38.40","38.00","13.50M","-0.13%"
"08/28/2024","38.40","38.00","38.40","37.90","9.24M","1.05%"
"08/27/2024","38.00","37.95","38.00","37.85","11.55M","0.13%"
"08/26/2024","37.95","37.90","37.95","37.70","13.30M","0.13%"
"08/23/2024","37.90","37.90","37.90","37.10","8.05M","0.00%"
"08/22/2024","37.90","38.00","37.95","37.20","3.74M","-0.26%"
"08/21/2024","38.00","38.00","38.00","37.70","7.83M","0.00%"
"08/20/2024","38.00","38.00","38.00","37.70","11.66M","0.00%"
"08/19/2024","38.00","38.00","38.20","37.45","14.12M","0.00%"
"08/16/2024","38.00","37.85","38.00","37.05","16.71M","0.40%"
"08/15/2024","37.85","37.00","37.85","36.90","9.95M","2.30%"
"08/14/2024","37.00","37.00","37.00","36.70","7.43M","0.00%"
"08/13/2024","37.00","38.55","37.55","36.95","4.63M","-4.02%"
"08/12/2024","38.55","38.00","38.60","37.20","27.10M","-0.77%"
"08/09/2024","38.85","38.00","38.90","37.60","31.95M","2.24%"
"08/08/2024","38.00","37.00","38.00","36.95","28.13M","2.70%"
"08/07/2024","37.00","36.50","37.50","36.20","35.92M","1.37%"
"08/06/2024","36.50","36.00","36.50","35.95","21.88M","1.39%"
"08/05/2024","36.00","36.00","36.10","35.85","36.99M","0.00%"
"08/02/2024","36.00","35.00","36.00","35.00","13.76M","2.86%"
"08/01/2024","35.00","33.10","35.00","33.30","19.24M","5.74%"
"07/31/2024","33.10","33.85","34.90","33.10","83.89M","-2.22%"
"07/30/2024","33.85","34.55","34.55","33.80","44.24M","-2.03%"
"07/29/2024","34.55","35.85","35.40","34.50","15.35M","-3.63%"
"07/26/2024","35.85","35.95","36.00","35.40","16.59M","-0.28%"
"07/25/2024","35.95","36.90","36.95","35.55","40.59M","-2.23%"
"07/24/2024","36.77","36.77","36.87","35.53","60.27M","0.00%"
"07/23/2024","36.77","37.37","37.42","36.62","10.17M","-1.60%"
"07/22/2024","37.37","36.87","37.37","36.67","10.21M","1.35%"
"07/19/2024","36.87","37.07","37.87","35.87","29.99M","-0.54%"
"07/18/2024","37.07","39.86","38.86","37.07","17.93M","-7.00%"
"07/17/2024","39.86","39.86","40.21","39.26","78.02M","0.00%"
"07/16/2024","39.86","38.86","39.86","37.87","57.62M","2.56%"
"07/15/2024","38.86","36.92","38.86","36.87","15.76M","5.26%"
"07/12/2024","36.92","36.42","36.92","36.42","4.98M","-0.13%"
"07/11/2024","36.97","36.92","36.97","36.87","11.90M","0.13%"
"07/10/2024","36.92","37.37","37.17","36.12","36.47M","-1.20%"
"07/09/2024","37.37","37.52","37.47","37.12","17.60M","-0.40%"
"07/08/2024","37.52","37.37","37.52","36.92","12.40M","0.40%"
"07/05/2024","37.37","37.32","37.62","36.87","16.49M","0.13%"
"07/04/2024","37.32","35.73","37.32","35.77","24.10M","4.46%"
"07/03/2024","35.73","35.58","35.73","35.58","6.86M","0.42%"
"07/02/2024","35.58","34.68","35.58","34.43","9.10M","2.59%"
"07/01/2024","34.68","35.58","35.53","34.68","6.83M","-2.52%"
"06/28/2024","35.58","35.38","35.63","35.18","7.66M","0.56%"
"06/27/2024","35.38","35.58","35.48","35.38","5.30M","-0.56%"
"06/26/2024","35.58","35.08","35.58","34.53","6.79M","1.42%"
"06/25/2024","35.08","35.73","35.68","35.08","6.62M","-1.81%"
"06/24/2024","35.73","35.77","35.73","34.93","12.61M","-0.14%"
"06/21/2024","35.77","35.82","35.87","33.88","15.81M","-0.14%"
"06/20/2024","35.82","35.87","35.87","34.88","12.56M","-0.14%"
"06/19/2024","35.87","35.87","36.07","35.18","15.32M","0.00%"
"06/14/2024","35.87","35.87","35.87","35.58","28.13M","0.00%"
"06/13/2024","35.87","34.88","36.12","34.73","71.47M","2.86%"
"06/11/2024","34.88","34.68","34.88","33.88","74.54M","0.57%"
"06/10/2024","34.68","33.13","34.68","32.93","16.14M","4.66%"
"06/07/2024","33.13","32.89","33.13","32.79","43.39M","0.76%"
"06/06/2024","32.89","32.79","32.89","32.29","6.76M","0.30%"
"06/05/2024","32.79","31.89","32.79","31.84","6.07M","2.81%"
"06/04/2024","31.89","32.89","32.93","31.89","6.14M","-3.03%"
"06/03/2024","32.89","32.89","33.38","32.89","7.14M","0.00%"
"05/31/2024","32.89","32.89","33.63","32.89","111.52M","0.00%"
"05/30/2024","32.89","32.39","33.53","32.84","39.36M","1.54%"
"05/29/2024","32.39","31.29","32.98","31.79","13.71M","3.50%"
"05/28/2024","31.29","30.64","31.34","30.74","13.88M","2.11%"
"05/27/2024","30.64","29.90","31.89","30.59","8.85M","2.50%"
"05/24/2024","29.90","30.74","32.84","29.85","24.57M","-2.76%"
"05/23/2024","30.74","30.89","30.89","29.60","29.04M","-0.48%"
"05/22/2024","30.89","32.39","32.84","30.64","35.48M","-4.62%"
"05/21/2024","32.39","31.69","33.88","32.39","7.73M","2.20%"
"05/20/2024","31.69","32.69","32.69","30.89","15.32M","-3.05%"
"05/17/2024","32.69","32.39","33.08","32.69","4.87M","0.92%"
"05/16/2024","32.39","33.18","33.43","32.14","10.69M","-2.40%"
"05/15/2024","33.18","34.28","34.23","33.18","7.33M","-3.20%"
"05/14/2024","34.28","34.58","34.58","34.28","15.64M","-0.86%"
"05/13/2024","34.58","33.88","34.58","34.33","30.56M","2.06%"
"05/10/2024","33.88","33.88","35.68","33.43","35.22M","0.00%"
"05/09/2024","33.88","33.68","34.68","33.58","34.07M","0.59%"
"05/08/2024","33.68","34.58","34.88","33.38","11.38M","-2.59%"
"05/07/2024","34.58","34.68","35.13","34.58","20.80M","-0.29%"
"05/06/2024","34.68","34.78","37.67","34.68","27.00M","0.58%"
"05/03/2024","34.48","32.39","34.58","32.39","19.04M","5.65%"
"05/02/2024","32.64","31.99","32.69","32.34","15.91M","2.02%"
"04/30/2024","31.99","31.19","32.19","31.89","11.92M","2.56%"
"04/29/2024","31.19","32.49","32.14","31.14","18.78M","-3.99%"
"04/26/2024","32.49","32.79","33.38","32.49","24.02M","-10.44%"
"04/25/2024","36.27","36.47","36.87","36.17","48.66M","-0.55%"
"04/24/2024","36.47","35.87","37.37","36.37","46.32M","1.67%"
"04/23/2024","35.87","37.77","37.87","35.87","21.32M","-5.01%"
"04/22/2024","37.77","35.38","37.77","35.87","15.22M","6.76%"
"04/19/2024","35.38","35.87","36.37","35.38","24.49M","-1.39%"
"04/18/2024","35.87","35.28","37.37","35.38","22.08M","1.69%"
"04/17/2024","35.28","35.28","36.67","34.88","47.19M","0.00%"
"04/16/2024","35.28","38.52","38.81","35.28","41.50M","-8.41%"
"04/15/2024","38.52","39.86","39.81","38.47","14.36M","-3.38%"
"04/12/2024","39.86","42.35","42.85","38.86","136.29M","-3.73%"
"04/08/2024","41.41","42.35","42.35","41.41","16.15M","-2.24%"
"04/05/2024","42.35","43.05","42.85","41.36","86.52M","-1.62%"
"04/04/2024","43.05","43.85","43.45","42.85","162.25M","-1.82%"
"04/03/2024","43.85","44.39","44.79","43.85","42.02M","-1.23%"
"04/02/2024","44.39","44.34","44.54","41.36","62.80M","0.11%"
"03/28/2024","44.34","43.85","44.34","43.10","88.66M","1.14%"
"03/27/2024","43.85","40.31","44.10","39.86","53.39M","8.78%"
"03/26/2024","40.31","39.36","40.51","39.36","42.59M","2.41%"
"03/25/2024","39.36","39.81","39.41","38.86","8.37M","-1.13%"
"03/22/2024","39.81","39.31","41.36","39.26","47.82M","1.27%"
"03/21/2024","39.31","37.87","39.36","37.42","21.85M","3.82%"
"03/20/2024","37.87","37.97","38.27","37.82","11.18M","-0.26%"
"03/19/2024","37.97","38.86","38.37","37.97","7.26M","-2.31%"
"03/18/2024","38.86","39.56","39.36","37.47","21.56M","-1.76%"
"03/15/2024","39.56","38.37","39.56","37.87","10.48M","3.12%"
"03/14/2024","38.37","38.86","39.31","37.87","13.34M","-1.28%"
"03/13/2024","38.86","38.07","39.01","38.27","13.81M","2.09%"
"03/12/2024","38.07","36.17","38.86","36.07","15.54M","5.52%"
"03/11/2024","36.07","33.88","36.07","34.88","14.53M","6.47%"
"03/08/2024","33.88","33.83","34.38","33.83","18.00M","0.15%"
"03/07/2024","33.83","33.88","34.88","32.89","17.14M","-0.15%"
"03/06/2024","33.88","35.38","35.43","33.88","16.69M","-4.23%"
"03/05/2024","35.38","35.33","35.87","34.88","13.40M","0.14%"
"03/04/2024","35.33","35.38","36.57","35.18","8.07M","-0.14%"
"03/01/2024","35.38","34.88","36.47","34.38","25.66M","1.43%"
"02/29/2024","34.88","32.34","35.18","31.39","22.84M","7.86%"
"02/28/2024","32.34","34.28","34.28","31.39","31.03M","-5.94%"
"02/27/2024","34.38","35.18","35.18","34.38","25.04M","-2.27%"
"02/26/2024","35.18","35.18","35.48","35.13","20.70M","0.00%"
"02/23/2024","35.18","35.63","35.73","34.98","20.79M","-1.26%"
"02/22/2024","35.63","35.38","35.73","35.38","12.58M","0.70%"
"02/21/2024","35.38","35.53","36.32","35.38","15.92M","-0.42%"
"02/20/2024","35.53","35.58","36.07","35.33","21.08M","-0.14%"
"02/19/2024","35.58","35.68","36.47","35.58","15.25M","-0.28%"
"02/16/2024","35.68","35.63","37.87","35.68","10.74M","0.14%"
"02/15/2024","35.63","36.37","36.37","35.63","6.95M","-2.05%"
"02/14/2024","36.37","35.38","36.37","35.87","17.93M","2.82%"
"02/13/2024","35.38","36.77","36.82","35.33","16.07M","-3.79%"
"02/12/2024","36.77","36.72","36.87","36.67","8.60M","0.14%"
"02/09/2024","36.72","35.87","37.87","35.87","11.96M","2.36%"
"02/08/2024","35.87","36.67","36.37","34.38","31.86M","-2.17%"
"02/07/2024","36.67","37.37","37.42","36.67","11.98M","-1.87%"
"02/06/2024","37.37","38.57","38.37","37.32","14.37M","-3.10%"
"02/05/2024","38.57","39.36","39.96","38.37","16.91M","-2.03%"
"02/02/2024","39.36","38.47","41.26","38.52","31.69M","2.33%"
"02/01/2024","38.47","34.98","38.47","33.88","74.58M","9.97%"
"01/31/2024","34.98","38.86","39.86","34.98","61.39M","-10.00%"
"01/30/2024","38.86","41.85","41.36","37.87","27.76M","-7.14%"
"01/29/2024","41.85","42.85","42.55","41.60","34.66M","-2.33%"
"01/26/2024","42.85","42.70","42.85","42.35","14.76M","0.35%"
"01/25/2024","42.70","42.10","42.85","41.70","15.00M","1.42%"
"01/24/2024","42.10","41.90","42.35","41.65","14.52M","0.48%"
"01/23/2024","41.90","43.85","43.65","39.96","32.14M","-4.43%"
"01/22/2024","43.85","44.84","43.95","43.65","25.85M","-2.22%"
"01/19/2024","44.84","44.15","44.84","43.45","34.88M","1.58%"
"01/18/2024","44.15","45.04","45.14","44.10","36.42M","-1.99%"
"01/17/2024","45.04","45.69","45.39","44.54","24.46M","-1.42%"
"01/16/2024","45.69","44.39","45.84","44.05","21.10M","2.92%"
"01/15/2024","44.39","42.85","44.39","42.90","25.11M","3.60%"
"01/12/2024","42.85","43.35","43.75","42.80","27.08M","-1.15%"
"01/11/2024","43.35","42.50","44.84","41.85","45.78M","1.99%"
"01/10/2024","42.50","47.09","47.14","42.50","55.70M","-9.93%"
"01/09/2024","47.19","42.90","47.19","42.90","45.72M","9.99%"
"01/08/2024","42.90","41.85","42.90","41.85","15.66M","2.50%"
"01/05/2024","41.85","40.86","42.30","41.36","20.17M","2.44%"
"01/04/2024","40.86","40.51","40.86","40.06","29.40M","0.86%"
"01/03/2024","40.51","38.86","40.51","39.01","20.89M","4.23%"
"01/02/2024","38.86","38.52","38.91","38.07","11.07M","0.91%"
"12/29/2023","38.52","38.07","39.31","37.32","28.98M","1.18%"
"12/28/2023","38.07","37.87","38.07","37.37","28.03M","0.53%"
"12/27/2023","37.87","37.77","37.87","37.82","15.51M","0.26%"
"12/22/2023","37.77","38.52","38.52","37.67","26.39M","-1.94%"
"12/21/2023","38.52","38.37","38.71","38.17","14.45M","0.39%"
"12/20/2023","38.37","37.62","38.37","37.67","24.12M","1.99%"
"12/19/2023","37.62","36.97","37.62","36.92","22.04M","1.75%"
"12/18/2023","36.97","36.97","36.97","36.77","17.21M","0.00%"
"12/15/2023","36.97","36.97","36.97","36.52","24.79M","0.00%"
"12/14/2023","36.97","36.27","37.02","36.32","37.42M","1.92%"
"12/13/2023","36.27","35.38","36.37","35.38","44.94M","2.54%"
"12/12/2023","35.38","35.38","35.38","35.13","23.07M","0.00%"
"12/11/2023","35.38","34.88","35.53","34.88","12.73M","1.43%"
"12/08/2023","34.88","35.13","35.28","34.88","19.06M","-0.71%"
"12/07/2023","35.13","35.97","36.02","35.03","31.73M","-2.35%"
"12/06/2023","35.97","34.78","35.97","34.38","38.75M","3.44%"
"12/05/2023","34.78","34.78","34.83","34.58","15.53M","0.14%"
"12/04/2023","34.73","34.88","34.98","34.68","16.22M","-0.43%"
"12/01/2023","34.88","33.93","34.88","33.93","8.88M","2.79%"
"11/30/2023","33.93","34.88","34.88","33.88","16.01M","-2.71%"
"11/29/2023","34.88","35.03","35.08","34.78","9.45M","-0.43%"
"11/28/2023","35.03","35.18","35.23","34.83","10.23M","-0.42%"
"11/27/2023","35.18","34.58","35.23","34.78","12.96M","1.73%"
"11/24/2023","34.58","33.38","34.68","33.78","22.66M","3.58%"
"11/23/2023","33.38","33.28","33.48","33.38","20.79M","0.30%"
"11/22/2023","33.28","33.08","33.33","33.23","14.42M","0.60%"
"11/21/2023","33.08","33.03","33.38","33.08","8.81M","0.15%"
"11/20/2023","33.03","33.28","33.18","32.98","15.22M","-0.75%"
"11/17/2023","33.28","33.38","33.48","33.23","7.41M","-0.30%"
"11/16/2023","33.38","33.63","33.88","33.08","10.46M","-0.74%"
"11/15/2023","33.63","34.28","33.88","33.38","10.46M","-1.89%"
"11/14/2023","34.28","33.38","34.28","33.53","3.87M","2.69%"
"11/13/2023","33.38","32.93","33.38","33.18","4.38M","1.36%"
"11/10/2023","32.93","32.93","33.48","32.89","10.11M","0.00%"
"11/09/2023","32.93","33.08","33.53","32.93","20.60M","-0.45%"
"11/08/2023","33.08","33.18","33.23","33.08","5.14M","-0.30%"
"11/07/2023","33.18","33.48","33.68","33.18","13.14M","-0.89%"
"11/06/2023","33.48","33.88","33.88","33.38","9.37M","-1.18%"
"11/03/2023","33.88","33.88","34.13","33.48","8.19M","0.00%"
"11/02/2023","33.88","34.28","34.28","33.68","13.73M","-1.16%"
"11/01/2023","34.28","33.03","34.33","32.98","14.12M","3.77%"
"10/31/2023","33.03","33.38","33.58","32.98","30.00M","-1.04%"
"10/30/2023","33.38","33.18","33.48","33.28","24.51M","0.60%"
"10/27/2023","33.18","32.98","33.48","32.89","6.54M","0.60%"
"10/26/2023","32.98","33.23","33.38","32.89","6.90M","-0.75%"
"10/25/2023","33.23","33.43","33.58","33.18","16.71M","-0.60%"
"10/24/2023","33.43","33.33","33.58","33.28","9.41M","0.90%"
"10/23/2023","33.13","32.93","33.33","32.89","16.22M","0.61%"
"10/20/2023","32.93","33.03","33.13","32.89","18.09M","-0.30%"
"10/19/2023","33.03","33.28","33.08","32.93","4.36M","-0.75%"
"10/18/2023","33.28","32.89","33.68","33.28","8.31M","1.21%"
"10/17/2023","32.89","32.04","33.28","32.04","15.50M","2.64%"
"10/16/2023","32.04","31.89","32.04","31.89","7.73M","0.47%"
"10/13/2023","31.89","31.89","31.94","31.84","13.03M","0.00%"
"10/12/2023","31.89","31.49","31.89","31.49","20.55M","1.27%"
"10/11/2023","31.49","31.69","31.69","31.29","32.39M","-0.63%"
"10/10/2023","31.69","31.84","31.84","31.44","11.31M","-0.47%"
"10/09/2023","31.84","31.89","31.99","31.84","7.79M","-0.16%"
"10/06/2023","31.89","31.79","32.29","31.79","7.86M","0.31%"
"10/05/2023","31.79","31.79","31.79","31.69","6.09M","0.00%"
"10/04/2023","31.79","31.39","31.89","31.39","12.08M","1.27%"
"10/03/2023","31.39","31.34","31.84","31.34","17.87M","0.16%"
"09/29/2023","31.34","31.19","31.44","31.19","10.97M","0.48%"
"09/28/2023","31.19","30.94","31.34","30.89","21.19M","0.81%"
"09/26/2023","30.94","31.89","31.99","30.94","21.65M","-2.97%"
"09/25/2023","31.89","32.39","32.64","31.89","9.73M","-3.03%"
"09/22/2023","32.89","32.89","33.23","32.89","13.99M","0.00%"
"09/21/2023","32.89","32.89","32.93","32.89","9.87M","0.00%"
"09/20/2023","32.89","32.89","33.08","32.89","9.75M","0.00%"
"09/19/2023","32.89","33.03","33.38","32.89","14.09M","-0.45%"
"09/18/2023","33.03","33.13","33.43","32.89","11.95M","-0.30%"
"09/15/2023","33.13","32.49","33.58","32.49","9.77M","0.76%"
"09/14/2023","32.89","33.73","34.43","32.74","15.89M","-2.51%"
"09/13/2023","33.73","33.48","34.78","31.89","29.91M","0.74%"
"09/12/2023","33.48","33.18","33.83","31.24","38.46M","-3.45%"
"09/11/2023","34.68","36.82","36.77","34.38","43.28M","-5.82%"
"09/08/2023","36.82","36.82","36.87","36.77","8.84M","0.00%"
"09/07/2023","36.82","36.87","36.87","36.72","4.72M","-0.14%"
"09/06/2023","36.87","36.87","36.87","36.82","10.04M","0.00%"
"09/05/2023","36.87","36.97","37.62","35.87","34.48M","-0.27%"
"09/04/2023","36.97","37.67","37.67","35.23","75.68M","7.85%"
"09/01/2023","34.28","32.79","34.28","32.89","19.81M","4.56%"
"08/31/2023","32.79","32.79","32.89","32.79","8.97M","0.00%"
"08/30/2023","32.79","33.38","33.53","32.59","11.28M","-1.79%"
"08/29/2023","33.38","32.64","33.63","32.59","14.71M","2.29%"
"08/28/2023","32.64","32.64","32.64","32.49","4.63M","0.00%"
"08/25/2023","32.64","32.89","32.89","32.49","12.36M","-0.76%"
"08/24/2023","32.89","33.28","33.43","32.79","7.31M","-1.20%"
"08/23/2023","33.28","33.68","33.78","33.28","7.99M","-1.18%"
"08/22/2023","33.68","33.83","33.78","33.38","6.57M","-0.44%"
"08/21/2023","33.83","33.88","33.83","33.78","6.25M","-0.15%"
"08/18/2023","33.88","33.88","33.88","33.83","8.87M","0.00%"
"08/17/2023","33.88","34.33","34.33","33.83","7.30M","-1.31%"
"08/16/2023","34.33","34.28","34.53","34.18","10.79M","0.15%"
"08/15/2023","34.28","33.98","34.28","33.38","11.34M","0.88%"
"08/14/2023","33.98","34.88","34.33","33.98","10.76M","-2.57%"
"08/11/2023","34.88","34.88","34.88","34.73","18.42M","0.00%"
"08/10/2023","34.88","34.88","35.13","34.88","12.53M","0.00%"
"08/09/2023","34.88","34.88","34.88","34.53","6.14M","0.00%"
"08/08/2023","34.88","34.08","34.88","34.18","7.02M","2.34%"
"08/07/2023","34.08","33.98","34.23","33.88","5.82M","0.29%"
"08/04/2023","33.98","33.48","33.98","33.38","23.95M","1.49%"
"08/03/2023","33.48","33.38","34.48","33.48","12.13M","0.30%"
"08/02/2023","33.38","33.38","33.88","33.03","12.12M","0.00%"
"08/01/2023","33.38","33.78","33.38","32.74","24.39M","-1.18%"
"07/31/2023","33.78","33.88","33.78","33.23","7.65M","-0.29%"
"07/28/2023","33.88","34.88","34.73","33.23","12.89M","-2.86%"
"07/27/2023","34.88","35.18","35.08","34.73","16.49M","-0.85%"
"07/26/2023","35.18","34.88","35.38","34.83","26.57M","0.86%"
"07/25/2023","34.88","34.58","35.03","34.38","36.43M","0.86%"
"07/24/2023","34.58","35.03","34.88","33.43","13.38M","-1.28%"
"07/21/2023","35.03","33.03","35.38","33.03","73.61M","8.82%"
"07/20/2023","32.19","32.14","32.39","31.94","13.78M","0.16%"
"07/19/2023","32.14","32.69","32.59","31.89","10.05M","-1.68%"
"07/18/2023","32.69","33.83","34.18","32.39","8.65M","-3.39%"
"07/17/2023","33.83","32.39","33.83","30.29","13.93M","4.46%"
"07/14/2023","32.39","33.53","32.89","30.29","36.55M","-3.42%"
"07/13/2023","33.53","34.23","33.88","32.49","14.30M","-2.04%"
"07/12/2023","34.23","33.98","34.23","31.54","40.42M","0.73%"
"07/11/2023","33.98","34.68","34.48","33.88","11.68M","-2.01%"
"07/10/2023","34.68","34.68","36.27","34.18","48.05M","0.00%"
"07/07/2023","34.68","34.43","34.83","34.58","53.24M","0.72%"
"07/06/2023","34.43","33.98","34.73","33.88","13.71M","1.32%"
"07/05/2023","33.98","33.78","34.23","33.43","11.90M","0.59%"
"07/04/2023","33.78","35.13","35.13","33.38","52.89M","-3.83%"
"07/03/2023","35.13","34.13","35.18","34.08","50.15M","2.92%"
"06/30/2023","34.13","33.88","34.13","33.68","74.66M","0.74%"
"06/27/2023","33.88","32.39","34.03","31.94","52.62M","4.62%"
"06/26/2023","32.39","31.89","32.39","31.74","28.67M","1.56%"
"06/23/2023","31.89","31.69","31.89","31.59","36.57M","0.63%"
"06/22/2023","31.69","31.64","31.74","30.89","20.39M","0.16%"
"06/21/2023","31.64","31.89","31.89","31.39","14.91M","-0.78%"
"06/20/2023","31.89","31.89","31.89","31.59","18.77M","0.00%"
"06/19/2023","31.89","30.89","31.89","30.89","28.37M","3.23%"
"06/16/2023","30.89","31.94","31.89","30.39","39.23M","-3.28%"
"06/15/2023","31.94","33.53","35.38","30.89","62.89M","-5.18%"
"06/14/2023","33.68","30.74","33.73","30.74","119.56M","9.74%"
"06/13/2023","30.69","28.00","30.69","28.00","86.00M","10.00%"
"06/09/2023","27.90","27.90","27.90","27.70","21.12M","0.00%"
"06/08/2023","27.90","27.85","28.00","27.90","30.93M","0.18%"
"06/07/2023","27.85","27.90","27.90","27.75","8.17M","-0.18%"
"06/06/2023","27.90","27.85","27.90","27.45","15.93M","0.18%"
"06/05/2023","27.85","28.50","28.30","27.35","28.85M","-2.27%"
"06/02/2023","28.50","29.40","29.00","27.90","22.00M","-3.05%"
"06/01/2023","29.40","28.90","29.70","28.70","37.29M","1.72%"
"05/31/2023","28.90","29.60","29.85","26.96","44.69M","-2.36%"
"05/30/2023","29.60","27.01","29.60","26.91","66.36M","10.00%"
"05/26/2023","26.91","26.51","26.91","26.31","50.19M","0.93%"
"05/25/2023","26.66","26.66","26.71","26.51","39.54M","0.00%"
"05/24/2023","26.66","26.91","27.11","25.91","37.68M","-0.93%"
"05/23/2023","26.91","26.36","26.91","26.16","59.21M","2.08%"
"05/22/2023","26.36","25.91","26.36","24.96","53.62M","1.73%"
"05/19/2023","25.91","24.91","25.91","24.81","58.05M","4.00%"
"05/18/2023","24.91","25.06","24.91","24.81","29.16M","-0.60%"
"05/17/2023","25.06","24.41","25.26","24.41","31.81M","2.65%"
"05/16/2023","24.41","24.07","24.51","24.07","57.59M","1.45%"
"05/15/2023","24.07","23.92","24.07","23.77","18.85M","0.62%"
"05/12/2023","23.92","23.82","23.92","23.72","10.45M","0.42%"
"05/11/2023","23.82","24.31","24.36","23.57","16.85M","-2.05%"
"05/10/2023","24.31","24.41","24.36","24.02","24.57M","-0.41%"
"05/09/2023","24.41","24.31","24.41","24.22","42.90M","0.41%"
"05/08/2023","24.31","23.97","24.31","23.92","8.70M","1.46%"
"05/05/2023","23.97","23.92","24.02","23.82","33.27M","0.21%"
"05/04/2023","23.92","23.92","24.02","23.72","24.99M","0.00%"
"05/03/2023","23.92","23.42","23.97","23.52","15.32M","2.13%"
"05/02/2023","23.42","22.72","23.42","22.72","12.19M","3.07%"
"04/28/2023","22.72","22.72","22.87","22.47","15.33M","0.00%"
"04/27/2023","22.72","22.47","22.82","22.42","16.93M","1.11%"
"04/26/2023","22.47","21.97","22.47","21.97","13.11M","2.27%"
"04/25/2023","21.97","21.87","22.52","21.92","27.65M","0.46%"
"04/20/2023","21.87","21.77","21.92","21.77","18.18M","0.46%"
"04/19/2023","21.77","21.72","21.77","21.62","16.54M","0.23%"
"04/18/2023","21.72","21.92","21.82","21.72","12.20M","-0.91%"
"04/17/2023","21.92","22.02","21.92","21.72","13.42M","-12.00%"
"04/14/2023","24.91","24.96","25.11","24.86","18.23M","-0.20%"
"04/13/2023","24.96","25.41","25.41","24.96","20.69M","-1.76%"
"04/12/2023","25.41","25.41","25.41","25.31","11.42M","0.00%"
"04/11/2023","25.41","25.41","25.46","25.31","44.61M","0.00%"
"04/06/2023","25.41","25.41","25.46","25.31","19.17M","0.00%"
"04/05/2023","25.41","25.06","25.41","25.06","15.91M","1.39%"
"04/04/2023","25.06","25.71","25.71","24.91","14.78M","-2.52%"
"04/03/2023","25.71","25.76","25.81","25.71","8.19M","-0.19%"
"03/31/2023","25.76","25.81","25.81","25.71","5.39M","-0.19%"
"03/30/2023","25.81","25.61","25.91","25.71","14.09M","0.78%"
"03/29/2023","25.61","25.36","25.91","25.11","27.18M","2.80%"
"03/28/2023","24.91","24.91","25.01","24.91","10.24M","0.00%"
"03/27/2023","24.91","24.86","24.96","24.91","11.96M","0.20%"
"03/24/2023","24.86","25.01","24.96","24.71","5.10M","-0.60%"
"03/23/2023","25.01","24.96","25.01","24.96","7.92M","0.20%"
"03/22/2023","24.96","25.01","25.41","24.96","6.11M","-0.20%"
"03/21/2023","25.01","24.66","25.31","24.61","12.01M","1.41%"
"03/20/2023","24.66","24.51","24.86","24.61","9.90M","0.61%"
"03/17/2023","24.51","24.36","24.56","24.31","9.52M","0.61%"
"03/16/2023","24.36","23.77","24.41","23.57","14.77M","2.52%"
"03/15/2023","23.77","24.91","24.91","23.77","18.62M","-4.60%"
"03/14/2023","24.91","24.91","24.91","24.81","16.57M","0.00%"
"03/13/2023","24.91","25.71","25.71","24.91","14.89M","-3.10%"
"03/10/2023","25.71","25.91","25.91","25.71","13.27M","-0.77%"
"03/09/2023","25.91","25.91","25.91","25.76","18.56M","0.00%"
"03/08/2023","25.91","25.86","25.91","25.91","6.28M","0.19%"
"03/07/2023","25.86","26.21","26.26","25.76","13.31M","-1.33%"
"03/06/2023","26.21","26.51","26.36","26.21","4.79M","-1.13%"
"03/03/2023","26.51","26.31","26.56","26.16","17.46M","0.76%"
"03/02/2023","26.31","26.56","26.61","26.01","9.31M","-0.94%"
"03/01/2023","26.56","26.41","26.91","26.41","12.53M","0.57%"
"02/28/2023","26.41","25.86","26.91","25.91","34.37M","2.12%"
"02/27/2023","25.86","25.66","25.91","25.56","7.98M","0.78%"
"02/24/2023","25.66","25.26","25.66","25.26","8.16M","1.58%"
"02/23/2023","25.26","25.11","25.31","25.21","11.57M","0.60%"
"02/22/2023","25.11","24.91","25.11","24.91","13.05M","0.80%"
"02/21/2023","24.91","24.91","25.01","24.81","15.09M","0.00%"
"02/20/2023","24.91","24.91","25.11","24.86","30.38M","0.00%"
"02/17/2023","24.91","25.41","25.41","24.91","16.95M","-1.96%"
"02/16/2023","25.41","25.26","25.41","25.26","8.47M","0.59%"
"02/15/2023","25.26","25.21","25.26","25.06","4.98M","0.20%"
"02/14/2023","25.21","25.56","25.31","25.21","5.07M","-1.36%"
"02/13/2023","25.56","25.11","25.56","25.01","12.64M","1.79%"
"02/10/2023","25.11","25.01","25.11","25.01","6.90M","0.40%"
"02/09/2023","25.01","25.11","25.16","25.01","5.43M","-0.40%"
"02/08/2023","25.11","24.91","25.11","24.86","6.14M","0.80%"
"02/07/2023","24.91","25.01","25.01","24.91","14.72M","-0.40%"
"02/06/2023","25.01","25.11","25.06","24.91","18.08M","-0.40%"
"02/03/2023","25.11","25.01","25.11","24.91","8.01M","0.40%"
"02/02/2023","25.01","25.41","25.21","25.01","9.30M","-1.57%"
"02/01/2023","25.41","24.91","25.41","24.91","7.32M","2.00%"
"01/31/2023","24.91","25.01","25.71","24.91","12.56M","-0.40%"
"01/30/2023","25.01","24.81","25.51","24.66","36.89M","0.80%"
"01/27/2023","24.81","24.61","24.81","24.71","3.93M","0.81%"
"01/26/2023","24.61","24.41","24.61","24.46","5.80M","0.82%"
"01/25/2023","24.41","24.41","24.46","24.41","4.78M","0.00%"
"01/24/2023","24.41","24.51","24.46","24.41","10.93M","-0.41%"
"01/23/2023","24.51","24.36","24.51","24.41","9.95M","0.61%"
"01/20/2023","24.36","24.41","24.51","24.31","7.00M","-0.20%"
"01/19/2023","24.41","24.46","24.76","24.41","18.62M","-0.20%"
"01/18/2023","24.46","24.51","24.61","24.41","16.98M","-0.20%"
"01/17/2023","24.51","24.51","24.51","24.17","11.36M","0.00%"
"01/16/2023","24.51","25.46","25.41","24.51","13.56M","-3.72%"
"01/13/2023","25.46","25.01","25.61","24.91","20.38M","1.79%"
"01/12/2023","25.01","24.31","25.01","24.41","11.82M","2.87%"
"01/11/2023","24.31","24.27","24.31","24.17","9.04M","0.21%"
"01/10/2023","24.27","24.22","24.41","24.22","25.55M","0.21%"
"01/09/2023","24.22","24.36","24.41","24.07","8.32M","-0.61%"
"01/06/2023","24.36","24.46","24.46","24.31","5.14M","-0.41%"
"01/05/2023","24.46","24.02","24.46","23.92","6.27M","1.87%"
"01/04/2023","24.02","23.92","24.31","23.82","3.97M","0.42%"
"01/03/2023","23.92","23.92","23.92","23.42","5.45M","0.00%"
"12/30/2022","23.92","24.81","24.66","23.92","4.34M","-3.61%"
"12/29/2022","24.81","24.81","25.31","24.02","19.71M","0.00%"
"12/28/2022","24.81","24.46","24.81","24.27","5.07M","1.43%"
"12/23/2022","24.46","24.02","24.46","24.22","6.02M","1.87%"
"12/22/2022","24.02","24.22","24.02","23.97","2.46M","-0.82%"
"12/21/2022","24.22","24.17","24.36","24.22","7.65M","0.21%"
"12/20/2022","24.17","23.92","24.17","24.02","4.54M","1.04%"
"12/19/2022","23.92","24.02","24.02","23.92","3.79M","-0.41%"
"12/16/2022","24.02","23.42","24.41","23.12","14.18M","2.55%"
"12/15/2022","23.42","22.92","23.42","22.87","8.72M","2.17%"
"12/14/2022","22.92","22.92","23.42","22.92","9.82M","0.00%"
"12/13/2022","22.92","22.37","22.92","22.42","14.24M","2.45%"
"12/12/2022","22.37","22.02","22.47","22.02","5.55M","1.58%"
"12/09/2022","22.02","21.97","22.02","22.02","834.29K","0.23%"
"12/08/2022","21.97","21.92","21.97","21.92","5.02M","0.23%"
"12/07/2022","21.92","21.97","22.12","21.92","12.55M","-0.23%"
"12/06/2022","21.97","22.12","22.02","21.97","3.61M","-0.68%"
"12/05/2022","22.12","22.67","22.62","21.92","11.55M","-2.42%"
"12/02/2022","22.67","22.67","22.67","22.52","3.44M","0.00%"
"12/01/2022","22.67","21.82","22.82","22.07","9.82M","3.88%"
"11/30/2022","21.82","21.62","21.82","21.62","8.07M","0.92%"
"11/29/2022","21.62","21.92","21.72","21.52","9.36M","-1.36%"
"11/28/2022","21.92","21.82","21.92","21.62","7.15M","0.46%"
"11/25/2022","21.82","21.92","21.82","21.62","6.42M","-0.45%"
"11/24/2022","21.92","22.62","22.42","21.52","5.29M","-3.08%"
"11/23/2022","22.62","22.02","22.67","21.92","11.16M","2.71%"
"11/22/2022","22.02","21.62","22.42","21.57","13.60M","1.84%"
"11/21/2022","21.62","21.28","21.67","21.28","11.52M","1.64%"
"11/18/2022","21.28","21.23","21.28","20.93","4.92M","0.23%"
"11/17/2022","21.23","21.72","21.62","21.23","5.54M","-2.29%"
"11/16/2022","21.72","20.03","21.82","20.03","14.06M","8.46%"
"11/15/2022","20.03","19.88","20.13","19.83","4.60M","0.75%"
"11/14/2022","19.88","19.88","20.03","19.88","19.39M","0.00%"
"11/11/2022","19.88","19.83","19.93","19.83","5.30M","0.25%"
"11/10/2022","19.83","19.88","19.93","19.83","17.23M","-0.25%"
"11/09/2022","19.88","19.83","19.93","19.68","13.52M","0.25%"
"11/08/2022","19.83","19.93","19.93","19.83","10.77M","-0.50%"
"11/07/2022","19.93","19.78","19.93","19.78","15.18M","0.76%"
"11/04/2022","19.78","19.83","19.83","19.73","10.17M","-0.25%"
"11/03/2022","19.83","19.88","19.83","19.73","7.22M","-0.25%"
"11/02/2022","19.88","19.93","19.88","19.68","8.40M","-0.25%"
"11/01/2022","19.93","19.93","20.08","19.93","9.60M","0.00%"
"10/31/2022","19.93","20.03","20.13","19.93","6.94M","-0.50%"
"10/28/2022","20.03","20.03","20.13","19.73","7.29M","0.00%"
"10/27/2022","20.03","19.53","20.03","19.53","6.15M","2.55%"
"10/26/2022","19.53","19.68","19.68","19.43","6.27M","-0.76%"
"10/25/2022","19.68","19.93","19.93","19.63","5.30M","-1.25%"
"10/24/2022","19.93","19.98","20.08","19.93","2.61M","-0.25%"
"10/21/2022","19.98","20.13","19.98","19.93","10.80M","-0.74%"
"10/20/2022","20.13","20.28","20.23","20.13","3.13M","-0.74%"
"10/19/2022","20.28","20.33","20.33","20.28","6.35M","-0.25%"
"10/18/2022","20.33","20.13","20.78","20.13","13.20M","0.99%"
"10/17/2022","20.13","19.93","20.13","20.03","2.47M","1.00%"
"10/14/2022","19.93","19.48","19.93","19.43","5.55M","2.30%"
"10/13/2022","19.48","19.38","19.53","19.43","8.56M","0.51%"
"10/12/2022","19.38","19.33","19.58","19.33","11.86M","0.26%"
"10/11/2022","19.33","19.48","19.58","19.33","5.06M","-0.77%"
"10/07/2022","19.48","19.23","19.48","19.18","7.45M","1.30%"
"10/06/2022","19.23","18.93","19.23","18.93","14.45M","1.58%"
"10/05/2022","18.93","19.23","19.43","18.93","6.39M","-1.55%"
"10/04/2022","19.23","19.93","19.93","19.23","14.44M","-3.50%"
"09/30/2022","19.93","19.93","19.93","19.88","21.59M","0.00%"
"09/29/2022","19.93","19.83","19.93","19.68","14.22M","0.50%"
"09/28/2022","19.83","20.13","19.93","19.58","11.60M","-1.49%"
"09/27/2022","20.13","19.93","20.38","19.93","35.40M","1.00%"
"09/26/2022","19.93","19.88","19.93","19.88","8.90M","0.25%"
"09/23/2022","19.88","19.93","19.98","19.83","20.90M","-0.25%"
"09/22/2022","19.93","19.93","20.03","19.93","24.48M","0.25%"
"09/21/2022","19.88","19.88","19.88","19.73","6.32M","0.76%"
"09/20/2022","19.73","19.68","19.73","19.63","11.13M","0.25%"
"09/19/2022","19.68","19.68","19.73","19.58","9.28M","0.00%"
"09/16/2022","19.68","19.58","19.73","19.58","12.01M","0.51%"
"09/15/2022","19.58","19.43","19.83","19.43","8.59M","0.77%"
"09/14/2022","19.43","19.93","20.03","19.43","18.31M","-2.50%"
"09/13/2022","19.93","19.98","20.33","19.93","26.83M","-0.25%"
"09/12/2022","19.98","19.98","20.13","19.93","5.94M","0.00%"
"09/09/2022","19.98","19.98","20.13","19.98","14.07M","0.00%"
"09/08/2022","19.98","19.98","20.13","19.93","8.29M","0.00%"
"09/07/2022","19.98","19.88","20.18","19.93","10.22M","-0.99%"
"09/06/2022","20.18","20.93","20.93","20.18","12.54M","-3.57%"
"09/05/2022","20.93","21.43","21.82","20.93","9.53M","-2.33%"
"09/02/2022","21.43","21.18","21.43","21.38","12.44M","1.18%"
"09/01/2022","21.18","21.82","21.87","21.18","7.48M","-2.97%"
"08/31/2022","21.82","21.87","21.87","21.82","6.06M","-0.23%"
"08/30/2022","21.87","21.92","21.92","21.82","6.92M","0.00%"
"08/29/2022","21.87","21.82","21.92","21.82","12.49M","0.23%"
"08/26/2022","21.82","21.92","21.92","21.82","6.80M","-0.45%"
"08/25/2022","21.92","21.92","21.92","21.87","5.56M","0.00%"
"08/24/2022","21.92","21.92","22.22","21.87","11.90M","0.00%"
"08/23/2022","21.92","21.92","22.12","21.92","25.29M","0.00%"
"08/22/2022","21.92","21.87","21.92","21.82","6.43M","0.23%"
"08/19/2022","21.87","21.87","21.87","21.82","7.09M","0.00%"
"08/18/2022","21.87","21.62","21.87","21.62","5.77M","1.15%"
"08/17/2022","21.62","21.72","21.72","21.57","16.72M","-0.46%"
"08/16/2022","21.72","21.62","21.77","21.43","6.27M","0.46%"
"08/15/2022","21.62","21.18","21.62","21.38","8.36M","2.12%"
"08/12/2022","21.18","21.33","21.38","21.18","9.74M","-0.70%"
"08/11/2022","21.33","21.38","21.43","21.33","5.78M","-0.23%"
"08/10/2022","21.38","21.18","21.43","21.33","5.41M","0.94%"
"08/09/2022","21.18","21.18","21.28","21.08","4.46M","0.00%"
"08/08/2022","21.18","21.82","21.82","20.93","10.27M","-2.97%"
"08/05/2022","21.82","21.92","21.92","21.67","10.21M","-0.45%"
"08/04/2022","21.92","21.33","21.92","21.33","6.60M","2.80%"
"08/03/2022","21.33","21.33","21.33","21.23","8.39M","0.00%"
"08/02/2022","21.33","20.93","21.33","20.93","9.33M","1.90%"
"08/01/2022","20.93","20.63","21.03","20.88","20.52M","1.45%"
"07/29/2022","20.63","18.83","20.68","19.28","22.78M","9.52%"
"07/28/2022","18.83","20.53","20.48","18.83","16.99M","-8.25%"
"07/27/2022","20.53","20.93","20.93","20.43","9.31M","-1.90%"
"07/26/2022","20.93","21.62","21.62","20.93","11.43M","-3.23%"
"07/25/2022","21.62","20.68","21.62","20.78","12.31M","4.58%"
"07/22/2022","20.68","21.87","21.87","20.68","16.10M","-5.47%"
"07/21/2022","21.87","21.87","21.87","21.77","9.52M","0.00%"
"07/20/2022","21.87","21.92","21.92","21.82","4.52M","-0.23%"
"07/19/2022","21.92","21.92","22.17","21.92","3.79M","-0.35%"
"07/18/2022","22.00","22.20","22.40","22.00","10.68M","-0.90%"
"07/15/2022","22.20","22.10","22.40","22.10","5.62M","0.45%"
"07/14/2022","22.10","22.45","22.65","22.10","6.59M","-1.56%"
"07/13/2022","22.45","22.00","22.50","22.30","3.50M","2.05%"
"07/08/2022","22.00","21.85","22.00","21.80","8.36M","0.69%"
"07/07/2022","21.85","21.75","21.95","21.80","3.90M","0.46%"
"07/06/2022","21.75","21.65","21.85","21.70","7.22M","0.46%"
"07/05/2022","21.65","22.10","22.10","21.65","11.74M","-2.04%"
"07/04/2022","22.10","21.85","22.20","22.00","8.58M","1.14%"
"07/01/2022","21.85","21.70","21.90","21.70","5.42M","0.69%"
"06/30/2022","21.70","21.70","21.70","21.65","14.07M","0.00%"
"06/29/2022","21.70","21.65","21.70","21.65","12.68M","0.23%"
"06/28/2022","21.65","21.70","21.70","21.60","16.09M","-0.23%"
"06/27/2022","21.70","21.65","21.75","21.65","11.86M","0.23%"
"06/24/2022","21.65","21.60","21.80","21.55","8.24M","0.23%"
"06/23/2022","21.60","21.95","22.00","21.60","9.38M","-1.59%"
"06/22/2022","21.95","22.00","22.10","21.95","14.53M","-0.23%"
"06/21/2022","22.00","22.00","22.10","22.00","12.81M","0.00%"
"06/20/2022","22.00","21.40","22.00","21.65","7.83M","2.80%"
"06/17/2022","21.40","21.95","21.95","21.25","33.20M","-2.51%"
"06/16/2022","21.95","22.25","22.20","21.95","17.34M","-1.35%"
"06/15/2022","22.25","22.70","22.50","22.25","12.84M","-1.98%"
"06/14/2022","22.70","22.85","22.85","22.60","8.21M","-0.66%"
"06/10/2022","22.85","22.85","23.00","22.80","14.74M","0.00%"
"06/09/2022","22.85","23.40","23.30","22.85","12.58M","-2.35%"
"06/08/2022","23.40","23.40","23.40","23.30","4.58M","0.00%"
"06/07/2022","23.40","23.35","23.50","23.35","7.92M","0.21%"
"06/06/2022","23.35","23.45","23.50","23.30","8.92M","-0.43%"
"06/03/2022","23.45","23.00","23.45","23.35","9.76M","1.96%"
"06/02/2022","23.00","23.45","23.50","22.95","26.92M","-1.92%"
"06/01/2022","23.45","23.45","23.70","23.40","5.64M","0.00%"
"05/31/2022","23.45","23.85","23.80","23.45","11.98M","-1.68%"
"05/30/2022","23.85","23.90","24.00","23.85","4.47M","-0.21%"
"05/27/2022","23.90","23.85","24.00","23.90","5.05M","0.21%"
"05/26/2022","23.85","23.60","24.00","23.85","7.18M","1.06%"
"05/25/2022","23.60","24.00","23.90","23.50","15.34M","-1.67%"
"05/24/2022","24.00","24.05","24.10","24.00","24.99M","-0.21%"
"05/23/2022","24.05","24.00","24.40","24.00","8.58M","-0.21%"
"05/20/2022","24.10","24.30","24.30","24.00","6.98M","-0.82%"
"05/19/2022","24.30","24.40","24.40","24.30","4.13M","-0.41%"
"05/18/2022","24.40","24.10","24.40","24.20","3.46M","1.24%"
"05/17/2022","24.10","24.35","24.30","24.10","7.50M","-1.03%"
"05/16/2022","24.35","24.50","24.35","24.25","4.80M","-0.61%"
"05/13/2022","24.50","24.00","24.50","24.15","10.28M","2.08%"
"05/12/2022","24.00","24.50","24.50","24.00","24.48M","-1.23%"
"05/11/2022","24.30","24.25","24.50","24.15","16.21M","0.21%"
"05/10/2022","24.25","24.30","24.60","24.20","4.49M","-0.21%"
"05/09/2022","24.30","24.45","25.00","24.25","21.20M","-0.61%"
"05/06/2022","24.45","24.00","25.00","24.00","24.05M","1.88%"
"05/05/2022","24.00","24.15","24.20","23.90","29.35M","-0.62%"
"05/04/2022","24.15","24.50","24.50","24.10","15.85M","-1.43%"
"04/29/2022","24.50","24.55","24.75","24.40","8.17M","-0.20%"
"04/28/2022","24.55","24.15","24.70","24.35","2.54M","1.66%"
"04/27/2022","24.15","24.80","24.35","24.05","9.29M","-2.62%"
"04/26/2022","24.80","25.55","25.50","24.80","19.44M","-2.94%"
"04/25/2022","25.55","25.30","25.80","25.20","35.84M","0.99%"
"04/22/2022","25.30","24.30","25.30","24.00","39.90M","4.12%"
"04/21/2022","24.30","24.00","24.30","24.00","10.82M","1.25%"
"04/20/2022","24.00","24.85","24.65","23.80","23.65M","-3.42%"
"04/19/2022","24.85","25.00","25.00","24.00","13.04M","-0.60%"
"04/14/2022","25.00","25.10","25.10","24.95","31.09M","-0.40%"
"04/13/2022","25.10","25.40","25.40","24.80","43.91M","-1.18%"
"04/12/2022","25.40","24.00","25.40","24.00","27.21M","5.83%"
"04/11/2022","24.00","23.00","24.15","23.20","31.12M","4.35%"
"04/08/2022","23.00","22.80","23.00","22.80","11.95M","0.88%"
"04/07/2022","22.80","22.65","22.90","22.75","23.30M","0.66%"
"04/06/2022","22.65","22.75","22.75","22.65","10.00M","-0.44%"
"04/05/2022","22.75","22.00","23.00","22.20","12.07M","3.41%"
"04/04/2022","22.00","22.40","22.40","22.00","12.58M","-1.79%"
"04/01/2022","22.40","22.40","22.40","22.30","24.19M","0.00%"
"03/31/2022","22.40","22.75","22.75","22.40","15.25M","-1.54%"
"03/30/2022","22.75","23.25","23.10","22.50","15.84M","-2.15%"
"03/29/2022","23.25","23.55","23.60","23.25","11.71M","-1.27%"
"03/28/2022","23.55","24.10","24.00","23.40","13.10M","-12.45%"
"03/25/2022","26.90","26.60","26.90","26.55","22.05M","1.13%"
"03/24/2022","26.60","26.90","26.90","26.50","20.18M","-1.12%"
"03/23/2022","26.90","26.95","26.90","26.85","12.61M","-0.19%"
"03/22/2022","26.95","26.80","26.95","26.75","28.22M","-0.19%"
"03/21/2022","27.00","26.65","27.00","26.65","19.93M","1.31%"
"03/18/2022","26.65","26.45","26.75","26.55","8.66M","0.76%"
"03/17/2022","26.45","26.40","26.55","26.40","8.73M","0.19%"
"03/16/2022","26.40","26.80","26.80","26.40","10.03M","-1.49%"
"03/15/2022","26.80","27.00","27.00","26.80","9.64M","-0.74%"
"03/14/2022","27.00","27.00","27.10","26.95","28.46M","0.00%"
"03/11/2022","27.00","26.70","27.00","26.70","29.95M","1.12%"
"03/10/2022","26.70","26.50","26.80","24.55","14.31M","0.75%"
"03/09/2022","26.50","26.80","26.80","26.50","22.29M","-1.12%"
"03/08/2022","26.80","26.85","26.90","26.70","14.27M","-0.19%"
"03/07/2022","26.85","26.45","26.90","26.50","10.63M","1.51%"
"03/04/2022","26.45","26.70","26.65","26.35","13.01M","-0.94%"
"03/03/2022","26.70","26.95","26.90","26.50","11.86M","-0.93%"
"03/02/2022","26.95","27.00","27.00","26.35","17.51M","-0.19%"
"03/01/2022","27.00","27.10","27.20","26.95","23.08M","-0.37%"
"02/28/2022","27.10","26.95","27.20","26.90","15.49M","0.56%"
"02/25/2022","26.95","27.00","27.00","26.95","5.41M","-0.19%"
"02/24/2022","27.00","26.95","27.05","27.00","4.72M","0.19%"
"02/23/2022","26.95","26.95","27.05","26.95","11.23M","0.00%"
"02/22/2022","26.95","26.95","27.00","26.90","51.63M","0.00%"
"02/21/2022","26.95","26.80","27.00","26.80","46.33M","0.56%"
"02/18/2022","26.80","26.80","26.85","26.80","10.62M","0.00%"
"02/17/2022","26.80","26.85","26.85","26.80","11.80M","-0.19%"
"02/16/2022","26.85","26.85","26.90","26.80","17.29M","0.00%"
"02/15/2022","26.85","27.05","26.90","26.85","5.67M","-0.74%"
"02/14/2022","27.05","26.90","27.05","26.45","20.00M","0.56%"
"02/11/2022","26.90","27.40","27.30","26.90","16.59M","-1.82%"
"02/10/2022","27.40","27.10","27.40","27.15","11.65M","1.11%"
"02/09/2022","27.10","27.00","27.10","27.00","15.84M","0.37%"
"02/08/2022","27.00","26.95","27.00","26.45","24.32M","0.19%"
"02/07/2022","26.95","26.35","27.00","26.60","9.72M","2.28%"
"02/04/2022","26.35","26.15","26.35","26.30","6.00M","0.76%"
"02/03/2022","26.15","26.50","26.50","26.10","12.85M","-1.32%"
"02/02/2022","26.50","27.35","27.35","26.40","30.05M","-3.11%"
"02/01/2022","27.35","26.05","27.50","26.00","12.72M","4.99%"
"01/31/2022","26.05","25.75","26.05","25.85","17.51M","1.17%"
"01/28/2022","25.75","25.50","25.80","25.50","26.72M","0.98%"
"01/27/2022","25.50","25.40","25.50","25.45","7.84M","0.39%"
"01/26/2022","25.40","25.40","25.45","25.35","12.12M","0.00%"
"01/25/2022","25.40","25.60","25.65","25.40","17.32M","-0.78%"
"01/24/2022","25.60","25.80","25.75","25.55","4.78M","-0.78%"
"01/21/2022","25.80","25.85","25.85","25.75","8.10M","-0.19%"
"01/20/2022","25.85","25.80","25.95","25.80","9.50M","0.19%"
"01/19/2022","25.80","25.70","25.80","25.75","6.27M","0.39%"
"01/18/2022","25.70","25.50","25.80","25.50","4.28M","0.78%"
"01/17/2022","25.50","25.50","25.50","25.40","20.92M","0.00%"
"01/14/2022","25.50","25.50","25.60","25.50","10.54M","0.00%"
"01/13/2022","25.50","25.45","25.50","25.45","4.48M","0.20%"
"01/12/2022","25.45","25.40","25.45","25.35","3.89M","0.20%"
"01/11/2022","25.40","25.35","25.45","25.35","10.91M","0.20%"
"01/10/2022","25.35","25.40","25.50","25.35","12.13M","-0.20%"
"01/07/2022","25.40","25.35","25.50","25.35","11.98M","0.20%"
"01/06/2022","25.35","25.30","25.50","25.35","10.27M","0.20%"
"01/05/2022","25.30","25.30","25.35","25.25","10.88M","0.00%"
"01/04/2022","25.30","25.15","25.30","25.05","11.04M","0.60%"
"12/31/2021","25.15","25.00","26.00","25.00","70.25M","0.60%"
"12/30/2021","25.00","24.75","25.00","24.80","9.00M","1.01%"
"12/29/2021","24.75","24.40","24.85","24.75","7.94M","1.43%"
"12/24/2021","24.40","24.20","24.50","24.00","5.91M","0.83%"
"12/23/2021","24.20","24.40","24.45","24.20","5.93M","-0.82%"
"12/22/2021","24.40","24.65","24.60","24.40","3.85M","-1.01%"
"12/21/2021","24.65","24.85","24.95","24.65","6.78M","-0.80%"
"12/20/2021","24.85","24.80","24.95","24.80","3.68M","0.20%"
"12/17/2021","24.80","24.80","25.20","24.80","21.94M","0.00%"
"12/16/2021","24.80","24.80","24.90","24.70","9.62M","0.00%"
"12/15/2021","24.80","24.75","24.80","24.75","3.29M","0.20%"
"12/14/2021","24.75","25.05","25.00","24.75","3.22M","-1.20%"
"12/13/2021","25.05","25.50","25.20","24.90","9.73M","-1.76%"
"12/10/2021","25.50","24.55","25.50","24.55","13.27M","3.87%"
"12/09/2021","24.55","24.00","24.55","23.95","18.70M","2.29%"
"12/08/2021","24.00","24.00","24.00","23.90","11.92M","0.00%"
"12/07/2021","24.00","23.50","24.00","23.50","11.28M","2.13%"
"12/06/2021","23.50","23.50","23.50","23.40","10.25M","0.00%"
"12/03/2021","23.50","23.55","23.80","23.50","8.03M","-0.21%"
"12/02/2021","23.55","24.00","24.00","23.55","14.56M","-1.88%"
"12/01/2021","24.00","23.95","24.05","23.95","18.34M","0.21%"
"11/30/2021","23.95","24.20","24.15","23.95","38.97M","-1.03%"
"11/29/2021","24.20","24.35","24.20","24.10","12.78M","-0.62%"
"11/26/2021","24.35","24.45","24.40","24.30","13.15M","-0.41%"
"11/25/2021","24.45","24.45","24.50","24.40","22.89M","0.00%"
"11/24/2021","24.45","24.20","24.45","24.20","37.41M","1.03%"
"11/23/2021","24.20","24.20","24.50","24.20","13.43M","0.00%"
"11/22/2021","24.20","23.90","24.20","23.90","11.74M","1.26%"
"11/19/2021","23.90","24.10","24.15","23.90","7.55M","-0.83%"
"11/18/2021","24.10","24.10","24.20","24.10","4.63M","0.00%"
"11/17/2021","24.10","24.05","24.95","24.05","7.56M","0.21%"
"11/16/2021","24.05","24.05","24.15","24.00","6.47M","0.00%"
"11/15/2021","24.05","24.00","24.10","23.95","16.16M","0.21%"
"11/12/2021","24.00","24.00","24.00","23.95","9.67M","0.00%"
"11/11/2021","24.00","24.10","24.10","24.00","12.52M","-0.41%"
"11/10/2021","24.10","24.40","24.40","24.10","11.42M","-1.23%"
"11/09/2021","24.40","24.50","24.50","24.40","17.48M","-0.41%"
"11/08/2021","24.50","24.60","24.60","24.40","32.62M","-0.41%"
"11/05/2021","24.60","24.50","24.85","24.60","1.68M","0.41%"
"11/04/2021","24.50","24.50","24.60","24.50","5.31M","0.00%"
"11/03/2021","24.50","25.00","25.00","24.50","5.76M","-2.00%"
"11/02/2021","25.00","25.15","25.10","25.00","29.90M","-0.60%"
"11/01/2021","25.15","25.25","25.30","25.00","13.49M","-0.40%"
"10/29/2021","25.25","25.05","25.25","25.00","9.00M","0.80%"
"10/28/2021","25.05","25.00","25.20","24.95","5.54M","0.20%"
"10/27/2021","25.00","24.80","25.00","24.85","5.72M","0.81%"
"10/26/2021","24.80","24.90","25.00","24.65","7.82M","-0.40%"
"10/25/2021","24.90","25.00","25.00","24.90","7.29M","-0.40%"
"10/22/2021","25.00","24.95","25.00","24.90","8.98M","0.20%"
"10/21/2021","24.95","24.95","25.00","24.90","6.16M","0.00%"
"10/20/2021","24.95","24.85","25.05","24.85","11.94M","0.40%"
"10/18/2021","24.85","24.70","25.00","24.70","7.04M","0.61%"
"10/15/2021","24.70","24.70","24.90","24.50","5.11M","0.00%"
"10/14/2021","24.70","24.80","24.80","24.70","9.80M","-0.40%"
"10/13/2021","24.80","24.55","24.80","24.60","4.15M","1.02%"
"10/12/2021","24.55","24.55","24.60","24.55","6.70M","0.00%"
"10/11/2021","24.55","24.50","24.70","24.50","12.23M","0.20%"
"10/08/2021","24.50","24.15","24.50","24.30","3.92M","1.45%"
"10/07/2021","24.15","24.05","24.30","24.00","11.66M","0.42%"
"10/06/2021","24.05","23.90","24.40","23.90","11.63M","0.63%"
"10/05/2021","23.90","23.50","23.95","23.55","9.22M","1.70%"
"10/04/2021","23.50","23.45","23.55","23.50","9.38M","0.21%"
"09/30/2021","23.45","23.50","23.60","23.30","10.51M","-0.21%"
"09/29/2021","23.50","23.30","23.50","23.20","12.11M","0.86%"
"09/28/2021","23.30","23.45","23.45","23.30","5.75M","-0.64%"
"09/27/2021","23.45","23.50","23.50","23.45","4.82M","-0.21%"
"09/24/2021","23.50","22.85","23.50","22.85","12.02M","2.84%"
"09/23/2021","22.85","22.90","22.90","22.80","9.20M","-0.22%"
"09/22/2021","22.90","22.95","22.95","22.80","11.76M","-0.22%"
"09/21/2021","22.95","23.50","23.40","22.70","14.20M","-2.34%"
"09/20/2021","23.50","23.80","23.70","23.50","5.66M","-1.26%"
"09/17/2021","23.80","23.65","23.80","23.65","9.95M","0.63%"
"09/16/2021","23.65","23.65","23.65","23.50","8.49M","0.00%"
"09/15/2021","23.65","23.80","23.75","23.50","9.71M","-0.63%"
"09/14/2021","23.80","23.70","23.80","23.60","8.32M","0.42%"
"09/13/2021","23.70","23.70","24.00","23.70","4.19M","-1.25%"
"09/10/2021","24.00","23.80","24.00","23.45","10.22M","0.84%"
"09/09/2021","23.80","24.00","24.10","23.50","9.14M","-0.83%"
"09/08/2021","24.00","24.20","24.20","24.00","7.41M","-0.83%"
"09/07/2021","24.20","24.25","24.30","24.20","14.30M","-0.21%"
"09/06/2021","24.25","24.10","24.25","24.15","7.45M","0.62%"
"09/03/2021","24.10","24.05","24.30","24.00","7.01M","0.21%"
"09/02/2021","24.05","24.00","24.05","23.95","13.71M","0.21%"
"09/01/2021","24.00","24.00","24.05","23.95","16.59M","0.00%"
"08/31/2021","24.00","24.25","24.20","23.90","10.14M","-1.03%"
"08/30/2021","24.25","24.40","24.40","24.00","9.08M","-0.61%"
"08/27/2021","24.40","24.30","24.45","24.35","16.36M","0.41%"
"08/26/2021","24.30","24.40","24.40","24.30","3.93M","-0.41%"
"08/25/2021","24.40","24.50","24.50","24.40","5.80M","-0.41%"
"08/24/2021","24.50","24.30","24.60","24.40","6.84M","0.82%"
"08/23/2021","24.30","24.30","24.40","24.30","5.59M","0.00%"
"08/20/2021","24.30","24.25","24.45","24.25","8.89M","0.21%"
"08/19/2021","24.25","24.20","24.30","24.10","5.81M","0.21%"
"08/18/2021","24.20","24.20","24.25","24.20","8.51M","0.00%"
"08/17/2021","24.20","24.25","24.25","24.20","3.55M","-0.21%"
"08/16/2021","24.25","24.40","24.40","24.00","5.38M","-0.61%"
"08/13/2021","24.40","24.30","24.40","24.25","7.68M","0.41%"
"08/12/2021","24.30","24.20","24.45","24.25","11.07M","0.41%"
"08/11/2021","24.20","24.10","24.25","24.15","3.31M","0.41%"
"08/10/2021","24.10","24.25","24.20","24.10","6.90M","-0.62%"
"08/09/2021","24.25","24.35","24.35","24.25","4.29M","-0.41%"
"08/06/2021","24.35","24.40","24.40","24.35","6.01M","-0.20%"
"08/05/2021","24.40","24.50","24.50","24.40","11.94M","-0.41%"
"08/04/2021","24.50","24.40","24.50","24.40","1.67M","0.41%"
"08/03/2021","24.40","24.60","24.50","24.40","7.19M","-0.81%"
"08/02/2021","24.60","24.55","24.65","24.55","7.84M","0.20%"
"07/30/2021","24.55","24.45","24.70","24.55","2.73M","0.41%"
"07/29/2021","24.45","24.40","24.50","24.35","6.01M","0.20%"
"07/28/2021","24.40","24.80","24.75","24.40","10.98M","-1.61%"
"07/27/2021","24.80","24.65","24.85","24.70","7.06M","0.61%"
"07/26/2021","24.65","24.85","24.90","24.65","8.06M","-0.80%"
"07/23/2021","24.85","24.65","25.00","24.65","24.29M","0.81%"
"07/22/2021","24.65","24.45","24.70","24.55","10.01M","0.82%"
"07/19/2021","24.45","24.45","24.60","24.10","3.64M","0.00%"
"07/16/2021","24.45","24.30","24.65","24.20","6.63M","0.62%"
"07/15/2021","24.30","24.00","24.30","24.20","3.56M","1.25%"
"07/14/2021","24.00","24.30","24.30","24.00","17.65M","-1.23%"
"07/13/2021","24.30","24.40","24.85","24.30","6.47M","-0.41%"
"07/12/2021","24.40","24.95","25.00","24.15","35.32M","-2.20%"
"07/09/2021","24.95","25.00","24.95","24.90","9.87M","-0.20%"
"07/08/2021","25.00","25.00","25.00","24.80","22.82M","0.00%"
"07/07/2021","25.00","24.80","25.00","24.25","27.54M","0.81%"
"07/06/2021","24.80","24.10","24.80","24.15","11.45M","2.90%"
"07/05/2021","24.10","24.00","24.15","23.95","13.31M","0.42%"
"07/02/2021","24.00","23.90","24.00","23.90","17.88M","0.42%"
"07/01/2021","23.90","23.75","23.90","23.75","9.82M","0.63%"
"06/30/2021","23.75","23.75","23.80","23.75","11.16M","0.00%"
"06/29/2021","23.75","23.65","23.85","23.70","11.13M","0.42%"
"06/28/2021","23.65","23.80","23.75","23.55","8.81M","-0.63%"
"06/25/2021","23.80","23.80","23.85","23.65","8.58M","0.00%"
"06/24/2021","23.80","23.50","23.80","23.50","13.57M","1.28%"
"06/23/2021","23.50","23.80","23.75","23.50","33.68M","-1.26%"
"06/22/2021","23.80","23.90","23.95","23.80","10.47M","-0.42%"
"06/21/2021","23.90","23.80","23.90","23.60","16.14M","0.42%"
"06/18/2021","23.80","23.50","23.80","23.45","44.97M","1.28%"
"06/17/2021","23.50","23.40","23.55","23.20","15.74M","0.43%"
"06/16/2021","23.40","23.35","23.40","23.25","9.76M","0.21%"
"06/15/2021","23.35","23.15","23.35","23.15","25.83M","0.86%"
"06/11/2021","23.15","23.10","23.20","23.10","25.72M","0.22%"
"06/10/2021","23.10","22.95","23.10","23.00","27.32M","0.65%"
"06/09/2021","22.95","22.90","22.95","22.90","20.76M","0.22%"
"06/08/2021","22.90","22.95","22.95","22.90","15.25M","-0.22%"
"06/07/2021","22.95","23.00","23.00","22.95","15.94M","-0.22%"
"06/04/2021","23.00","23.00","23.00","22.95","3.34M","0.00%"
"06/03/2021","23.00","22.95","23.00","22.95","27.51M","0.22%"
"06/02/2021","22.95","22.85","23.00","22.95","5.28M","0.44%"
"06/01/2021","22.85","23.00","23.00","22.85","20.48M","-0.65%"
"05/31/2021","23.00","23.00","23.00","22.95","20.93M","0.00%"
"05/28/2021","23.00","22.90","23.00","22.95","20.24M","0.44%"
"05/27/2021","22.90","22.80","23.00","22.90","5.85M","0.44%"
"05/26/2021","22.80","23.05","23.00","22.80","22.10M","-1.08%"
"05/25/2021","23.05","23.05","23.05","23.00","28.19M","0.00%"
"05/24/2021","23.05","23.00","23.05","23.00","7.21M","0.22%"
"05/21/2021","23.00","23.00","23.00","23.00","3.21M","0.00%"
"05/20/2021","23.00","23.00","23.05","22.95","27.57M","0.00%"
"05/19/2021","23.00","23.50","23.30","23.00","9.64M","-2.13%"
"05/18/2021","23.50","23.70","23.60","23.35","18.55M","-0.84%"
"05/17/2021","23.70","23.70","23.70","23.50","52.68M","0.00%"
"05/14/2021","23.70","23.25","23.80","23.25","32.03M","1.94%"
"05/11/2021","23.25","23.00","23.40","23.00","26.42M","1.09%"
"05/10/2021","23.00","22.20","24.00","22.25","44.00M","3.60%"
"05/07/2021","22.20","21.95","22.20","21.90","25.51M","1.14%"
"05/06/2021","21.95","21.30","22.00","21.60","29.43M","3.05%"
"05/05/2021","21.30","22.00","22.00","21.30","25.03M","-3.18%"
"05/04/2021","22.00","22.25","22.60","22.00","58.00M","-1.12%"
"04/30/2021","22.25","22.15","22.25","22.05","15.61M","0.45%"
"04/29/2021","22.15","22.10","22.15","22.05","9.83M","0.23%"
"04/28/2021","22.10","22.10","22.45","22.00","16.58M","0.00%"
"04/27/2021","22.10","22.20","22.25","22.10","14.78M","-0.45%"
"04/26/2021","22.20","22.30","22.30","22.05","14.25M","-0.45%"
"04/23/2021","22.30","22.00","22.30","22.15","5.03M","1.36%"
"04/22/2021","22.00","22.30","22.30","22.00","28.75M","-1.35%"
"04/21/2021","22.30","22.25","22.50","22.00","12.47M","0.22%"
"04/20/2021","22.25","21.65","22.35","21.70","26.18M","2.77%"
"04/19/2021","21.65","21.50","21.70","21.50","18.17M","0.70%"
"04/16/2021","21.50","21.80","21.85","21.50","6.14M","-1.38%"
"04/15/2021","21.80","22.00","21.90","21.55","5.72M","-0.91%"
"04/14/2021","22.00","21.90","22.05","21.90","19.62M","0.46%"
"04/13/2021","21.90","22.00","22.10","21.05","10.94M","-0.45%"
"04/12/2021","22.00","21.95","22.15","22.00","4.54M","0.23%"
"04/09/2021","21.95","21.80","22.00","21.80","7.33M","0.69%"
"04/08/2021","21.80","21.00","21.90","21.20","17.58M","3.81%"
"04/07/2021","21.00","21.90","21.90","20.65","55.03M","-4.11%"
"04/06/2021","21.90","22.10","22.05","21.85","16.59M","-0.90%"
"04/01/2021","22.10","22.55","22.55","22.05","6.72M","-2.00%"
"03/31/2021","22.55","22.60","22.65","22.50","22.14M","-0.22%"
"03/30/2021","22.60","22.05","22.95","22.10","24.91M","2.49%"
"03/29/2021","22.05","22.00","22.15","21.95","12.69M","0.23%"
"03/26/2021","22.00","22.00","22.05","21.95","21.01M","0.00%"
"03/25/2021","22.00","22.00","22.05","22.00","12.09M","0.00%"
"03/24/2021","22.00","22.00","22.05","21.95","16.67M","0.00%"
"03/23/2021","22.00","22.50","22.50","21.95","22.53M","-2.22%"
"03/22/2021","22.50","22.50","22.60","22.40","25.00M","0.00%"
"03/19/2021","22.50","22.00","22.70","22.10","66.10M","2.27%"
"03/18/2021","22.00","20.50","22.00","20.55","32.84M","7.32%"
"03/17/2021","20.50","20.30","20.60","19.50","28.45M","0.99%"
"03/16/2021","20.30","21.20","21.15","20.30","15.19M","-4.25%"
"03/15/2021","21.20","21.35","21.40","21.15","7.67M","-0.70%"
"03/12/2021","21.35","21.45","21.50","21.30","10.47M","-0.47%"
"03/11/2021","21.45","21.75","21.75","21.40","11.50M","-1.38%"
"03/10/2021","21.75","21.75","21.95","21.75","12.13M","0.00%"
"03/09/2021","21.75","22.20","22.20","21.10","35.77M","-12.65%"
"03/08/2021","24.90","25.30","25.40","24.70","66.50M","-1.58%"
"03/05/2021","25.30","25.30","25.40","24.95","46.85M","0.00%"
"03/04/2021","25.30","25.55","25.65","25.30","38.65M","-0.98%"
"03/03/2021","25.55","25.65","25.75","25.55","41.38M","-0.39%"
"03/02/2021","25.65","25.80","25.85","25.50","48.10M","-0.58%"
"03/01/2021","25.80","25.45","25.85","25.45","20.62M","1.38%"
"02/26/2021","25.45","25.90","25.90","25.30","26.61M","-1.55%"
"02/25/2021","25.85","26.30","26.20","25.85","24.57M","-1.71%"
"02/24/2021","26.30","26.15","26.75","26.10","154.62M","1.15%"
"02/23/2021","26.00","24.80","26.05","24.70","52.67M","4.84%"
"02/22/2021","24.80","24.70","25.00","24.75","21.75M","0.40%"
"02/19/2021","24.70","24.10","24.75","24.40","17.58M","2.49%"
"02/18/2021","24.10","25.00","25.00","23.90","37.74M","-3.60%"
"02/17/2021","25.00","25.00","25.30","24.90","13.98M","0.00%"
"02/16/2021","25.00","25.15","25.35","25.00","25.99M","-0.60%"
"02/15/2021","25.15","25.00","25.15","25.00","21.51M","0.60%"
"02/12/2021","25.00","24.80","25.00","24.55","55.60M","0.81%"
"02/11/2021","24.80","25.00","24.80","22.80","37.10M","-0.80%"
"02/10/2021","25.00","25.80","25.70","25.00","43.74M","-3.10%"
"02/09/2021","25.80","26.00","26.05","25.80","25.08M","-0.77%"
"02/08/2021","26.00","26.00","26.10","25.95","14.17M","0.00%"
"02/05/2021","26.00","26.50","26.50","25.65","52.78M","-2.80%"
"02/04/2021","26.75","26.95","26.90","26.45","29.54M","-0.74%"
"02/03/2021","26.95","26.30","26.95","26.25","31.50M","2.47%"
"02/02/2021","26.30","27.15","27.20","26.30","38.58M","-3.13%"
"02/01/2021","27.15","27.20","27.35","27.10","31.52M","-0.18%"
"01/29/2021","27.20","27.00","27.50","27.00","44.96M","0.00%"
"01/28/2021","27.20","26.40","27.30","26.35","35.23M","3.03%"
"01/27/2021","26.40","26.25","26.50","26.25","47.16M","0.57%"
"01/26/2021","26.25","26.50","26.35","26.20","19.06M","-0.94%"
"01/25/2021","26.50","26.50","26.55","26.25","15.87M","0.00%"
"01/22/2021","26.50","26.45","26.50","26.40","25.71M","0.19%"
"01/21/2021","26.45","26.30","26.50","26.20","26.79M","0.57%"
"01/20/2021","26.30","26.20","26.30","26.00","13.83M","0.38%"
"01/19/2021","26.20","26.15","26.50","26.10","28.52M","0.19%"
"01/18/2021","26.15","26.55","26.55","25.90","31.38M","-0.57%"
"01/15/2021","26.30","26.40","26.80","26.30","36.27M","-0.38%"
"01/14/2021","26.40","25.90","26.50","26.00","42.81M","1.93%"
"01/13/2021","25.90","25.80","26.00","25.70","45.77M","0.39%"
"01/12/2021","25.80","25.85","25.85","25.55","16.54M","-0.19%"
"01/11/2021","25.85","25.65","25.90","25.65","13.36M","0.78%"
"01/08/2021","25.65","25.30","25.75","25.30","23.69M","1.38%"
"01/07/2021","25.30","25.10","25.45","25.10","12.98M","0.80%"
"01/06/2021","25.10","24.60","25.10","24.60","12.53M","2.03%"
"01/05/2021","24.60","25.70","25.70","24.50","31.71M","-4.28%"
"01/04/2021","25.70","24.80","26.00","25.70","8.77M","3.63%"
"12/31/2020","24.80","25.00","25.00","24.75","44.04M","-0.60%"
"12/30/2020","24.95","25.00","25.30","24.90","27.54M","-0.20%"
"12/29/2020","25.00","24.50","25.15","24.55","29.90M","2.04%"
"12/24/2020","24.50","24.50","25.40","24.50","84.43M","0.00%"
"12/23/2020","24.50","24.50","24.65","24.45","43.18M","0.00%"
"12/22/2020","24.50","24.30","24.60","24.10","59.02M","0.82%"
"12/21/2020","24.30","24.80","24.80","24.00","12.25M","-2.02%"
"12/18/2020","24.80","24.75","25.00","24.70","20.22M","0.20%"
"12/17/2020","24.75","24.10","24.75","24.50","15.77M","2.70%"
"12/16/2020","24.10","23.50","24.95","23.65","19.34M","2.55%"
"12/15/2020","23.50","22.60","23.50","22.80","23.42M","3.98%"
"12/14/2020","22.60","22.70","22.75","22.60","38.63M","-0.44%"
"12/11/2020","22.70","22.00","23.10","22.00","47.77M","3.18%"
"12/10/2020","22.00","23.45","23.30","21.85","65.04M","-6.18%"
"12/09/2020","23.45","23.40","23.55","23.40","29.72M","0.21%"
"12/08/2020","23.40","23.70","23.70","23.20","33.86M","-1.27%"
"12/07/2020","23.70","23.95","23.90","23.70","14.75M","-1.04%"
"12/04/2020","23.95","23.55","23.95","23.50","14.93M","1.70%"
"12/03/2020","23.55","24.00","24.05","23.55","31.20M","-1.88%"
"12/02/2020","24.00","24.40","24.30","24.00","44.02M","-1.64%"
"12/01/2020","24.40","24.00","24.40","23.50","9.39M","1.67%"
"11/30/2020","24.00","24.45","24.45","24.00","47.02M","-1.84%"
"11/27/2020","24.45","24.50","24.55","24.40","15.38M","-0.20%"
"11/26/2020","24.50","24.50","25.00","24.50","40.57M","0.00%"
"11/25/2020","24.50","24.10","25.30","24.50","59.22M","1.66%"
"11/24/2020","24.10","24.15","24.15","24.00","71.93M","-0.21%"
"11/23/2020","24.15","25.60","25.60","23.15","79.74M","-5.66%"
"11/20/2020","25.60","26.05","26.30","25.25","44.33M","-1.73%"
"11/19/2020","26.05","26.70","26.80","26.05","20.33M","-2.43%"
"11/18/2020","26.70","25.90","27.15","25.20","57.30M","3.09%"
"11/17/2020","25.90","26.00","25.95","24.50","46.34M","-0.38%"
"11/16/2020","26.00","27.15","27.15","25.65","94.03M","-4.24%"
"11/13/2020","27.15","28.15","28.50","25.45","163.52M","-3.55%"
"11/12/2020","28.15","25.60","28.15","25.60","161.38M","9.96%"
"11/11/2020","25.60","24.50","25.65","24.00","60.81M","4.49%"
"11/10/2020","24.50","23.95","24.50","23.40","67.91M","2.30%"
"11/09/2020","23.95","22.30","24.00","22.95","70.22M","7.40%"
"11/06/2020","22.30","21.90","22.30","21.95","29.51M","1.83%"
"11/05/2020","21.90","21.85","22.00","21.80","35.99M","0.23%"
"11/04/2020","21.85","21.85","21.95","21.75","21.87M","0.00%"
"11/03/2020","21.85","21.95","21.90","21.70","41.10M","-0.46%"
"11/02/2020","21.95","22.10","22.90","21.75","47.03M","-0.68%"
"10/30/2020","22.10","21.50","22.20","21.50","75.23M","2.79%"
"10/28/2020","21.50","21.45","21.70","21.15","46.66M","0.23%"
"10/27/2020","21.45","21.15","21.45","21.20","18.86M","1.42%"
"10/26/2020","21.15","21.00","21.20","21.10","47.79M","0.71%"
"10/23/2020","21.00","20.65","21.20","20.60","19.56M","1.69%"
"10/22/2020","20.65","20.80","20.65","20.05","39.58M","-0.72%"
"10/21/2020","20.80","20.50","20.80","19.30","39.61M","-1.19%"
"10/20/2020","21.05","21.00","21.10","20.55","27.16M","0.24%"
"10/19/2020","21.00","21.55","21.50","20.75","43.00M","-2.55%"
"10/16/2020","21.55","20.00","21.65","20.10","73.93M","7.75%"
"10/15/2020","20.00","20.00","20.45","19.95","67.23M","0.00%"
"10/14/2020","20.00","20.00","20.05","19.95","53.05M","0.00%"
"10/13/2020","20.00","19.95","20.00","19.80","14.83M","0.25%"
"10/12/2020","19.95","20.00","20.05","19.95","47.22M","-0.25%"
"10/09/2020","20.00","20.05","20.50","19.75","49.97M","-0.50%"
"10/08/2020","20.10","19.55","20.70","19.60","74.23M","2.81%"
"10/07/2020","19.55","20.80","22.00","19.15","120.62M","-6.01%"
"10/06/2020","20.80","19.00","20.80","19.10","135.70M","9.47%"
"10/05/2020","19.00","18.05","19.20","18.20","204.69M","5.26%"
"10/02/2020","18.05","17.85","18.10","17.90","132.33M","1.12%"
"09/30/2020","17.85","17.50","17.95","17.55","24.87M","2.00%"
"09/29/2020","17.50","17.30","17.50","17.30","90.88M","1.16%"
"09/28/2020","17.30","17.30","17.45","17.30","89.51M","0.00%"
"09/25/2020","17.30","17.10","17.40","17.25","50.75M","1.17%"
"09/24/2020","17.10","17.00","17.20","17.00","44.54M","0.59%"
"09/23/2020","17.00","16.70","17.00","16.75","28.45M","1.80%"
"09/22/2020","16.70","16.70","16.70","16.65","45.88M","0.00%"
"09/21/2020","16.70","16.70","16.85","16.65","11.66M","0.00%"
"09/18/2020","16.70","16.70","16.75","16.65","16.00M","0.00%"
"09/17/2020","16.70","16.70","16.80","16.60","25.08M","-1.76%"
"09/16/2020","17.00","17.20","17.20","16.95","17.99M","-1.16%"
"09/15/2020","17.20","17.25","17.25","17.05","18.78M","-0.29%"
"09/14/2020","17.25","17.20","17.25","17.10","13.24M","0.29%"
"09/11/2020","17.20","16.95","17.20","16.95","17.73M","1.47%"
"09/10/2020","16.95","16.50","17.05","16.05","33.16M","3.35%"
"09/09/2020","16.40","16.90","16.90","16.40","35.84M","-2.96%"
"09/08/2020","16.90","17.30","17.30","16.90","26.04M","-2.31%"
"09/07/2020","17.30","17.40","17.50","17.25","30.82M","-0.57%"
"09/04/2020","17.40","17.20","17.45","17.20","78.60M","1.16%"
"09/03/2020","17.20","16.95","17.20","17.00","25.49M","1.47%"
"09/02/2020","16.95","16.85","16.95","16.85","13.05M","0.59%"
"09/01/2020","16.85","16.75","16.85","16.75","7.23M","0.60%"
"08/31/2020","16.75","16.85","16.90","16.65","23.90M","-0.59%"
"08/28/2020","16.85","16.85","16.90","16.85","4.75M","0.00%"
"08/27/2020","16.85","16.95","17.00","16.85","7.44M","-0.59%"
"08/26/2020","16.95","16.95","17.00","16.90","10.20M","0.00%"
"08/25/2020","16.95","16.85","17.00","16.80","10.43M","0.59%"
"08/24/2020","16.85","16.80","16.95","16.80","45.46M","0.30%"
"08/21/2020","16.80","16.90","16.95","16.75","19.08M","-0.59%"
"08/20/2020","16.90","16.90","17.00","16.85","9.65M","0.00%"
"08/19/2020","16.90","16.75","16.90","16.70","35.94M","0.90%"
"08/18/2020","16.75","16.70","16.75","16.70","35.84M","0.30%"
"08/17/2020","16.70","16.70","16.80","16.70","18.60M","0.00%"
"08/14/2020","16.70","16.75","16.75","16.65","58.05M","-0.30%"
"08/13/2020","16.75","16.75","16.80","16.75","25.66M","0.00%"
"08/12/2020","16.75","16.85","16.85","16.70","15.21M","-0.59%"
"08/11/2020","16.85","16.80","16.85","16.80","15.31M","0.30%"
"08/10/2020","16.80","16.90","16.90","16.60","7.19M","-0.59%"
"08/07/2020","16.90","16.70","16.95","16.80","11.34M","1.20%"
"08/06/2020","16.70","16.50","16.70","16.65","6.05M","1.21%"
"08/05/2020","16.50","16.95","17.00","16.50","30.79M","-2.65%"
"08/04/2020","16.95","16.35","16.95","16.35","6.98M","3.67%"
"08/03/2020","16.35","16.30","16.40","16.30","8.20M","0.31%"
"07/29/2020","16.30","16.35","16.30","16.15","5.18M","-0.31%"
"07/28/2020","16.35","15.90","16.35","16.10","6.63M","2.83%"
"07/27/2020","15.90","15.50","16.25","15.80","7.21M","2.58%"
"07/24/2020","15.50","15.55","15.70","15.50","34.57M","-0.32%"
"07/23/2020","15.55","15.55","15.60","15.50","17.94M","0.00%"
"07/22/2020","15.55","15.55","15.60","15.50","8.66M","0.00%"
"07/21/2020","15.55","15.65","15.65","15.50","17.87M","-0.64%"
"07/20/2020","15.65","15.75","15.75","15.60","14.19M","-0.63%"
"07/17/2020","15.75","15.75","15.90","15.70","8.28M","0.00%"
"07/16/2020","15.75","15.55","15.80","15.70","4.46M","1.29%"
"07/15/2020","15.55","15.60","16.10","15.40","15.95M","-0.32%"
"07/14/2020","15.60","16.20","16.00","15.50","10.64M","-3.70%"
"07/13/2020","16.20","16.70","16.35","15.95","8.66M","-2.99%"
"07/10/2020","16.70","16.75","16.75","16.30","13.24M","-0.30%"
"07/09/2020","16.75","16.65","16.85","16.05","23.08M","0.60%"
"07/08/2020","16.65","16.35","16.65","16.35","16.78M","1.83%"
"07/07/2020","16.35","16.05","16.35","16.15","7.99M","1.87%"
"07/06/2020","16.05","15.25","16.05","15.25","8.00M","5.25%"
"07/03/2020","15.25","14.80","15.60","15.00","27.23M","3.04%"
"07/02/2020","14.80","15.70","15.60","14.80","15.54M","-5.73%"
"07/01/2020","15.70","16.10","16.05","15.70","5.72M","-2.48%"
"06/30/2020","16.10","16.20","16.15","16.10","9.81M","-0.62%"
"06/29/2020","16.20","16.20","16.25","16.10","10.25M","0.00%"
"06/26/2020","16.20","16.15","16.20","16.20","3.99M","0.31%"
"06/25/2020","16.15","16.40","16.40","16.10","18.95M","-1.52%"
"06/24/2020","16.40","16.25","16.40","16.25","21.35M","0.92%"
"06/23/2020","16.25","16.15","16.25","16.15","8.06M","0.62%"
"06/22/2020","16.15","16.15","16.25","16.15","10.43M","0.00%"
"06/19/2020","16.15","16.15","16.35","16.15","12.66M","0.00%"
"06/18/2020","16.15","16.25","16.25","16.10","8.41M","0.00%"
"06/17/2020","16.15","16.10","16.30","16.15","6.71M","0.31%"
"06/16/2020","16.10","16.20","16.60","16.10","22.63M","-0.62%"
"06/15/2020","16.20","16.65","16.75","15.80","24.14M","-2.70%"
"06/11/2020","16.65","16.60","16.70","16.60","12.39M","0.30%"
"06/10/2020","16.60","16.90","16.90","16.60","16.44M","-1.78%"
"06/09/2020","16.90","16.90","16.95","16.80","9.95M","0.00%"
"06/08/2020","16.90","16.75","17.10","16.75","19.27M","0.90%"
"06/05/2020","16.75","16.70","16.90","16.70","22.27M","0.30%"
"06/04/2020","16.70","17.00","17.10","16.60","25.21M","-1.76%"
"06/03/2020","17.00","17.10","17.35","17.00","21.80M","-0.58%"
"06/02/2020","17.10","17.05","17.30","17.10","34.90M","0.29%"
"06/01/2020","17.05","16.90","17.30","16.90","21.58M","0.89%"
"05/29/2020","16.90","17.45","17.50","16.90","33.49M","-3.15%"
"05/28/2020","17.45","17.90","17.90","17.20","27.42M","-2.51%"
"05/27/2020","17.90","16.95","18.00","17.00","67.27M","5.60%"
"05/22/2020","16.95","17.00","16.95","16.75","44.96M","-0.29%"
"05/21/2020","17.00","16.50","17.00","16.20","57.42M","3.03%"
"05/20/2020","16.50","15.85","16.50","15.80","75.07M","4.10%"
"05/19/2020","15.85","15.50","16.00","15.50","39.75M","2.26%"
"05/18/2020","15.50","15.45","15.50","15.30","54.93M","0.32%"
"05/15/2020","15.45","15.40","15.45","15.25","18.70M","0.32%"
"05/14/2020","15.40","15.10","15.40","15.10","27.28M","1.99%"
"05/13/2020","15.10","15.05","15.10","15.05","7.41M","0.33%"
"05/12/2020","15.05","15.05","15.35","15.05","9.17M","0.00%"
"05/11/2020","15.05","15.40","15.20","15.00","12.27M","-2.27%"
"05/08/2020","15.40","15.20","15.40","15.05","14.71M","1.32%"
"05/07/2020","15.20","15.80","15.70","14.80","75.90M","-3.80%"
"05/06/2020","15.80","14.85","16.00","14.95","63.39M","6.40%"
"05/05/2020","14.85","14.35","14.90","14.30","40.31M","3.48%"
"05/04/2020","14.35","14.30","14.50","14.20","22.85M","0.35%"
"04/30/2020","14.30","14.70","14.85","14.00","25.55M","-2.72%"
"04/29/2020","14.70","14.85","14.95","14.70","21.72M","-1.01%"
"04/28/2020","14.85","14.20","14.95","14.30","27.05M","4.58%"
"04/27/2020","14.20","14.05","14.40","14.20","5.91M","1.07%"
"04/24/2020","14.05","13.90","14.30","13.95","10.95M","1.08%"
"04/23/2020","13.90","13.75","14.00","13.65","19.38M","1.09%"
"04/22/2020","13.75","13.05","13.80","13.45","30.96M","5.36%"
"04/21/2020","13.05","14.15","14.00","13.00","52.20M","-7.77%"
"04/20/2020","14.15","15.00","15.00","14.10","26.03M","-5.67%"
"04/17/2020","15.00","14.35","15.30","13.85","29.90M","4.53%"
"04/16/2020","14.35","15.90","15.90","14.35","84.56M","-9.75%"
"04/15/2020","15.90","14.45","15.90","14.45","72.10M","9.66%"
"04/14/2020","14.50","14.00","14.75","13.70","35.59M","3.57%"
"04/09/2020","14.00","13.25","14.00","13.05","28.28M","5.66%"
"04/08/2020","13.25","12.95","13.25","12.90","30.29M","2.32%"
"04/07/2020","12.95","12.05","13.00","12.25","28.58M","7.47%"
"04/06/2020","12.05","11.90","12.15","12.00","32.53M","1.26%"
"04/03/2020","11.90","11.75","11.95","11.10","27.75M","8.18%"
"04/02/2020","11.00","11.40","11.35","10.95","100.83M","-3.51%"
"04/01/2020","11.40","11.70","11.85","11.35","38.67M","-2.56%"
"03/31/2020","11.70","11.95","12.10","11.65","29.65M","-2.09%"
"03/30/2020","11.95","12.60","12.10","11.45","48.19M","-5.16%"
"03/27/2020","12.60","12.60","12.80","12.30","42.87M","4.13%"
"03/26/2020","12.10","11.75","12.15","11.95","40.60M","2.98%"
"03/25/2020","11.75","10.95","11.95","11.40","44.70M","7.31%"
"03/24/2020","10.95","10.70","11.05","10.75","77.91M","2.34%"
"03/23/2020","10.70","11.85","11.85","10.70","120.46M","-9.70%"
"03/20/2020","11.85","12.15","12.35","11.80","95.40M","-2.47%"
"03/19/2020","12.15","13.50","13.50","12.15","118.45M","-10.00%"
"03/18/2020","13.50","13.50","13.85","13.05","147.01M","0.00%"
"03/17/2020","13.50","12.80","13.70","13.05","173.94M","5.47%"
"03/16/2020","12.80","12.00","13.05","11.25","133.17M","7.56%"
"03/13/2020","11.90","11.00","11.90","10.95","161.14M","9.68%"
"03/12/2020","10.85","10.85","11.00","10.85","433.16M","-9.96%"
"03/11/2020","12.05","11.75","13.85","11.75","412.41M","-7.66%"
"03/10/2020","13.05","13.05","13.05","13.05","30.09M","-23.01%"
"03/09/2020","16.95","16.95","16.95","16.95","53.51M","-9.84%"
"03/06/2020","18.80","20.00","20.00","18.80","85.84M","-6.00%"
"03/05/2020","20.00","19.60","20.10","19.70","62.75M","2.04%"
"03/04/2020","19.60","19.60","19.80","19.15","49.37M","0.00%"
"03/03/2020","19.60","18.05","19.80","18.25","54.55M","8.59%"
"03/02/2020","18.05","18.50","18.35","17.95","44.19M","-2.43%"
"02/28/2020","18.50","19.00","19.00","17.30","45.56M","-2.63%"
"02/27/2020","19.00","19.05","19.10","19.00","45.57M","-0.26%"
"02/26/2020","19.05","19.05","19.10","19.00","31.01M","0.00%"
"02/25/2020","19.05","19.10","19.50","18.95","43.32M","-0.26%"
"02/24/2020","19.10","20.00","20.00","19.05","56.15M","-3.78%"
"02/21/2020","19.85","19.40","20.20","19.40","112.48M","2.32%"
"02/20/2020","19.40","19.50","19.55","19.35","36.72M","-0.51%"
"02/19/2020","19.50","19.50","19.60","19.45","40.00M","0.00%"
"02/18/2020","19.50","19.60","19.60","19.40","48.99M","-0.51%"
"02/17/2020","19.60","19.65","19.80","19.60","22.45M","-0.25%"
"02/14/2020","19.65","19.90","19.95","19.65","21.71M","-1.26%"
"02/13/2020","19.90","20.00","20.00","19.65","25.41M","-0.25%"
"02/12/2020","19.95","20.00","20.25","19.90","20.71M","-0.25%"
"02/11/2020","20.00","19.85","20.00","19.90","30.24M","0.76%"
"02/10/2020","19.85","19.80","20.00","19.80","18.57M","0.25%"
"02/07/2020","19.80","20.00","20.10","19.70","58.63M","-1.00%"
"02/06/2020","20.00","19.20","21.10","19.20","34.29M","4.17%"
"02/05/2020","19.20","19.20","19.90","19.00","98.13M","0.00%"
"02/04/2020","19.20","19.90","19.65","18.95","68.48M","-3.52%"
"02/03/2020","19.90","20.85","20.85","19.75","47.52M","-4.56%"
"01/31/2020","20.85","21.15","21.45","20.80","47.42M","-1.42%"
"01/30/2020","21.15","21.15","21.35","21.10","23.96M","0.00%"
"01/29/2020","21.15","21.15","21.20","21.00","46.57M","0.00%"
"01/28/2020","21.15","21.45","21.30","21.00","34.29M","-1.40%"
"01/27/2020","21.45","21.95","21.95","21.30","45.45M","-2.28%"
"01/24/2020","21.95","22.00","22.00","21.90","11.04M","-0.23%"
"01/23/2020","22.00","22.00","22.00","21.95","15.23M","0.00%"
"01/22/2020","22.00","22.35","22.20","21.50","25.73M","-1.57%"
"01/21/2020","22.35","22.75","23.00","22.35","57.81M","-1.76%"
"01/20/2020","22.75","22.30","22.75","22.30","35.00M","2.02%"
"01/17/2020","22.30","21.80","22.30","21.70","38.28M","2.29%"
"01/16/2020","21.80","21.35","21.95","21.45","71.83M","2.11%"
"01/15/2020","21.35","21.30","21.50","21.20","31.55M","0.23%"
"01/14/2020","21.30","21.70","21.80","21.25","69.72M","-1.84%"
"01/13/2020","21.70","21.85","21.90","21.60","39.50M","-0.69%"
"01/10/2020","21.85","22.00","22.10","21.80","29.18M","-0.68%"
"01/09/2020","22.00","21.80","22.00","21.50","80.78M","0.92%"
"01/08/2020","21.80","21.00","22.20","21.05","86.06M","3.81%"
"01/07/2020","21.00","20.00","21.20","19.90","73.21M","5.00%"
"01/06/2020","20.00","19.25","20.00","19.25","97.11M","3.90%"
"01/03/2020","19.25","18.70","19.30","18.75","63.54M","2.94%"
"01/02/2020","18.70","18.60","18.80","18.60","30.91M","0.54%"
"12/31/2019","18.60","18.50","18.80","18.55","29.79M","0.54%"
"12/30/2019","18.50","18.40","18.55","18.40","34.68M","0.54%"
"12/27/2019","18.40","18.15","18.50","18.40","8.69M","1.38%"
"12/24/2019","18.15","18.30","18.50","18.15","32.16M","-0.82%"
"12/23/2019","18.30","18.30","18.45","18.20","12.09M","0.00%"
"12/20/2019","18.30","18.50","18.60","18.30","23.85M","-1.08%"
"12/19/2019","18.50","18.70","18.70","18.45","27.37M","0.00%"
"12/18/2019","18.50","18.70","18.70","18.50","31.01M","-1.07%"
"12/17/2019","18.70","18.75","18.75","18.70","46.64M","-0.27%"
"12/16/2019","18.75","18.75","18.80","18.70","25.59M","0.00%"
"12/13/2019","18.75","18.55","18.75","18.60","13.74M","1.08%"
"12/12/2019","18.55","18.50","18.60","18.50","10.85M","0.27%"
"12/11/2019","18.50","18.55","18.55","18.40","19.85M","-0.27%"
"12/10/2019","18.55","18.50","18.60","18.50","11.23M","0.27%"
"12/09/2019","18.50","18.60","18.60","18.50","24.23M","-0.54%"
"12/06/2019","18.60","18.70","18.80","18.60","18.92M","-0.53%"
"12/05/2019","18.70","18.70","18.80","18.65","25.91M","0.00%"
"12/04/2019","18.70","18.80","18.80","18.70","15.86M","-0.53%"
"12/03/2019","18.80","18.60","18.80","18.60","18.37M","1.08%"
"12/02/2019","18.60","18.60","18.90","18.55","21.78M","0.00%"
"11/29/2019","18.60","18.60","18.70","18.45","27.18M","0.00%"
"11/28/2019","18.60","18.50","18.70","18.50","10.37M","0.54%"
"11/27/2019","18.50","18.35","18.55","18.45","22.51M","0.82%"
"11/26/2019","18.35","18.60","18.90","18.35","24.11M","-1.34%"
"11/25/2019","18.60","18.65","19.50","18.60","42.34M","-0.27%"
"11/22/2019","18.65","18.60","18.80","18.60","26.12M","0.27%"
"11/21/2019","18.60","18.80","18.85","18.60","18.31M","-1.06%"
"11/20/2019","18.80","18.50","18.85","18.50","24.09M","1.62%"
"11/19/2019","18.50","18.70","18.70","18.50","21.01M","-1.07%"
"11/18/2019","18.70","18.85","18.95","18.70","29.54M","-0.80%"
"11/15/2019","18.85","19.15","20.00","18.60","71.03M","-1.57%"
"11/14/2019","19.15","17.80","19.55","17.80","167.92M","7.58%"
"11/13/2019","17.80","17.40","17.80","17.15","336.61M","2.30%"
"11/12/2019","17.40","17.15","17.90","17.40","86.55M","1.46%"
"11/08/2019","17.15","17.00","17.65","17.10","127.30M","0.88%"
"11/07/2019","17.00","17.35","17.35","16.95","52.94M","-2.02%"
"11/06/2019","17.35","17.35","17.50","17.35","26.46M","0.00%"
"11/05/2019","17.35","17.15","17.70","17.30","50.43M","1.17%"
"11/04/2019","17.15","17.00","17.20","17.00","45.53M","0.88%"
"11/01/2019","17.00","17.00","17.35","17.00","76.55M","0.00%"
"10/31/2019","17.00","16.95","17.45","16.80","103.69M","0.29%"
"10/30/2019","16.95","17.00","17.00","16.90","14.50M","-0.29%"
"10/29/2019","17.00","17.00","17.00","16.95","43.06M","0.00%"
"10/28/2019","17.00","17.00","17.00","16.95","22.01M","0.00%"
"10/25/2019","17.00","17.00","17.10","17.00","74.49M","0.00%"
"10/24/2019","17.00","17.00","17.20","16.95","24.06M","0.00%"
"10/23/2019","17.00","17.25","17.30","17.00","26.81M","-1.45%"
"10/22/2019","17.25","17.20","17.45","17.20","357.23M","0.29%"
"10/21/2019","17.20","17.45","17.45","17.20","12.43M","-1.43%"
"10/18/2019","17.45","17.70","17.70","17.00","21.01M","-1.41%"
"10/17/2019","17.70","17.85","17.90","17.70","11.95M","-0.84%"
"10/16/2019","17.85","17.90","18.00","17.85","14.88M","-0.28%"
"10/15/2019","17.90","17.90","17.95","17.85","11.37M","0.00%"
"10/14/2019","17.90","17.95","18.10","17.90","8.34M","-0.28%"
"10/11/2019","17.95","17.95","18.00","17.95","7.57M","0.00%"
"10/10/2019","17.95","17.95","18.00","17.95","17.51M","0.00%"
"10/09/2019","17.95","18.00","18.00","17.90","15.49M","-0.28%"
"10/08/2019","18.00","18.00","18.20","18.00","60.92M","0.00%"
"10/07/2019","18.00","18.00","18.00","17.95","6.87M","0.00%"
"10/04/2019","18.00","18.25","18.25","18.00","6.29M","-1.37%"
"10/03/2019","18.25","18.40","18.60","18.10","7.89M","-0.82%"
"10/02/2019","18.40","18.70","18.70","18.40","9.41M","-1.60%"
"09/30/2019","18.70","18.50","18.95","18.55","4.73M","1.08%"
"09/27/2019","18.50","18.35","19.00","18.50","3.71M","0.82%"
"09/26/2019","18.35","18.30","18.45","18.30","6.03M","0.27%"
"09/25/2019","18.30","18.55","18.60","18.10","16.56M","-1.35%"
"09/24/2019","18.55","19.00","18.80","18.55","6.48M","-2.37%"
"09/23/2019","19.00","18.70","19.00","18.65","4.50M","1.60%"
"09/20/2019","18.70","19.00","19.10","18.70","14.55M","-1.58%"
"09/19/2019","19.00","19.35","19.50","19.00","6.85M","-1.81%"
"09/18/2019","19.35","18.80","19.50","19.10","13.94M","2.93%"
"09/17/2019","18.80","19.10","19.20","18.80","19.99M","-1.57%"
"09/16/2019","19.10","19.05","19.60","19.05","15.75M","0.26%"
"09/13/2019","19.05","18.70","19.05","18.70","22.52M","1.87%"
"09/12/2019","18.70","18.25","18.90","18.10","5.63M","2.47%"
"09/11/2019","18.25","18.20","18.40","18.15","11.30M","0.27%"
"09/10/2019","18.20","18.00","18.30","18.00","40.30M","1.11%"
"09/09/2019","18.00","18.00","18.00","17.70","6.71M","0.00%"
"09/06/2019","18.00","17.35","18.00","17.35","31.36M","3.75%"
"09/05/2019","17.35","17.50","17.55","17.35","8.96M","-0.86%"
"09/04/2019","17.50","17.50","17.70","17.45","27.50M","0.00%"
"09/03/2019","17.50","17.55","18.10","17.45","14.24M","-0.28%"
"09/02/2019","17.55","17.20","18.90","17.35","16.15M","2.03%"
"08/30/2019","17.20","18.05","17.85","17.10","9.26M","-6.27%"
"08/29/2019","18.35","18.50","18.75","18.35","19.09M","-0.81%"
"08/28/2019","18.50","19.00","18.60","18.40","7.57M","-2.63%"
"08/27/2019","19.00","18.70","19.00","18.50","11.88M","1.60%"
"08/26/2019","18.70","18.60","18.70","18.50","18.65M","0.54%"
"08/23/2019","18.60","18.00","19.45","18.45","17.05M","3.33%"
"08/22/2019","18.00","17.50","18.10","17.80","54.31M","2.86%"
"08/21/2019","17.50","17.40","17.65","17.50","34.56M","0.57%"
"08/20/2019","17.40","17.00","17.55","17.15","34.11M","2.35%"
"08/19/2019","17.00","16.60","17.00","16.70","26.72M","2.41%"
"08/16/2019","16.60","16.25","16.90","16.40","19.35M","2.15%"
"08/15/2019","16.25","16.20","16.40","16.25","18.33M","0.31%"
"08/14/2019","16.20","16.35","16.50","16.00","34.72M","-0.92%"
"08/09/2019","16.35","16.80","17.00","16.35","35.00M","-2.68%"
"08/08/2019","16.80","17.75","17.65","16.80","39.04M","-5.35%"
"08/07/2019","17.75","18.00","17.95","17.70","8.34M","-1.39%"
"08/06/2019","18.00","18.25","18.20","17.90","10.94M","-1.37%"
"08/05/2019","18.25","18.30","18.30","18.15","19.41M","-0.27%"
"08/02/2019","18.30","18.30","18.40","18.20","16.95M","0.00%"
"08/01/2019","18.30","18.30","18.45","18.30","11.59M","0.00%"
"07/31/2019","18.30","18.40","18.45","18.30","39.14M","-0.54%"
"07/30/2019","18.40","18.45","18.50","18.30","14.97M","-0.27%"
"07/29/2019","18.45","18.50","18.55","18.45","11.26M","-0.27%"
"07/26/2019","18.50","18.50","18.50","18.45","12.15M","0.00%"
"07/25/2019","18.50","18.60","18.70","18.45","10.25M","-0.54%"
"07/24/2019","18.60","18.50","18.75","18.60","22.89M","0.54%"
"07/23/2019","18.50","18.40","18.70","18.45","12.57M","0.54%"
"07/22/2019","18.40","18.50","18.50","18.35","16.01M","-0.54%"
"07/19/2019","18.50","18.50","19.80","18.40","15.89M","0.00%"
"07/18/2019","18.50","18.60","18.65","18.50","21.27M","-0.54%"
"07/17/2019","18.60","18.70","18.70","18.60","13.28M","-0.80%"
"07/16/2019","18.75","18.80","18.80","18.50","10.97M","-0.27%"
"07/15/2019","18.80","19.00","18.95","18.70","7.78M","-1.05%"
"07/12/2019","19.00","19.10","19.60","18.90","17.36M","-0.52%"
"07/11/2019","19.10","19.20","19.70","19.05","21.13M","-0.52%"
"07/10/2019","19.20","19.20","19.30","19.10","45.13M","0.00%"
"07/09/2019","19.20","19.20","19.20","18.95","48.52M","0.00%"
"07/08/2019","19.20","19.35","19.30","19.10","14.71M","-0.78%"
"07/05/2019","19.35","19.50","19.50","19.30","23.11M","-0.77%"
"07/04/2019","19.50","19.25","19.55","19.10","12.00M","1.30%"
"07/03/2019","19.25","19.45","19.70","19.00","28.19M","-1.03%"
"07/02/2019","19.45","19.60","19.65","19.45","22.34M","-0.77%"
"07/01/2019","19.60","19.80","19.80","19.55","8.55M","-1.01%"
"06/28/2019","19.80","19.85","19.90","19.80","18.25M","-0.25%"
"06/27/2019","19.85","20.00","20.00","19.85","23.34M","-0.75%"
"06/26/2019","20.00","19.95","20.05","19.85","8.99M","0.25%"
"06/25/2019","19.95","20.20","20.20","19.95","22.20M","-0.25%"
"06/24/2019","20.00","20.00","20.05","19.95","355.21M","0.00%"
"06/21/2019","20.00","20.00","20.00","19.95","29.65M","0.00%"
"06/20/2019","20.00","20.20","20.25","20.00","19.87M","-0.99%"
"06/19/2019","20.20","20.25","20.25","20.10","5.08M","-0.25%"
"06/18/2019","20.25","20.20","20.25","20.00","409.97M","0.25%"
"06/17/2019","20.20","20.00","20.20","20.15","15.64M","1.00%"
"06/14/2019","20.00","20.10","20.20","20.00","6.46M","-0.50%"
"06/13/2019","20.10","20.15","20.10","19.90","33.99M","-0.25%"
"06/11/2019","20.15","20.25","20.25","20.10","28.16M","-0.49%"
"06/10/2019","20.25","20.35","20.40","20.20","70.25M","-0.49%"
"06/07/2019","20.35","20.40","20.50","20.20","30.38M","-0.25%"
"06/06/2019","20.40","20.25","20.50","20.35","36.02M","0.74%"
"06/03/2019","20.25","20.10","20.35","20.15","8.84M","0.75%"
"05/31/2019","20.10","20.55","20.60","20.10","11.21M","-2.19%"
"05/30/2019","20.55","20.95","21.50","20.40","39.11M","-1.91%"
"05/28/2019","20.95","19.20","20.95","19.15","52.10M","9.11%"
"05/27/2019","19.20","19.00","19.50","19.05","8.73M","1.05%"
"05/24/2019","19.00","18.80","19.35","18.90","31.69M","1.06%"
"05/23/2019","18.80","19.00","19.00","18.70","33.49M","-1.05%"
"05/22/2019","19.00","19.50","19.65","19.00","29.47M","-2.56%"
"05/21/2019","19.50","19.65","19.75","19.50","19.48M","-0.76%"
"05/20/2019","19.65","19.60","19.75","19.50","12.70M","0.26%"
"05/17/2019","19.60","19.80","19.90","19.50","17.59M","0.26%"
"05/16/2019","19.55","20.00","20.00","19.55","16.41M","-2.25%"
"05/15/2019","20.00","20.00","20.05","19.95","12.78M","0.00%"
"05/14/2019","20.00","19.70","20.10","19.60","27.02M","1.52%"
"05/13/2019","19.70","20.00","20.10","19.65","11.15M","-1.50%"
"05/10/2019","20.00","20.00","20.25","19.95","16.64M","0.00%"
"05/09/2019","20.00","20.45","20.40","20.00","28.61M","-2.20%"
"05/08/2019","20.45","20.55","20.80","20.40","32.22M","-0.49%"
"05/07/2019","20.55","20.90","20.90","20.55","22.11M","-1.67%"
"05/06/2019","20.90","21.00","21.15","20.60","10.49M","-0.48%"
"05/03/2019","21.00","21.20","21.20","20.95","16.98M","-0.94%"
"05/02/2019","21.20","21.30","21.35","21.15","6.74M","-0.47%"
"04/30/2019","21.30","21.10","21.30","21.10","25.12M","0.95%"
"04/29/2019","21.10","21.35","21.50","21.05","14.04M","-1.17%"
"04/26/2019","21.35","21.45","21.60","21.25","11.26M","-0.47%"
"04/25/2019","21.45","21.35","21.50","21.30","19.61M","0.47%"
"04/24/2019","21.35","20.90","21.40","20.90","25.77M","2.15%"
"04/23/2019","20.90","20.90","21.00","20.90","24.68M","0.00%"
"04/18/2019","20.90","20.90","21.00","20.90","27.42M","0.00%"
"04/17/2019","20.90","20.90","21.50","20.90","16.31M","0.00%"
"04/16/2019","20.90","20.50","21.70","20.90","6.10M","1.95%"
"04/15/2019","20.50","20.45","20.50","20.45","5.58M","0.24%"
"04/12/2019","20.45","20.45","20.60","20.40","29.32M","0.00%"
"04/11/2019","20.45","20.60","20.65","20.40","45.37M","-0.73%"
"04/10/2019","20.60","20.15","21.05","20.20","11.67M","2.23%"
"04/09/2019","20.15","20.20","20.30","20.10","23.35M","-0.25%"
"04/08/2019","20.20","20.35","20.35","20.15","26.64M","-0.74%"
"04/05/2019","20.35","20.50","20.50","20.30","33.01M","-0.73%"
"04/04/2019","20.50","20.40","20.50","20.30","31.94M","0.49%"
"04/03/2019","20.40","21.30","21.45","20.25","35.70M","-4.23%"
"04/02/2019","21.30","21.90","21.90","21.00","31.99M","-2.74%"
"04/01/2019","21.90","21.80","21.90","21.75","7.72M","0.46%"
"03/29/2019","21.80","21.80","21.95","21.75","25.75M","0.00%"
"03/28/2019","21.80","22.00","21.85","21.70","9.52M","-0.91%"
"03/27/2019","22.00","21.70","22.00","21.70","27.93M","1.38%"
"03/26/2019","21.70","21.50","21.95","21.65","6.33M","0.93%"
"03/25/2019","21.50","22.05","22.10","21.50","28.64M","-2.49%"
"03/22/2019","22.05","22.00","22.10","22.00","21.05M","0.23%"
"03/21/2019","22.00","22.20","22.50","21.85","30.75M","-0.90%"
"03/20/2019","22.20","21.95","22.20","21.80","22.45M","1.14%"
"03/19/2019","21.95","21.90","22.00","21.70","22.15M","0.23%"
"03/18/2019","21.90","22.00","22.00","21.75","27.58M","-0.45%"
"03/15/2019","22.00","22.20","23.50","21.70","39.60M","-0.90%"
"03/14/2019","22.20","22.40","22.40","22.00","80.78M","-0.89%"
"03/13/2019","22.40","22.55","22.40","21.20","14.59M","-0.67%"
"03/12/2019","22.55","22.75","22.75","22.40","46.46M","-0.88%"
"03/11/2019","22.75","22.45","22.95","22.50","21.30M","-8.82%"
"03/08/2019","24.95","24.60","25.00","24.70","46.69M","1.42%"
"03/07/2019","24.60","24.50","24.85","24.55","34.81M","0.41%"
"03/06/2019","24.50","24.70","24.75","24.45","45.37M","-0.81%"
"03/05/2019","24.70","24.50","25.20","24.45","24.40M","0.82%"
"03/04/2019","24.50","23.95","24.85","23.95","28.87M","2.30%"
"03/01/2019","23.95","23.90","24.35","23.90","64.51M","0.21%"
"02/28/2019","23.90","24.90","25.00","23.90","22.11M","-4.02%"
"02/27/2019","24.90","25.80","26.10","24.85","9.76M","-3.49%"
"02/26/2019","25.80","26.20","26.20","25.60","14.54M","-0.77%"
"02/25/2019","26.00","25.75","26.20","25.65","12.95M","0.97%"
"02/22/2019","25.75","25.30","25.75","25.40","4.35M","1.78%"
"02/21/2019","25.30","25.80","25.90","25.30","15.67M","-1.94%"
"02/20/2019","25.80","25.35","26.00","25.60","16.80M","1.78%"
"02/19/2019","25.35","24.00","25.40","24.00","37.34M","5.63%"
"02/18/2019","24.00","24.75","24.60","23.70","15.68M","-3.03%"
"02/15/2019","24.75","24.75","25.00","24.75","37.51M","0.00%"
"02/14/2019","24.75","24.90","24.90","24.70","40.29M","-0.60%"
"02/13/2019","24.90","25.00","25.10","24.70","44.09M","-0.40%"
"02/12/2019","25.00","24.95","26.85","24.95","63.18M","0.20%"
"02/11/2019","24.95","24.40","25.00","24.40","46.51M","2.25%"
"02/08/2019","24.40","24.45","25.75","24.40","147.03M","-0.20%"
"02/07/2019","24.45","22.80","24.45","23.00","63.43M","7.24%"
"02/06/2019","22.80","22.75","23.00","22.75","55.74M","0.22%"
"02/05/2019","22.75","22.90","22.90","22.75","20.74M","-0.66%"
"02/04/2019","22.90","22.95","23.00","22.80","10.91M","-0.22%"
"02/01/2019","22.95","22.50","23.00","22.70","7.38M","2.00%"
"01/31/2019","22.50","23.00","23.00","22.50","27.60M","-2.17%"
"01/30/2019","23.00","22.95","23.05","22.90","56.37M","0.22%"
"01/29/2019","22.95","23.45","23.30","22.95","14.89M","-2.13%"
"01/28/2019","23.45","23.00","23.45","22.00","17.57M","1.96%"
"01/25/2019","23.00","22.15","23.00","22.15","35.71M","3.84%"
"01/24/2019","22.15","22.00","22.25","22.00","36.47M","0.68%"
"01/23/2019","22.00","21.80","22.00","21.80","31.00M","0.92%"
"01/22/2019","21.80","21.50","22.00","21.50","10.89M","1.40%"
"01/21/2019","21.50","21.50","21.90","21.45","26.11M","0.00%"
"01/18/2019","21.50","21.70","21.50","21.30","49.70M","-0.92%"
"01/17/2019","21.70","21.95","21.95","21.40","19.83M","-1.14%"
"01/16/2019","21.95","21.95","22.25","21.95","16.23M","0.00%"
"01/15/2019","21.95","21.80","22.00","21.80","21.13M","0.69%"
"01/14/2019","21.80","21.85","21.85","21.75","12.32M","-0.23%"
"01/11/2019","21.85","21.60","21.90","21.50","18.98M","1.16%"
"01/10/2019","21.60","21.00","21.80","21.00","24.00M","2.86%"
"01/09/2019","21.00","20.30","21.00","20.00","25.82M","3.45%"
"01/08/2019","20.30","21.30","21.95","20.10","32.84M","-4.69%"
"01/07/2019","21.30","21.70","23.00","21.30","19.75M","-1.84%"
"01/04/2019","21.70","22.70","22.50","21.20","26.31M","-4.41%"
"01/03/2019","22.70","23.05","23.00","22.55","7.41M","-1.52%"
"01/02/2019","23.05","23.05","23.10","23.00","17.96M","0.00%"
"12/31/2018","23.05","23.30","23.45","23.00","36.43M","0.22%"
"12/28/2018","23.00","23.30","23.30","23.00","39.61M","-1.29%"
"12/27/2018","23.30","23.00","23.35","23.00","27.93M","1.30%"
"12/24/2018","23.00","22.70","23.60","22.95","9.49M","1.32%"
"12/21/2018","22.70","22.55","23.50","22.55","24.94M","0.67%"
"12/20/2018","22.55","22.60","22.60","22.30","37.29M","-0.22%"
"12/19/2018","22.60","22.90","22.90","22.50","51.90M","-1.31%"
"12/18/2018","22.90","22.90","23.00","22.85","102.39M","0.00%"
"12/17/2018","22.90","23.00","23.00","22.90","4.89M","-0.43%"
"12/14/2018","23.00","23.00","23.00","23.00","11.20M","0.00%"
"12/13/2018","23.00","23.05","23.10","23.00","17.65M","-0.22%"
"12/12/2018","23.05","23.15","24.00","23.00","55.34M","-0.43%"
"12/11/2018","23.15","23.05","23.35","23.00","58.30M","0.43%"
"12/10/2018","23.05","23.55","23.95","23.05","8.92M","-2.12%"
"12/07/2018","23.55","23.50","23.60","23.10","11.06M","0.21%"
"12/06/2018","23.50","23.85","23.70","23.50","6.76M","-1.47%"
"12/05/2018","23.85","24.00","24.00","23.85","1.71M","-0.62%"
"12/04/2018","24.00","23.60","24.00","23.75","5.43M","1.69%"
"12/03/2018","23.60","23.20","23.85","23.35","19.24M","1.72%"
"11/30/2018","23.20","23.00","23.25","23.00","20.08M","0.87%"
"11/29/2018","23.00","23.25","23.50","23.00","22.29M","-1.08%"
"11/28/2018","23.25","23.60","23.80","23.05","5.51M","-1.48%"
"11/27/2018","23.60","23.95","23.95","23.60","3.62M","-1.46%"
"11/26/2018","23.95","24.00","24.05","23.95","14.48M","-0.21%"
"11/23/2018","24.00","24.15","24.10","23.95","13.80M","-0.62%"
"11/22/2018","24.15","24.00","24.25","24.00","605.54M","0.62%"
"11/21/2018","24.00","24.10","24.15","24.00","23.99M","-0.41%"
"11/19/2018","24.10","24.00","24.15","24.00","4.78M","0.42%"
"11/16/2018","24.00","23.30","24.05","23.40","9.81M","3.00%"
"11/15/2018","23.30","24.05","24.00","23.20","9.25M","-3.12%"
"11/14/2018","24.05","24.25","24.25","24.00","20.72M","-0.82%"
"11/13/2018","24.25","24.00","24.25","24.00","6.32M","1.04%"
"11/12/2018","24.00","24.40","24.40","24.00","11.74M","-1.64%"
"11/09/2018","24.40","24.30","24.40","24.25","10.06M","0.41%"
"11/08/2018","24.30","24.00","24.30","24.10","2.16M","1.25%"
"11/07/2018","24.00","23.85","24.00","23.85","288.27M","0.63%"
"11/06/2018","23.85","23.70","23.90","23.75","10.13M","0.63%"
"11/05/2018","23.70","23.55","23.90","23.50","6.99M","0.64%"
"11/02/2018","23.55","23.20","23.60","23.45","4.11M","1.51%"
"11/01/2018","23.20","23.50","23.50","23.00","24.37M","-1.28%"
"10/31/2018","23.50","23.70","23.70","23.00","29.56M","-0.84%"
"10/30/2018","23.70","24.45","24.50","23.60","10.87M","-3.07%"
"10/29/2018","24.45","24.00","24.50","24.00","28.43M","1.88%"
"10/26/2018","24.00","24.00","24.05","23.90","14.09M","0.00%"
"10/25/2018","24.00","24.20","24.30","24.00","24.50M","-0.83%"
"10/24/2018","24.20","24.00","24.20","24.00","5.47M","0.83%"
"10/23/2018","24.00","24.00","24.05","23.95","13.28M","0.00%"
"10/22/2018","24.00","22.90","24.00","23.00","5.82M","4.80%"
"10/19/2018","22.90","22.55","22.90","22.55","8.55M","1.55%"
"10/18/2018","22.55","22.45","22.70","22.40","37.17M","0.45%"
"10/17/2018","22.45","22.70","22.75","22.45","87.05M","-1.10%"
"10/16/2018","22.70","22.35","22.70","22.50","17.27M","1.57%"
"10/15/2018","22.35","22.20","22.60","22.25","4.33M","0.68%"
"10/12/2018","22.20","22.05","22.20","22.05","13.63M","0.68%"
"10/11/2018","22.05","22.00","22.20","22.00","6.14M","0.23%"
"10/10/2018","22.00","21.90","22.10","22.00","6.92M","0.46%"
"10/09/2018","21.90","21.75","22.00","21.75","6.62M","0.69%"
"10/08/2018","21.75","21.55","21.95","21.60","5.78M","0.93%"
"10/05/2018","21.55","22.40","22.50","21.55","12.35M","-3.79%"
"10/04/2018","22.40","21.80","22.50","22.00","4.39M","2.75%"
"10/03/2018","21.80","21.50","21.80","21.70","6.71M","1.40%"
"10/02/2018","21.50","21.50","21.50","21.45","15.57M","0.00%"
"09/28/2018","21.50","21.50","21.50","21.30","11.35M","0.00%"
"09/27/2018","21.50","21.40","21.60","21.40","11.43M","0.47%"
"09/26/2018","21.40","20.45","21.50","21.00","12.34M","4.65%"
"09/25/2018","20.45","21.00","21.85","20.30","43.28M","-2.62%"
"09/24/2018","21.00","20.80","21.85","21.00","5.81M","0.96%"
"09/21/2018","20.80","20.65","21.00","20.65","82.47M","0.73%"
"09/20/2018","20.65","20.75","20.70","20.60","20.73M","-0.48%"
"09/19/2018","20.75","20.75","20.75","20.25","24.17M","0.00%"
"09/18/2018","20.75","20.25","20.75","20.20","16.43M","2.47%"
"09/17/2018","20.25","20.05","20.30","20.20","10.33M","1.00%"
"09/14/2018","20.05","19.60","20.50","19.70","51.81M","2.30%"
"09/13/2018","19.60","19.70","20.00","19.60","25.86M","-0.51%"
"09/12/2018","19.70","19.90","19.90","19.65","16.95M","-1.01%"
"09/11/2018","19.90","20.50","20.55","19.90","11.69M","-2.93%"
"09/10/2018","20.50","20.90","20.65","20.50","6.64M","-1.91%"
"09/07/2018","20.90","21.00","21.00","20.70","19.68M","-0.48%"
"09/06/2018","21.00","21.45","21.40","20.80","9.91M","-2.10%"
"09/05/2018","21.45","21.90","21.50","21.40","2.38M","-2.05%"
"09/04/2018","21.90","21.35","21.90","21.30","7.81M","2.58%"
"09/03/2018","21.35","21.00","21.50","21.20","5.88M","1.67%"
"08/31/2018","21.00","21.65","21.55","20.40","47.77M","-3.00%"
"08/30/2018","21.65","22.00","22.00","21.65","5.47M","-1.59%"
"08/29/2018","22.00","22.20","22.35","22.00","8.30M","-0.90%"
"08/28/2018","22.20","22.00","22.30","22.10","7.42M","0.91%"
"08/27/2018","22.00","21.95","22.10","22.00","10.47M","0.23%"
"08/24/2018","21.95","21.85","21.95","21.70","13.34M","0.46%"
"08/23/2018","21.85","21.85","22.20","21.85","25.99M","0.00%"
"08/20/2018","21.85","22.55","22.15","21.65","36.66M","-4.38%"
"08/17/2018","22.85","22.95","22.95","22.75","15.87M","-0.44%"
"08/16/2018","22.95","23.00","23.00","22.90","17.35M","-0.22%"
"08/15/2018","23.00","23.50","23.50","23.00","22.39M","-2.13%"
"08/14/2018","23.50","23.45","23.50","23.35","5.72M","0.21%"
"08/13/2018","23.45","23.60","23.60","23.40","12.42M","-0.64%"
"08/10/2018","23.60","23.60","23.65","23.55","11.83M","0.00%"
"08/09/2018","23.60","23.75","23.75","23.55","19.92M","-0.63%"
"08/08/2018","23.75","23.75","23.80","23.70","7.86M","0.00%"
"08/07/2018","23.75","23.95","23.80","23.70","6.49M","-0.84%"
"08/06/2018","23.95","23.85","24.25","23.70","11.47M","0.42%"
"08/03/2018","23.85","23.65","23.85","23.50","4.62M","0.85%"
"08/02/2018","23.65","23.05","23.70","23.00","5.48M","2.60%"
"08/01/2018","23.05","23.00","23.20","23.00","94.86M","0.22%"
"07/31/2018","23.00","23.70","23.65","23.00","9.44M","-2.95%"
"07/30/2018","23.70","23.70","24.00","23.70","8.38M","0.00%"
"07/27/2018","23.70","23.70","23.80","23.70","31.29M","0.00%"
"07/26/2018","23.70","23.25","23.75","23.50","30.29M","1.94%"
"07/25/2018","23.25","23.10","23.30","23.10","20.40M","0.65%"
"07/24/2018","23.10","23.05","23.25","23.05","42.72M","0.22%"
"07/23/2018","23.05","23.00","23.10","23.00","11.29M","0.22%"
"07/20/2018","23.00","22.95","23.65","22.90","64.93M","0.22%"
"07/19/2018","22.95","23.95","23.95","22.90","26.51M","-4.18%"
"07/18/2018","23.95","23.80","24.00","23.75","15.15M","0.63%"
"07/17/2018","23.80","23.95","24.00","23.80","15.42M","-0.63%"
"07/16/2018","23.95","24.00","24.00","23.85","16.61M","-0.21%"
"07/13/2018","24.00","24.00","24.00","23.95","4.19M","0.00%"
"07/12/2018","24.00","24.40","24.05","23.95","40.84M","-1.64%"
"07/11/2018","24.40","24.20","24.40","24.15","41.05M","0.83%"
"07/10/2018","24.20","24.30","24.95","24.00","39.93M","-0.41%"
"07/09/2018","24.30","24.30","25.00","24.25","13.92M","0.00%"
"07/06/2018","24.30","24.30","24.35","24.25","17.27M","0.00%"
"07/05/2018","24.30","24.30","24.50","24.15","38.30M","0.00%"
"07/04/2018","24.30","24.00","24.50","24.00","6.97M","1.25%"
"07/03/2018","24.00","24.60","24.65","24.00","16.49M","-2.44%"
"07/02/2018","24.60","25.50","25.50","24.60","8.78M","-1.60%"
"06/29/2018","25.00","25.00","25.25","24.95","50.45M","0.40%"
"06/28/2018","24.90","25.30","25.30","24.50","26.23M","-0.40%"
"06/27/2018","25.00","25.50","25.45","24.95","31.54M","-1.96%"
"06/26/2018","25.50","25.90","25.90","25.40","20.23M","-1.73%"
"06/25/2018","25.95","25.80","26.00","25.80","16.19M","0.19%"
"06/22/2018","25.90","25.95","25.90","25.60","4.16M","0.78%"
"06/21/2018","25.70","26.25","25.80","25.40","8.32M","-1.15%"
"06/20/2018","26.00","25.50","26.00","25.35","44.84M","1.96%"
"06/19/2018","25.50","26.50","26.50","25.40","35.80M","-3.41%"
"06/14/2018","26.40","26.65","26.75","26.35","8.48M","-1.31%"
"06/13/2018","26.75","27.20","27.15","26.65","7.60M","-1.65%"
"06/12/2018","27.20","27.20","27.20","27.20","1.28M","-0.37%"
"06/11/2018","27.30","27.05","27.50","27.05","3.79M","0.92%"
"06/08/2018","27.05","27.85","27.85","27.05","8.47M","-2.70%"
"06/07/2018","27.80","28.00","27.95","27.70","14.95M","-0.71%"
"06/06/2018","28.00","27.10","28.20","27.60","110.60M","3.51%"
"06/05/2018","27.05","25.80","27.05","26.10","19.96M","4.04%"
"06/04/2018","26.00","25.50","26.00","25.35","15.13M","1.96%"
"06/01/2018","25.50","25.90","25.90","25.45","55.52M","0.00%"
"05/31/2018","25.50","26.50","26.50","25.30","127.19M","-0.39%"
"05/30/2018","25.60","26.00","26.30","25.50","35.70M","-1.92%"
"05/28/2018","26.10","26.05","26.30","25.35","9.14M","-2.06%"
"05/25/2018","26.65","27.00","27.00","26.40","22.21M","-1.30%"
"05/24/2018","27.00","27.50","27.90","27.00","20.37M","-3.40%"
"05/23/2018","27.95","27.95","28.00","27.75","20.08M","0.00%"
"05/22/2018","27.95","28.00","28.05","27.95","26.46M","-0.36%"
"05/21/2018","28.05","28.30","28.05","27.95","10.09M","0.18%"
"05/18/2018","28.00","27.90","28.00","27.85","7.58M","0.36%"
"05/17/2018","27.90","27.80","28.00","27.80","170.61M","0.54%"
"05/16/2018","27.75","27.65","27.95","27.60","33.82M","0.54%"
"05/15/2018","27.60","28.60","28.60","27.60","11.73M","-4.00%"
"05/14/2018","28.75","28.65","28.90","28.55","5.54M","-0.52%"
"05/11/2018","28.90","28.00","29.00","28.00","22.16M","3.40%"
"05/10/2018","27.95","27.50","27.95","27.50","79.35M","1.64%"
"05/09/2018","27.50","27.50","27.50","27.40","13.78M","0.36%"
"05/08/2018","27.40","27.40","27.50","27.35","32.54M","-0.18%"
"05/07/2018","27.45","27.50","27.50","27.40","10.66M","-0.18%"
"05/04/2018","27.50","27.70","27.60","27.30","11.81M","-0.54%"
"05/03/2018","27.65","27.80","27.80","27.60","17.66M","0.18%"
"05/02/2018","27.60","27.70","27.70","27.60","30.07M","0.55%"
"04/30/2018","27.45","27.35","27.55","27.40","23.61M","0.18%"
"04/27/2018","27.40","27.45","27.50","27.40","32.18M","-0.18%"
"04/26/2018","27.45","27.50","27.60","27.45","17.02M","-0.18%"
"04/25/2018","27.50","27.80","27.90","27.50","7.14M","-1.43%"
"04/24/2018","27.90","27.50","28.00","27.20","24.57M","2.57%"
"04/23/2018","27.20","27.00","27.25","27.00","76.67M","0.74%"
"04/20/2018","27.00","26.95","27.00","26.95","30.19M","0.00%"
"04/19/2018","27.00","27.00","27.00","26.90","70.72M","0.00%"
"04/18/2018","27.00","27.00","27.00","26.80","9.12M","0.19%"
"04/17/2018","26.95","27.00","27.10","26.90","65.23M","1.70%"
"04/16/2018","26.50","26.35","26.80","26.10","11.08M","1.53%"
"04/13/2018","26.10","26.05","26.10","26.00","14.28M","0.38%"
"04/12/2018","26.00","26.00","26.10","25.65","28.07M","-0.95%"
"04/11/2018","26.25","26.15","26.70","26.10","100.63M","-0.38%"
"04/10/2018","26.35","27.00","26.80","26.05","43.98M","-2.04%"
"04/09/2018","26.90","27.00","27.25","26.50","22.49M","-1.47%"
"04/06/2018","27.30","27.90","27.50","26.80","31.45M","-0.73%"
"04/05/2018","27.50","27.95","27.50","27.35","16.52M","0.55%"
"04/04/2018","27.35","27.35","27.40","27.00","61.23M","-8.22%"
"04/03/2018","29.80","30.50","30.70","29.80","88.20M","1.71%"
"03/29/2018","29.30","29.70","29.95","29.00","45.34M","-1.68%"
"03/28/2018","29.80","30.50","30.00","29.80","13.26M","-0.17%"
"03/27/2018","29.85","30.60","30.75","29.50","59.85M","-2.13%"
"03/26/2018","30.50","31.00","31.40","30.40","58.42M","0.99%"
"03/23/2018","30.20","28.80","30.20","28.80","24.67M","4.86%"
"03/22/2018","28.80","28.45","29.00","28.45","67.27M","1.77%"
"03/21/2018","28.30","28.45","28.40","28.00","29.59M","1.07%"
"03/20/2018","28.00","28.45","28.80","27.85","24.14M","0.00%"
"03/19/2018","28.00","27.00","28.00","26.80","128.97M","1.45%"
"03/16/2018","27.60","28.80","28.70","27.60","87.42M","-4.00%"
"03/15/2018","28.75","30.15","30.05","28.65","66.95M","-3.85%"
"03/14/2018","29.90","31.00","31.00","29.90","36.34M","-1.81%"
"03/13/2018","30.45","31.40","31.50","30.30","70.26M","-1.77%"
"03/12/2018","31.00","30.95","31.90","30.90","78.96M","0.32%"
"03/09/2018","30.90","30.95","31.00","30.90","6.49M","-0.32%"
"03/08/2018","31.00","31.00","31.00","29.95","16.63M","-0.64%"
"03/07/2018","31.20","31.50","31.50","30.90","64.60M","-0.16%"
"03/06/2018","31.25","31.10","31.35","31.00","37.85M","0.48%"
"03/05/2018","31.10","31.55","31.55","31.00","11.94M","-1.43%"
"03/02/2018","31.55","31.95","32.00","31.20","44.33M","0.16%"
"03/01/2018","31.50","31.85","31.90","31.50","40.04M","-1.25%"
"02/28/2018","31.90","31.70","32.00","31.35","25.57M","1.75%"
"02/27/2018","31.35","32.00","32.00","31.30","15.36M","-2.49%"
"02/26/2018","32.15","32.05","32.15","32.00","8.97M","0.78%"
"02/23/2018","31.90","31.75","32.30","31.70","29.34M","0.47%"
"02/22/2018","31.75","31.40","31.85","31.40","23.00M","0.79%"
"02/21/2018","31.50","31.00","31.60","30.75","11.82M","1.45%"
"02/20/2018","31.05","31.00","32.00","30.80","5.57M","-0.80%"
"02/19/2018","31.30","32.00","32.00","31.30","15.65M","-2.19%"
"02/16/2018","32.00","31.90","32.00","31.90","27.48M","1.11%"
"02/15/2018","31.65","32.00","32.35","31.65","27.63M","0.48%"
"02/14/2018","31.50","30.40","31.50","30.35","15.71M","5.00%"
"02/13/2018","30.00","28.50","30.00","28.50","16.16M","2.04%"
"02/12/2018","29.40","29.60","30.00","29.40","19.35M","-4.85%"
"02/09/2018","30.90","32.00","31.70","30.40","9.77M","-3.44%"
"02/08/2018","32.00","31.75","32.00","31.75","14.95M","0.00%"
"02/07/2018","32.00","31.45","32.15","31.20","22.73M","2.56%"
"02/06/2018","31.20","32.65","32.00","31.05","17.83M","-4.44%"
"02/05/2018","32.65","32.00","32.65","32.00","12.58M","2.19%"
"02/02/2018","31.95","31.05","32.15","31.05","19.04M","2.90%"
"02/01/2018","31.05","31.05","31.50","31.00","10.66M","0.16%"
"01/31/2018","31.00","31.05","31.10","30.85","48.52M","0.00%"
"01/30/2018","31.00","31.00","31.85","30.90","15.57M","0.00%"
"01/29/2018","31.00","31.15","32.00","30.90","32.84M","0.00%"
"01/26/2018","31.00","31.00","31.50","30.90","15.11M","0.00%"
"01/25/2018","31.00","31.00","31.00","30.60","54.86M","0.00%"
"01/24/2018","31.00","31.00","31.48","30.00","17.63M","-3.13%"
"01/23/2018","32.00","32.74","32.89","31.11","43.30M","-2.29%"
"01/22/2018","32.75","32.00","33.00","32.00","19.37M","-0.76%"
"01/19/2018","33.00","32.40","33.60","31.81","33.03M","2.17%"
"01/18/2018","32.30","32.00","32.88","31.21","16.13M","-0.62%"
"01/17/2018","32.50","34.20","34.20","32.50","29.77M","-3.01%"
"01/16/2018","33.51","32.55","33.60","32.55","25.15M","4.72%"
"01/15/2018","32.00","31.00","32.00","29.80","23.95M","2.37%"
"01/12/2018","31.26","32.90","33.02","31.26","49.21M","-5.30%"
"01/11/2018","33.01","32.50","34.12","32.15","129.43M","3.09%"
"01/10/2018","32.02","30.50","32.02","30.02","63.50M","6.73%"
"01/09/2018","30.00","28.97","30.04","28.60","41.90M","4.86%"
"01/08/2018","28.61","28.00","28.95","27.98","17.46M","2.54%"
"01/05/2018","27.90","27.50","28.87","26.95","47.38M","2.12%"
"01/04/2018","27.32","26.50","27.32","26.48","11.02M","5.00%"
"01/03/2018","26.02","26.54","26.54","25.80","13.61M","0.35%"
"01/02/2018","25.93","25.67","26.45","25.67","24.78M","1.13%"
"12/29/2017","25.64","25.50","25.70","25.50","21.12M","0.55%"
"12/28/2017","25.50","25.49","25.50","25.49","10.19M","0.00%"
"12/27/2017","25.50","25.50","25.50","25.45","10.17M","0.00%"
"12/22/2017","25.50","25.49","25.50","25.42","10.14M","0.24%"
"12/21/2017","25.44","25.49","25.50","25.27","5.26M","-0.04%"
"12/20/2017","25.45","25.50","25.50","25.38","5.52M","0.28%"
"12/19/2017","25.38","25.50","25.59","25.37","62.51M","-0.94%"
"12/18/2017","25.62","25.70","25.79","25.60","35.30M","-0.31%"
"12/15/2017","25.70","24.99","25.72","25.00","127.92M","2.84%"
"12/14/2017","24.99","25.00","25.00","24.60","29.43M","-0.04%"
"12/13/2017","25.00","26.00","26.00","24.90","17.34M","-3.85%"
"12/12/2017","26.00","26.00","26.38","25.90","35.18M","-0.12%"
"12/11/2017","26.03","26.68","26.98","26.03","35.32M","-3.27%"
"12/08/2017","26.91","27.22","27.22","26.65","10.79M","-2.15%"
"12/07/2017","27.50","27.32","27.80","26.00","112.74M","5.61%"
"12/06/2017","26.04","25.19","26.44","25.01","71.18M","4.12%"
"12/05/2017","25.01","25.25","25.15","25.00","42.82M","0.64%"
"12/04/2017","24.85","25.00","25.10","24.85","55.62M","-0.32%"
"11/30/2017","24.93","25.30","25.00","24.92","39.67M","0.56%"
"11/29/2017","24.79","25.00","25.85","24.79","26.75M","0.12%"
"11/28/2017","24.76","24.90","25.92","24.76","62.74M","0.12%"
"11/27/2017","24.73","24.80","24.95","24.73","25.60M","-1.04%"
"11/24/2017","24.99","25.34","24.99","24.70","19.36M","-0.04%"
"11/23/2017","25.00","24.98","25.51","23.80","90.29M","1.83%"
"11/22/2017","24.55","24.51","24.60","24.32","11.90M","1.28%"
"11/21/2017","24.24","24.96","24.96","24.10","27.35M","-2.96%"
"11/20/2017","24.98","25.00","25.00","24.13","12.78M","3.57%"
"11/17/2017","24.12","24.05","24.79","24.00","71.76M","0.33%"
"11/16/2017","24.04","24.05","24.50","24.04","18.63M","0.38%"
"11/15/2017","23.95","24.10","24.10","23.94","24.69M","1.14%"
"11/14/2017","23.68","24.96","24.96","24.50","10.57M","-4.67%"
"11/13/2017","24.84","25.00","25.00","24.80","5.12M","-0.64%"
"11/10/2017","25.00","25.08","25.12","25.00","32.95M","-0.40%"
"11/09/2017","25.10","25.52","25.52","25.10","3.51M","-1.88%"
"11/08/2017","25.58","25.65","25.65","25.51","6.90M","-0.85%"
"11/07/2017","25.80","25.62","25.80","25.62","5.29M","0.43%"
"11/06/2017","25.69","25.90","25.90","25.67","7.69M","-0.89%"
"11/03/2017","25.92","25.84","26.00","25.80","8.83M","0.47%"
"11/02/2017","25.80","25.50","25.85","25.10","17.17M","-0.27%"
"11/01/2017","25.87","25.60","26.00","25.60","16.69M","1.49%"
"10/31/2017","25.49","25.85","25.85","25.03","10.22M","-1.96%"
"10/30/2017","26.00","25.60","26.00","25.60","15.60M","1.13%"
"10/27/2017","25.71","25.61","25.71","25.51","9.92M","0.23%"
"10/26/2017","25.65","26.70","26.00","25.61","4.62M","0.20%"
"10/25/2017","25.60","25.88","27.17","25.55","43.46M","1.19%"
"10/24/2017","25.30","25.50","25.85","25.02","12.12M","0.80%"
"10/23/2017","25.10","25.25","25.25","24.80","13.67M","-3.42%"
"10/20/2017","25.99","26.22","26.28","25.97","24.03M","-0.99%"
"10/19/2017","26.25","26.20","26.40","26.19","14.04M","-0.23%"
"10/18/2017","26.31","26.06","26.50","26.06","13.61M","-0.53%"
"10/17/2017","26.45","26.30","26.55","26.00","21.99M","0.57%"
"10/16/2017","26.30","25.55","26.30","25.55","12.67M","3.14%"
"10/13/2017","25.50","25.30","25.50","25.30","9.15M","0.95%"
"10/12/2017","25.26","25.26","25.30","25.26","22.93M","0.04%"
"10/11/2017","25.25","25.97","25.50","25.01","10.50M","0.00%"
"10/10/2017","25.25","25.98","25.31","25.25","9.20M","0.00%"
"10/09/2017","25.25","25.08","25.35","25.00","23.67M","0.96%"
"10/06/2017","25.01","24.66","25.10","24.66","46.19M","1.34%"
"10/05/2017","24.68","24.90","24.68","24.46","7.81M","1.15%"
"10/04/2017","24.40","24.10","24.61","24.23","17.35M","1.62%"
"10/03/2017","24.01","23.40","24.08","23.40","26.87M","2.61%"
"09/29/2017","23.40","23.20","23.85","23.20","22.54M","0.43%"
"09/28/2017","23.30","22.21","23.30","22.21","8.71M","3.51%"
"09/27/2017","22.51","22.32","22.66","22.32","4.36M","1.76%"
"09/26/2017","22.12","22.10","22.35","22.05","16.65M","0.50%"
"09/25/2017","22.01","22.09","22.09","22.01","1.15M","-0.18%"
"09/22/2017","22.05","22.00","22.45","22.00","7.58M","0.23%"
"09/21/2017","22.00","22.65","22.09","22.00","25.49M","-0.36%"
"09/20/2017","22.08","22.00","22.08","22.00","1.56M","0.36%"
"09/19/2017","22.00","22.09","22.08","22.00","10.56M","-0.05%"
"09/18/2017","22.01","22.11","22.11","22.00","8.13M","-0.41%"
"09/15/2017","22.10","22.67","22.26","22.10","12.64M","-0.45%"
"09/14/2017","22.20","22.50","22.50","22.00","20.22M","-2.42%"
"09/13/2017","22.75","23.00","23.50","22.41","12.22M","-0.48%"
"09/12/2017","22.86","23.10","23.10","22.15","39.30M","-0.95%"
"09/11/2017","23.08","23.40","23.50","23.08","19.83M","0.00%"
"09/08/2017","23.08","23.80","24.00","23.00","21.79M","-2.82%"
"09/07/2017","23.75","23.99","24.00","23.75","18.46M","-0.04%"
"09/06/2017","23.76","23.40","24.00","23.61","9.29M","2.86%"
"09/05/2017","23.10","23.00","23.90","23.00","17.84M","0.43%"
"08/31/2017","23.00","22.81","23.00","22.80","10.30M","0.88%"
"08/30/2017","22.80","22.60","22.82","22.60","5.64M","0.00%"
"08/29/2017","22.80","23.00","22.93","22.80","18.20M","0.00%"
"08/28/2017","22.80","23.10","23.10","22.80","9.74M","-1.30%"
"08/25/2017","23.10","23.55","23.55","23.02","2.55M","0.00%"
"08/24/2017","23.10","23.40","23.54","23.10","17.51M","-1.70%"
"08/23/2017","23.50","23.50","23.60","23.00","57.24M","1.95%"
"08/22/2017","23.05","23.70","23.79","23.00","7.21M","-3.96%"
"08/21/2017","24.00","24.11","24.30","23.07","22.74M","-2.16%"
"08/18/2017","24.53","23.49","24.53","23.10","61.85M","6.61%"
"08/17/2017","23.01","22.50","23.62","22.50","25.97M","2.27%"
"08/16/2017","22.50","23.01","23.05","22.15","12.66M","-3.27%"
"08/15/2017","23.26","23.50","23.45","23.05","40.15M","-1.02%"
"08/14/2017","23.50","24.00","23.82","23.50","10.52M","-1.05%"
"08/11/2017","23.75","24.50","24.90","23.75","49.37M","-1.04%"
"08/10/2017","24.00","24.50","24.60","24.00","58.84M","-2.04%"
"08/09/2017","24.50","24.51","24.60","24.50","11.67M","0.00%"
"08/08/2017","24.50","24.50","25.00","24.02","16.91M","-2.39%"
"08/07/2017","25.10","25.37","25.37","25.07","29.57M","-0.40%"
"08/04/2017","25.20","25.40","25.40","24.99","80.33M","-0.79%"
"08/03/2017","25.40","25.19","25.40","25.01","18.12M","1.60%"
"08/02/2017","25.00","25.00","25.25","24.75","25.60M","1.42%"
"08/01/2017","24.65","25.00","24.90","24.00","27.76M","0.16%"
"07/31/2017","24.61","26.00","26.00","24.61","45.78M","-4.98%"
"07/28/2017","25.90","25.52","26.99","25.52","46.20M","0.74%"
"07/27/2017","25.71","25.60","26.00","25.06","63.04M","0.43%"
"07/26/2017","25.60","24.40","25.62","23.58","33.29M","6.67%"
"07/25/2017","24.00","23.40","24.41","23.40","43.18M","3.23%"
"07/24/2017","23.25","22.95","23.30","22.90","14.55M","1.31%"
"07/21/2017","22.95","21.94","22.95","21.94","39.43M","4.08%"
"07/20/2017","22.05","21.99","22.30","21.99","11.15M","0.32%"
"07/19/2017","21.98","21.83","22.00","21.90","33.11M","2.09%"
"07/18/2017","21.53","21.92","21.99","21.52","6.27M","-1.91%"
"07/17/2017","21.95","22.15","22.25","21.95","7.94M","0.09%"
"07/14/2017","21.93","22.10","22.05","21.93","16.05M","-0.77%"
"07/13/2017","22.10","22.10","22.10","22.02","17.35M","0.36%"
"07/12/2017","22.02","22.00","22.10","21.50","26.42M","0.00%"
"07/11/2017","22.02","21.89","22.10","21.26","18.28M","3.33%"
"07/10/2017","21.31","20.98","21.48","20.60","15.66M","3.45%"
"07/07/2017","20.60","20.50","20.60","20.35","73.31M","0.98%"
"07/06/2017","20.40","20.30","20.40","20.30","1.70M","0.99%"
"07/05/2017","20.20","19.80","20.25","19.71","28.50M","0.00%"
"07/04/2017","20.20","20.21","20.30","20.10","13.27M","-1.51%"
"07/03/2017","20.51","20.20","20.85","20.51","8.89M","-1.82%"
"06/30/2017","20.89","21.15","21.15","20.71","13.55M","-0.05%"
"06/29/2017","20.90","20.39","21.29","20.73","20.03M","1.55%"
"06/28/2017","20.58","19.60","20.58","20.09","13.44M","1.23%"
"06/23/2017","20.33","21.40","21.40","20.33","30.50M","-0.49%"
"06/22/2017","20.43","21.50","21.09","20.43","57.52M","-3.63%"
"06/21/2017","21.20","22.00","21.91","20.90","87.93M","-3.99%"
"06/20/2017","22.08","22.01","22.52","22.00","47.68M","-1.87%"
"06/19/2017","22.50","22.85","22.80","22.50","14.62M","-1.70%"
"06/16/2017","22.89","22.95","23.00","22.50","73.67M","-0.04%"
"06/15/2017","22.90","22.98","23.00","21.89","70.94M","4.61%"
"06/14/2017","21.89","20.85","21.89","20.75","61.13M","4.99%"
"06/13/2017","20.85","20.40","20.85","20.40","62.30M","1.02%"
"06/12/2017","20.64","20.25","20.69","20.34","14.30M","-0.29%"
"06/09/2017","20.70","20.50","20.80","20.50","21.03M","1.17%"
"06/08/2017","20.46","19.95","20.80","20.00","23.11M","2.35%"
"06/07/2017","19.99","20.00","20.05","19.26","17.12M","-0.79%"
"06/06/2017","20.15","20.45","20.34","19.90","51.32M","-0.15%"
"06/05/2017","20.18","19.82","20.60","20.00","54.88M","0.95%"
"06/02/2017","19.99","20.00","20.10","19.52","50.88M","2.51%"
"06/01/2017","19.50","19.24","20.10","19.00","35.11M","2.90%"
"05/31/2017","18.95","19.80","19.65","18.82","26.57M","-2.82%"
"05/30/2017","19.50","19.95","20.94","19.29","68.68M","1.93%"
"05/26/2017","19.13","18.45","19.13","18.41","44.33M","4.99%"
"05/25/2017","18.22","18.01","18.40","18.01","22.97M","1.17%"
"05/24/2017","18.01","17.70","18.20","17.80","94.79M","1.69%"
"05/23/2017","17.71","17.99","17.82","17.51","12.79M","0.06%"
"05/22/2017","17.70","17.89","18.00","17.58","29.86M","-1.06%"
"05/19/2017","17.89","17.90","17.90","17.50","31.54M","-0.45%"
"05/18/2017","17.97","17.25","17.99","17.25","63.21M","5.09%"
"05/17/2017","17.10","17.84","17.50","17.00","11.11M","-0.64%"
"05/16/2017","17.21","16.51","17.33","16.90","28.46M","0.64%"
"05/15/2017","17.10","18.00","18.13","17.10","225.35M","-5.68%"
"05/12/2017","18.13","19.08","19.08","18.13","106.35M","-0.28%"
"05/11/2017","18.18","17.95","18.18","17.31","46.96M","4.97%"
"05/10/2017","17.32","16.50","17.32","15.70","50.01M","5.61%"
"05/09/2017","16.40","16.20","16.50","16.20","52.30M","1.17%"
"05/08/2017","16.21","16.00","16.25","15.82","30.37M","0.19%"
"05/05/2017","16.18","15.97","16.25","15.97","58.54M","1.57%"
"05/04/2017","15.93","15.96","15.94","15.50","42.05M","1.46%"
"05/03/2017","15.70","15.38","15.75","15.38","41.88M","1.62%"
"05/02/2017","15.45","15.03","15.45","15.00","34.30M","3.69%"
"04/28/2017","14.90","14.94","15.03","14.80","30.84M","0.68%"
"04/27/2017","14.80","14.73","14.95","14.70","30.17M","1.23%"
"04/26/2017","14.62","14.79","14.79","14.60","7.60M","0.07%"
"04/25/2017","14.61","14.80","14.80","14.57","9.04M","-1.28%"
"04/24/2017","14.80","14.51","14.82","14.51","26.57M","2.07%"
"04/21/2017","14.50","14.50","14.55","14.50","2.40M","-0.07%"
"04/20/2017","14.51","14.56","14.60","14.51","3.73M","-0.62%"
"04/19/2017","14.60","14.45","14.60","14.45","33.58M","0.69%"
"04/18/2017","14.50","14.36","14.55","14.36","10.85M","0.55%"
"04/13/2017","14.42","14.30","14.49","14.30","30.93M","0.84%"
"04/12/2017","14.30","14.27","14.34","14.27","9.09M","0.35%"
"04/11/2017","14.25","14.35","14.40","14.25","5.24M","-1.32%"
"04/10/2017","14.44","14.23","14.49","14.23","5.35M","-0.07%"
"04/07/2017","14.45","14.50","14.50","14.35","2.52M","-0.34%"
"04/06/2017","14.50","14.50","14.54","14.42","15.30M","0.00%"
"04/05/2017","14.50","14.30","14.50","14.30","24.34M","1.40%"
"04/04/2017","14.30","14.20","14.50","14.20","5.04M","0.70%"
"04/03/2017","14.20","14.25","14.20","14.10","3.84M","1.07%"
"03/31/2017","14.05","14.14","14.12","14.00","69.13M","0.36%"
"03/30/2017","14.00","13.70","14.00","13.70","44.68M","1.60%"
"03/29/2017","13.78","13.70","13.80","13.67","3.46M","0.58%"
"03/28/2017","13.70","13.84","13.90","13.40","12.68M","1.48%"
"03/27/2017","13.50","13.99","13.77","13.50","52.91M","0.07%"
"03/24/2017","13.49","13.71","13.71","13.30","6.51M","-0.81%"
"03/23/2017","13.60","13.85","13.85","13.60","8.49M","-1.45%"
"03/22/2017","13.80","13.50","13.98","13.80","4.17M","1.10%"
"03/21/2017","13.65","13.72","13.72","13.60","2.89M","-2.50%"
"03/20/2017","14.00","14.50","14.10","13.99","23.04M","-0.92%"
"03/17/2017","14.13","14.50","14.80","14.12","41.43M","-2.89%"
"03/16/2017","14.55","14.05","14.55","14.00","20.88M","2.83%"
"03/15/2017","14.15","13.56","14.18","13.70","4.07M","2.83%"
"03/14/2017","13.76","13.20","13.76","13.35","7.54M","3.46%"
"03/13/2017","13.30","13.58","13.60","13.10","7.24M","-10.01%"
"03/10/2017","14.78","14.67","14.98","14.70","87.19M","0.89%"
"03/09/2017","14.65","14.60","14.77","14.55","45.00M","0.41%"
"03/08/2017","14.59","14.65","14.67","14.50","24.03M","-0.68%"
"03/07/2017","14.69","14.80","14.84","14.50","42.65M","1.31%"
"03/06/2017","14.50","14.20","14.59","14.27","24.03M","1.05%"
"03/03/2017","14.35","13.99","14.59","13.99","132.56M","3.24%"
"03/02/2017","13.90","14.00","14.00","13.89","33.74M","-0.71%"
"03/01/2017","14.00","14.80","14.90","13.98","81.71M","-4.76%"
"02/28/2017","14.70","15.10","15.10","14.70","107.25M","-0.68%"
"02/27/2017","14.80","14.84","15.40","14.75","69.11M","0.48%"
"02/24/2017","14.73","14.81","14.81","14.73","28.41M","-0.47%"
"02/23/2017","14.80","14.80","14.84","14.80","7.23M","0.00%"
"02/22/2017","14.80","14.77","14.83","14.70","42.03M","0.68%"
"02/21/2017","14.70","14.99","15.00","14.70","8.86M","-1.93%"
"02/20/2017","14.99","15.00","15.00","14.95","16.09M","-0.07%"
"02/17/2017","15.00","15.15","15.15","14.95","59.53M","0.07%"
"02/16/2017","14.99","15.10","15.10","14.95","12.78M","-0.13%"
"02/15/2017","15.01","15.20","15.35","15.00","48.47M","-0.86%"
"02/14/2017","15.14","15.74","15.74","15.14","9.62M","-3.81%"
"02/13/2017","15.74","15.80","15.99","15.51","2.36M","1.88%"
"02/10/2017","15.45","15.03","15.45","15.03","13.76M","2.93%"
"02/09/2017","15.01","15.01","15.13","15.00","12.50M","0.07%"
"02/08/2017","15.00","15.00","15.29","14.94","23.85M","0.00%"
"02/07/2017","15.00","15.20","15.20","14.97","18.68M","-2.15%"
"02/06/2017","15.33","15.41","15.43","15.22","12.18M","-1.48%"
"02/03/2017","15.56","15.65","15.65","15.49","3.33M","-0.26%"
"02/02/2017","15.60","15.40","15.80","15.40","18.67M","1.36%"
"02/01/2017","15.39","15.95","15.70","15.32","4.07M","-1.97%"
"01/31/2017","15.70","15.90","15.90","15.70","11.52M","-1.26%"
"01/30/2017","15.90","15.96","15.96","15.90","4.80M","-0.63%"
"01/27/2017","16.00","15.89","16.00","15.55","52.47M","3.23%"
"01/26/2017","15.50","15.45","15.54","15.45","7.19M","0.98%"
"01/25/2017","15.35","15.52","15.57","15.35","12.03M","-0.32%"
"01/24/2017","15.40","15.90","15.90","15.38","11.16M","-3.45%"
"01/23/2017","15.95","15.95","15.99","15.92","16.05M","-0.31%"
"01/20/2017","16.00","15.97","16.00","15.87","6.97M","1.01%"
"01/19/2017","15.84","15.80","15.89","15.61","10.07M","0.25%"
"01/18/2017","15.80","15.83","15.87","15.73","17.33M","-0.19%"
"01/17/2017","15.83","15.80","16.00","15.80","9.59M","-0.44%"
"01/16/2017","15.90","15.60","15.90","15.60","3.60M","2.12%"
"01/13/2017","15.57","15.26","15.60","15.26","2.55M","0.45%"
"01/12/2017","15.50","15.20","15.50","15.19","4.62M","2.04%"
"01/11/2017","15.19","15.27","15.27","15.19","4.79M","0.60%"
"01/10/2017","15.10","15.50","15.75","15.00","12.90M","-2.52%"
"01/09/2017","15.49","15.00","15.49","15.00","8.85M","4.87%"
"01/06/2017","14.77","14.50","14.90","14.50","20.81M","1.86%"
"01/05/2017","14.50","14.60","14.71","14.50","8.60M","-0.34%"
"01/04/2017","14.55","14.45","14.56","14.40","3.55M","1.04%"
"01/03/2017","14.40","14.52","14.60","14.40","2.75M","-2.37%"
"12/30/2016","14.75","14.82","14.90","14.75","8.45M","-0.94%"
"12/29/2016","14.89","14.80","14.90","14.75","11.76M","1.36%"
"12/28/2016","14.69","14.30","14.69","14.50","7.59M","1.66%"
"12/23/2016","14.45","14.40","14.57","14.40","3.88M","0.35%"
"12/22/2016","14.40","14.68","14.41","14.28","5.16M","0.00%"
"12/21/2016","14.40","14.31","14.70","14.30","20.54M","0.14%"
"12/20/2016","14.38","14.70","14.70","14.38","25.63M","-0.14%"
"12/19/2016","14.40","14.68","14.42","14.40","18.82M","0.07%"
"12/16/2016","14.39","14.96","14.73","14.22","12.82M","-2.31%"
"12/15/2016","14.73","14.55","14.90","14.55","20.75M","1.59%"
"12/14/2016","14.50","14.39","14.50","14.37","21.19M","1.12%"
"12/13/2016","14.34","14.45","14.48","14.20","4.82M","-1.10%"
"12/09/2016","14.50","14.28","14.50","14.20","2.19M","0.00%"
"12/08/2016","14.50","14.41","14.50","14.36","2.36M","1.75%"
"12/07/2016","14.25","14.35","14.46","14.25","2.16M","-0.35%"
"12/06/2016","14.30","14.50","14.43","14.30","10.43M","-0.35%"
"12/05/2016","14.35","14.02","14.45","14.12","29.52M","2.28%"
"12/02/2016","14.03","13.80","14.12","13.80","10.07M","1.67%"
"12/01/2016","13.80","13.96","13.96","13.79","5.88M","0.00%"
"11/30/2016","13.80","13.50","13.95","13.50","18.60M","2.07%"
"11/29/2016","13.52","13.50","13.60","13.36","6.20M","0.15%"
"11/28/2016","13.50","13.82","13.82","13.30","14.78M","-2.17%"
"11/25/2016","13.80","14.08","14.10","13.80","20.03M","-1.43%"
"11/24/2016","14.00","14.10","14.10","14.00","4.69M","-1.13%"
"11/23/2016","14.16","14.16","14.16","14.16","3.15M","-0.28%"
"11/22/2016","14.20","14.16","14.20","14.00","5.88M","0.35%"
"11/21/2016","14.15","14.17","14.17","14.15","5.85M","-0.21%"
"11/18/2016","14.18","14.06","14.30","14.11","2.04M","0.42%"
"11/17/2016","14.12","14.25","14.25","14.10","3.81M","-0.42%"
"11/16/2016","14.18","14.49","14.36","14.00","19.32M","-1.39%"
"11/15/2016","14.38","14.45","14.70","14.30","5.30M","-0.83%"
"11/14/2016","14.50","15.30","15.30","14.38","6.77M","-4.16%"
"11/11/2016","15.13","14.98","15.20","14.98","22.39M","2.93%"
"11/10/2016","14.70","14.30","15.01","14.50","9.70M","3.45%"
"11/09/2016","14.21","14.60","14.60","13.89","7.13M","-2.80%"
"11/08/2016","14.62","14.81","14.81","14.62","14.12M","-1.15%"
"11/07/2016","14.79","14.80","14.80","14.77","11.72M","-0.07%"
"11/04/2016","14.80","15.00","15.00","14.76","24.21M","-1.99%"
"11/03/2016","15.10","14.89","15.10","14.89","4.22M","1.96%"
"11/02/2016","14.81","14.90","14.90","14.80","12.76M","0.00%"
"11/01/2016","14.81","14.90","14.93","14.81","5.11M","0.75%"
"10/31/2016","14.70","14.90","14.90","14.70","2.09M","-1.34%"
"10/28/2016","14.90","14.94","14.95","14.90","2.51M","-0.33%"
"10/27/2016","14.95","14.91","14.96","14.85","4.99M","-0.33%"
"10/26/2016","15.00","14.80","15.00","14.80","3.89M","0.67%"
"10/25/2016","14.90","15.00","15.00","14.90","19.24M","-0.67%"
"10/24/2016","15.00","15.00","15.10","14.85","20.79M","1.69%"
"10/21/2016","14.75","14.89","14.89","14.60","6.07M","0.00%"
"10/20/2016","14.75","15.00","15.00","14.75","10.52M","0.41%"
"10/19/2016","14.69","14.70","14.75","14.50","2.10M","-0.41%"
"10/18/2016","14.75","14.99","14.99","14.71","4.64M","0.34%"
"10/17/2016","14.70","15.25","14.91","14.67","3.49M","-2.00%"
"10/14/2016","15.00","15.00","15.00","14.81","2.99M","-0.40%"
"10/13/2016","15.06","15.00","15.30","14.99","3.20M","-0.26%"
"10/12/2016","15.10","15.30","15.25","14.91","7.64M","0.40%"
"10/11/2016","15.04","14.80","15.05","14.80","18.95M","3.37%"
"10/10/2016","14.55","14.30","14.70","14.30","27.82M","2.25%"
"10/07/2016","14.23","14.56","14.70","14.21","7.24M","-4.82%"
"10/06/2016","14.95","15.15","15.15","14.28","18.58M","-0.33%"
"10/05/2016","15.00","15.60","15.42","15.00","20.88M","-3.66%"
"10/04/2016","15.57","15.50","15.59","15.48","13.50M","2.37%"
"09/30/2016","15.21","15.70","15.70","15.21","15.76M","-3.12%"
"09/29/2016","15.70","15.84","15.78","15.45","15.00M","-0.51%"
"09/28/2016","15.78","15.64","15.78","15.40","6.32M","1.15%"
"09/27/2016","15.60","15.55","15.60","15.28","8.36M","0.97%"
"09/26/2016","15.45","15.75","15.61","15.40","11.65M","-0.96%"
"09/23/2016","15.60","15.90","15.90","15.26","19.50M","-1.20%"
"09/22/2016","15.79","15.45","15.79","15.10","24.12M","5.27%"
"09/21/2016","15.00","14.85","15.10","14.60","51.23M","2.74%"
"09/20/2016","14.60","14.90","14.90","14.58","12.19M","0.48%"
"09/19/2016","14.53","14.40","14.53","14.40","21.00M","0.21%"
"09/16/2016","14.50","14.54","14.54","14.20","13.67M","-0.21%"
"09/15/2016","14.53","14.57","14.60","14.53","7.25M","-0.41%"
"09/14/2016","14.59","14.64","14.75","14.59","8.56M","-0.07%"
"09/09/2016","14.60","14.62","14.70","14.50","16.61M","-0.54%"
"09/08/2016","14.68","14.62","14.70","14.60","6.23M","0.55%"
"09/07/2016","14.60","14.70","14.70","14.60","23.14M","0.00%"
"09/06/2016","14.60","14.82","14.83","14.58","4.81M","-2.34%"
"09/05/2016","14.95","14.99","15.01","14.85","3.47M","1.01%"
"09/02/2016","14.80","14.52","14.90","14.51","15.77M","-0.67%"
"09/01/2016","14.90","15.00","15.00","14.86","11.96M","0.00%"
"08/31/2016","14.90","15.00","15.00","14.80","24.33M","-0.33%"
"08/30/2016","14.95","15.21","15.30","14.90","19.33M","-2.29%"
"08/29/2016","15.30","15.30","15.31","15.30","7.84M","0.00%"
"08/26/2016","15.30","15.30","15.55","15.26","27.33M","0.00%"
"08/25/2016","15.30","15.60","15.60","15.30","8.82M","-1.86%"
"08/24/2016","15.59","15.42","15.59","15.21","30.39M","-1.08%"
"08/23/2016","15.76","15.30","15.76","15.30","5.67M","-0.06%"
"08/22/2016","15.77","15.70","15.80","15.69","10.15M","-0.19%"
"08/19/2016","15.80","15.30","16.04","15.31","9.91M","3.27%"
"08/18/2016","15.30","15.18","15.30","15.06","14.09M","2.00%"
"08/17/2016","15.00","15.44","15.44","15.00","3.64M","-1.64%"
"08/16/2016","15.25","14.99","15.35","14.99","67.05M","1.67%"
"08/15/2016","15.00","15.59","15.35","14.90","45.79M","-1.96%"
"08/12/2016","15.30","15.89","15.60","15.26","8.23M","-1.92%"
"08/11/2016","15.60","16.00","16.24","15.38","39.29M","-2.50%"
"08/10/2016","16.00","15.92","16.01","15.85","8.45M","0.00%"
"08/09/2016","16.00","16.38","16.95","15.99","16.21M","-0.06%"
"08/08/2016","16.01","16.00","16.25","16.01","7.53M","-0.12%"
"08/05/2016","16.03","16.40","16.21","16.01","5.25M","-1.96%"
"08/04/2016","16.35","16.40","16.50","16.16","8.19M","-0.61%"
"08/03/2016","16.45","16.50","16.55","16.41","2.67M","-2.08%"
"08/02/2016","16.80","16.45","16.91","16.45","46.80M","0.54%"
"08/01/2016","16.71","16.53","16.90","16.10","15.51M","-1.18%"
"07/29/2016","16.91","16.31","16.99","16.30","52.90M","3.68%"
"07/28/2016","16.31","16.70","16.70","16.31","21.85M","-2.92%"
"07/27/2016","16.80","16.43","16.90","16.43","16.23M","2.50%"
"07/26/2016","16.39","15.70","16.39","15.70","28.19M","4.73%"
"07/25/2016","15.65","15.30","16.06","15.30","27.14M","1.82%"
"07/22/2016","15.37","15.10","15.60","15.00","46.59M","0.46%"
"07/21/2016","15.30","15.05","15.50","15.05","21.66M","-1.29%"
"07/20/2016","15.50","15.71","15.71","15.43","6.25M","-3.97%"
"07/19/2016","16.14","16.31","16.40","15.97","9.95M","-1.65%"
"07/18/2016","16.41","16.30","16.80","16.30","17.66M","0.18%"
"07/15/2016","16.38","16.26","16.39","16.04","12.07M","1.42%"
"07/14/2016","16.15","16.10","16.15","16.07","25.84M","-0.92%"
"07/13/2016","16.30","16.50","16.52","16.30","22.47M","-0.67%"
"07/12/2016","16.41","16.01","16.62","16.01","12.88M","3.40%"
"07/11/2016","15.87","15.12","15.87","14.90","9.38M","2.72%"
"07/08/2016","15.45","15.50","15.58","15.27","8.74M","2.18%"
"07/04/2016","15.12","15.60","15.70","14.87","12.51M","-3.08%"
"07/01/2016","15.60","16.00","15.95","15.37","4.31M","-1.08%"
"06/30/2016","15.77","16.60","16.15","15.77","21.51M","-1.44%"
"06/29/2016","16.00","15.43","16.43","15.43","21.27M","2.24%"
"06/28/2016","15.65","15.99","16.10","15.25","25.24M","-1.94%"
"06/27/2016","15.96","16.80","16.63","15.96","17.59M","-6.12%"
"06/24/2016","17.00","16.82","17.24","16.29","41.48M","-3.95%"
"06/23/2016","17.70","17.36","18.05","17.29","96.77M","2.19%"
"06/22/2016","17.32","16.60","17.32","16.83","60.00M","3.77%"
"06/21/2016","16.69","15.90","16.69","15.89","83.75M","4.57%"
"06/20/2016","15.96","16.80","16.99","15.96","16.97M","-4.14%"
"06/17/2016","16.65","16.50","16.98","16.50","63.92M","0.36%"
"06/16/2016","16.59","16.55","17.37","16.20","74.64M","5.20%"
"06/15/2016","15.77","15.02","15.77","15.02","36.21M","5.48%"
"06/14/2016","14.95","14.98","15.00","14.90","6.60M","-0.33%"
"06/13/2016","15.00","15.00","15.04","14.99","11.05M","0.00%"
"06/10/2016","15.00","14.80","15.20","14.80","27.27M","1.35%"
"06/09/2016","14.80","14.70","14.81","14.62","11.56M","0.68%"
"06/08/2016","14.70","14.80","14.80","14.58","13.39M","-0.68%"
"06/07/2016","14.80","14.96","14.80","14.70","8.72M","0.00%"
"06/06/2016","14.80","15.30","15.30","14.55","5.43M","-1.00%"
"06/03/2016","14.95","14.60","15.10","14.55","33.99M","7.48%"
"06/02/2016","13.91","13.25","13.91","13.75","4.40M","2.28%"
"06/01/2016","13.60","14.24","14.24","13.53","56.73M","-9.21%"
"05/31/2016","14.98","15.76","15.95","14.98","15.86M","-9.65%"
"05/27/2016","16.58","17.45","17.45","16.58","10.77M","-3.04%"
"05/26/2016","17.10","16.99","17.33","16.30","28.19M","3.57%"
"05/25/2016","16.51","15.75","16.53","16.00","48.23M","10.07%"
"05/24/2016","15.00","15.17","15.30","14.96","17.30M","-1.12%"
"05/23/2016","15.17","15.60","15.60","15.16","35.37M","-4.89%"
"05/20/2016","15.95","15.84","16.06","15.67","111.96M","1.79%"
"05/19/2016","15.67","14.93","15.67","15.02","38.76M","4.33%"
"05/18/2016","15.02","14.44","15.13","14.44","45.08M","4.02%"
"05/17/2016","14.44","15.20","15.30","14.44","33.95M","-3.93%"
"05/16/2016","15.03","15.35","15.35","14.01","16.52M","2.24%"
"05/13/2016","14.70","14.00","14.70","14.00","25.53M","5.00%"
"05/12/2016","14.00","13.80","14.00","13.75","13.60M","1.45%"
"05/11/2016","13.80","13.80","14.00","13.79","12.54M","0.00%"
"05/10/2016","13.80","13.80","13.87","13.60","27.66M","0.36%"
"05/09/2016","13.75","13.29","13.75","13.29","8.02M","4.56%"
"05/06/2016","13.15","13.00","13.17","13.00","14.22M","1.15%"
"05/05/2016","13.00","13.00","13.10","13.00","15.96M","0.08%"
"05/04/2016","12.99","13.00","13.05","12.91","22.50M","0.15%"
"05/03/2016","12.97","12.90","13.03","12.80","19.74M","2.13%"
"04/29/2016","12.70","12.29","12.77","12.20","26.50M","3.42%"
"04/28/2016","12.28","12.30","12.30","12.20","10.76M","-0.16%"
"04/27/2016","12.30","12.11","12.30","12.10","6.26M","0.82%"
"04/26/2016","12.20","12.13","12.20","12.05","24.81M","1.16%"
"04/25/2016","12.06","12.29","12.12","11.90","6.92M","-0.74%"
"04/22/2016","12.15","12.01","12.19","11.94","30.52M","0.16%"
"04/21/2016","12.13","11.60","12.16","11.90","21.56M","2.80%"
"04/20/2016","11.80","11.60","11.85","11.60","15.98M","2.43%"
"04/19/2016","11.52","11.30","11.61","11.30","29.71M","1.95%"
"04/18/2016","11.30","11.30","11.31","10.90","12.21M","-1.31%"
"04/15/2016","11.45","11.29","11.45","11.20","16.90M","2.23%"
"04/14/2016","11.20","11.00","11.20","11.00","10.61M","1.82%"
"04/13/2016","11.00","10.86","11.03","10.86","22.99M","0.92%"
"04/12/2016","10.90","10.50","10.97","10.35","17.93M","3.81%"
"04/11/2016","10.50","10.96","10.90","10.50","8.52M","-4.20%"
"04/08/2016","10.96","11.00","11.00","10.95","12.20M","-0.36%"
"04/07/2016","11.00","11.01","11.01","10.97","12.58M","-0.09%"
"04/06/2016","11.01","10.88","11.02","11.00","5.71M","0.09%"
"04/05/2016","11.00","10.86","11.00","10.86","4.79M","1.10%"
"04/04/2016","10.88","11.00","10.90","10.85","5.77M","-0.91%"
"04/01/2016","10.98","11.00","11.00","10.70","12.26M","2.14%"
"03/31/2016","10.75","10.70","11.10","10.75","15.12M","-1.92%"
"03/30/2016","10.96","11.00","11.20","10.52","26.33M","-3.09%"
"03/29/2016","11.31","11.90","11.45","11.31","7.84M","-13.00%"
"03/24/2016","13.00","12.53","13.00","12.53","89.39M","3.67%"
"03/23/2016","12.54","12.90","12.90","12.28","28.68M","-2.79%"
"03/22/2016","12.90","13.20","13.40","12.85","32.34M","-2.20%"
"03/21/2016","13.19","12.77","13.35","12.30","50.06M","3.13%"
"03/18/2016","12.79","12.40","12.80","12.27","35.31M","4.24%"
"03/17/2016","12.27","12.47","12.47","12.27","31.74M","-0.65%"
"03/16/2016","12.35","12.84","12.84","12.26","44.52M","-3.74%"
"03/15/2016","12.83","13.30","13.30","12.78","31.19M","-0.54%"
"03/14/2016","12.90","12.79","13.42","12.50","20.57M","4.45%"
"03/11/2016","12.35","12.39","12.49","12.34","15.22M","-0.40%"
"03/10/2016","12.40","12.50","12.50","12.35","30.19M","0.00%"
"03/09/2016","12.40","12.15","12.44","12.31","14.14M","1.72%"
"03/08/2016","12.19","12.27","12.27","12.13","22.07M","0.00%"
"03/07/2016","12.19","12.77","12.77","12.14","25.46M","0.16%"
"03/04/2016","12.17","11.95","12.25","11.85","15.95M","1.93%"
"03/03/2016","11.94","11.64","11.98","11.66","45.80M","2.67%"
"03/02/2016","11.63","11.20","11.63","11.20","28.44M","4.96%"
"03/01/2016","11.08","11.57","11.50","11.00","21.26M","0.09%"
"02/29/2016","11.07","11.06","11.30","11.00","24.18M","-2.47%"
"02/26/2016","11.35","11.21","11.40","11.12","27.49M","2.34%"
"02/25/2016","11.09","10.58","11.10","10.87","29.87M","2.02%"
"02/24/2016","10.87","11.46","11.46","10.87","23.77M","-4.98%"
"02/23/2016","11.44","11.77","11.49","11.44","5.97M","-0.09%"
"02/22/2016","11.45","11.46","11.55","11.25","13.93M","-0.43%"
"02/19/2016","11.50","11.40","11.80","11.41","13.18M","0.97%"
"02/18/2016","11.39","10.87","11.39","10.90","23.84M","-0.09%"
"02/17/2016","11.40","11.99","11.90","11.40","15.21M","-1.64%"
"02/16/2016","11.59","11.30","11.80","11.48","35.91M","-0.09%"
"02/15/2016","11.60","12.20","12.20","11.59","140.80M","-4.92%"
"02/12/2016","12.20","12.58","12.59","12.16","11.66M","-3.17%"
"02/11/2016","12.60","12.35","12.90","12.35","30.72M","2.44%"
"02/10/2016","12.30","12.31","12.46","12.25","30.83M","-2.30%"
"02/09/2016","12.59","12.61","12.72","12.35","11.92M","-1.10%"
"02/08/2016","12.73","12.51","12.73","12.60","29.33M","-0.78%"
"02/05/2016","12.83","13.50","13.17","12.83","9.75M","-1.23%"
"02/04/2016","12.99","13.05","13.15","12.71","12.26M","0.70%"
"02/03/2016","12.90","13.25","13.70","12.80","24.24M","-5.22%"
"02/02/2016","13.61","13.29","13.69","13.05","33.37M","-0.58%"
"02/01/2016","13.69","13.24","13.84","13.01","21.97M","8.56%"
"01/29/2016","12.61","12.01","12.61","12.01","22.87M","7.23%"
"01/28/2016","11.76","11.30","11.76","11.30","33.35M","5.00%"
"01/27/2016","11.20","11.52","11.34","10.95","39.67M","-7.59%"
"01/26/2016","12.12","12.75","12.25","12.12","17.82M","-0.49%"
"01/25/2016","12.18","11.60","12.18","11.70","42.89M","7.79%"
"01/22/2016","11.30","11.53","11.54","11.06","28.80M","2.73%"
"01/21/2016","11.00","11.04","11.59","10.83","58.19M","4.56%"
"01/20/2016","10.52","10.02","10.52","10.30","7.07M","10.16%"
"01/19/2016","9.55","9.10","9.55","8.83","51.48M","6.11%"
"01/18/2016","9.00","9.07","9.44","8.97","23.26M","-4.66%"
"01/15/2016","9.44","9.93","10.00","9.44","113.75M","-9.67%"
"01/14/2016","10.45","10.99","10.47","10.45","42.23M","-4.39%"
"01/13/2016","10.93","11.50","11.36","10.93","51.44M","-9.52%"
"01/12/2016","12.08","12.70","12.70","12.08","9.55M","-4.96%"
"01/11/2016","12.71","13.04","13.39","12.71","4.64M","-1.47%"
"01/08/2016","12.90","13.40","13.43","12.73","20.26M","-3.73%"
"01/07/2016","13.40","13.86","13.86","13.23","9.61M","-3.32%"
"01/06/2016","13.86","13.86","13.90","13.79","19.93M","-0.29%"
"01/05/2016","13.90","14.16","14.40","13.90","13.19M","-2.80%"
"01/04/2016","14.30","14.50","14.30","14.05","5.98M","1.78%"
"12/31/2015","14.05","14.00","14.07","14.00","3.84M","0.00%"
"12/30/2015","14.05","14.20","14.20","14.05","4.97M","-1.06%"
"12/29/2015","14.20","14.00","14.50","14.00","35.30M","2.53%"
"12/23/2015","13.85","13.62","13.95","13.60","26.51M","1.09%"
"12/22/2015","13.70","13.99","13.85","13.70","18.02M","-0.94%"
"12/21/2015","13.83","13.85","13.91","13.83","8.69M","-1.00%"
"12/18/2015","13.97","14.00","14.00","13.51","8.82M","0.43%"
"12/17/2015","13.91","14.00","14.02","13.91","14.82M","-0.64%"
"12/16/2015","14.00","13.42","14.09","14.00","6.26M","1.16%"
"12/15/2015","13.84","14.56","14.10","13.84","18.62M","-3.49%"
"12/14/2015","14.34","14.40","14.40","14.26","6.47M","-3.11%"
"12/11/2015","14.80","15.25","15.25","14.50","11.49M","-2.95%"
"12/10/2015","15.25","14.57","15.25","14.20","8.43M","8.93%"
"12/09/2015","14.00","13.96","14.00","13.27","64.31M","-2.44%"
"12/08/2015","14.35","15.10","15.21","14.35","24.02M","-6.15%"
"12/07/2015","15.29","16.09","16.00","15.29","15.06M","-4.74%"
"12/04/2015","16.05","16.10","16.10","15.95","8.47M","-0.31%"
"12/03/2015","16.10","16.39","16.14","15.85","17.96M","1.58%"
"12/02/2015","15.85","15.73","16.00","15.73","15.68M","0.96%"
"12/01/2015","15.70","15.60","15.80","15.50","2.68M","0.64%"
"11/30/2015","15.60","15.45","15.95","15.30","23.83M","1.30%"
"11/27/2015","15.40","15.94","15.89","15.20","13.36M","-1.35%"
"11/26/2015","15.61","15.99","16.00","15.60","33.98M","-1.82%"
"11/25/2015","15.90","16.00","16.00","15.90","28.36M","-0.50%"
"11/24/2015","15.98","16.01","16.05","15.90","23.73M","-0.19%"
"11/23/2015","16.01","16.20","16.50","16.01","42.36M","-2.97%"
"11/20/2015","16.50","16.50","16.50","16.50","1.23M","0.00%"
"11/19/2015","16.50","16.47","16.50","16.47","1.00M","0.06%"
"11/18/2015","16.49","16.45","16.50","16.40","1.60M","1.54%"
"11/17/2015","16.24","16.18","16.94","16.22","6.38M","0.37%"
"11/16/2015","16.18","17.00","17.00","16.17","7.94M","-4.82%"
"11/13/2015","17.00","17.14","17.20","16.99","91.80M","-0.58%"
"11/12/2015","17.10","17.11","17.15","17.00","18.47M","-0.58%"
"11/11/2015","17.20","17.20","17.25","17.16","3.75M","1.24%"
"11/10/2015","16.99","17.70","17.72","16.90","23.41M","-4.01%"
"11/09/2015","17.70","18.00","17.71","17.58","2.23M","-0.06%"
"11/06/2015","17.71","17.50","17.98","17.50","68.83M","1.20%"
"11/05/2015","17.50","17.63","17.63","17.28","62.28M","-1.07%"
"11/04/2015","17.69","17.60","17.71","17.60","16.77M","-0.11%"
"11/03/2015","17.71","17.32","17.80","17.60","4.68M","-1.06%"
"11/02/2015","17.90","17.60","17.90","17.60","63.47M","1.70%"
"10/30/2015","17.60","17.04","17.88","16.70","21.93M","3.29%"
"10/29/2015","17.04","16.83","17.04","16.83","6.99M","-1.79%"
"10/28/2015","17.35","17.25","17.52","17.25","20.30M","-1.42%"
"10/27/2015","17.60","17.70","17.80","17.51","9.89M","-1.68%"
"10/26/2015","17.90","17.70","18.00","17.73","177.67M","1.13%"
"10/23/2015","17.70","18.20","17.86","17.65","6.10M","-0.45%"
"10/22/2015","17.78","17.61","17.80","17.61","5.79M","1.02%"
"10/21/2015","17.60","17.65","17.65","17.50","16.08M","-0.06%"
"10/20/2015","17.61","17.02","17.75","17.02","37.29M","0.00%"
"10/19/2015","17.61","17.59","17.65","17.55","16.68M","0.57%"
"10/16/2015","17.51","16.81","17.69","16.81","8.77M","3.92%"
"10/15/2015","16.85","16.80","16.95","16.80","20.48M","-0.59%"
"10/14/2015","16.95","16.80","16.99","16.80","9.39M","0.89%"
"10/13/2015","16.80","16.80","16.85","16.75","13.11M","0.00%"
"10/12/2015","16.80","16.45","17.00","16.45","9.93M","3.07%"
"10/09/2015","16.30","16.55","16.50","16.30","1.96M","1.56%"
"10/08/2015","16.05","16.30","16.40","16.01","34.00M","-1.53%"
"10/07/2015","16.30","16.55","16.55","16.00","30.52M","-1.81%"
"10/06/2015","16.60","16.70","16.75","16.45","29.57M","-0.60%"
"10/05/2015","16.70","16.30","16.71","16.30","26.88M","1.46%"
"10/02/2015","16.46","16.80","16.85","15.97","44.81M","-2.08%"
"09/30/2015","16.81","17.01","17.09","16.81","26.40M","-1.18%"
"09/29/2015","17.01","17.90","17.60","17.01","8.98M","-2.91%"
"09/28/2015","17.52","18.12","18.19","17.52","26.41M","-3.26%"
"09/23/2015","18.11","18.40","18.30","18.05","131.65M","0.06%"
"09/22/2015","18.10","18.00","18.32","18.00","22.58M","-0.06%"
"09/21/2015","18.11","18.00","18.85","17.95","17.01M","0.06%"
"09/18/2015","18.10","0.00","18.18","18.00","33.35M","-0.28%"
"09/17/2015","18.15","17.50","18.21","17.50","13.06M","2.25%"
"09/16/2015","17.75","17.00","17.75","17.00","10.81M","2.78%"
"09/15/2015","17.27","17.20","17.40","17.01","12.98M","1.59%"
"09/14/2015","17.00","17.05","17.45","16.90","73.37M","0.06%"
"09/11/2015","16.99","17.00","17.19","16.79","12.56M","0.41%"
"09/10/2015","16.92","16.11","16.92","15.30","41.50M","-0.24%"
"09/09/2015","16.96","16.96","17.00","16.96","95.03M","-4.99%"
"09/08/2015","17.85","17.00","17.84","16.60","20.07M","8.51%"
"09/07/2015","16.45","15.71","16.45","15.71","17.27M","3.72%"
"09/04/2015","15.86","15.10","15.86","15.25","12.29M","3.93%"
"09/03/2015","15.26","0.00","15.31","15.19","45.39M","0.07%"
"09/02/2015","15.25","15.10","15.25","14.60","173.61M","0.00%"
"09/01/2015","15.25","15.80","15.50","15.05","105.62M","0.33%"
"08/31/2015","15.20","15.00","15.50","14.50","44.00M","4.90%"
"08/28/2015","14.49","13.80","14.39","14.08","77.75M","4.92%"
"08/27/2015","13.81","13.90","13.90","13.81","67.15M","-0.29%"
"08/26/2015","13.85","14.10","14.10","13.78","93.81M","-3.82%"
"08/25/2015","14.40","0.00","14.10","13.72","34.66M","0.00%"
"08/24/2015","14.40","15.00","15.00","14.40","75.76M","-6.49%"
"08/21/2015","15.40","15.80","15.80","15.01","74.83M","-2.53%"
"08/20/2015","15.80","16.18","16.15","15.70","62.80M","-1.25%"
"08/19/2015","16.00","16.20","16.20","16.00","10.19M","-1.23%"
"08/18/2015","16.20","16.48","16.68","16.20","13.85M","-1.52%"
"08/17/2015","16.45","16.10","16.70","16.10","12.86M","2.30%"
"08/14/2015","16.08","16.69","16.69","15.99","19.50M","0.94%"
"08/13/2015","15.93","16.49","16.49","15.90","77.63M","-2.87%"
"08/12/2015","16.40","16.55","16.60","16.40","6.69M","-0.85%"
"08/11/2015","16.54","16.92","16.90","16.47","33.80M","2.10%"
"08/10/2015","16.20","16.95","16.95","16.20","16.83M","-4.14%"
"08/07/2015","16.90","17.18","17.15","16.35","24.61M","-1.74%"
"08/06/2015","17.20","18.00","17.41","17.10","52.78M","-0.64%"
"08/05/2015","17.31","16.50","17.32","16.63","42.18M","4.97%"
"08/04/2015","16.49","16.00","16.49","15.99","61.94M","2.93%"
"08/03/2015","16.02","16.40","16.20","15.96","70.79M","-0.25%"
"07/31/2015","16.06","16.90","16.31","16.06","16.66M","-1.83%"
"07/30/2015","16.36","16.80","16.50","16.36","7.72M","-0.85%"
"07/29/2015","16.50","17.00","17.00","16.30","59.96M","0.00%"
"07/28/2015","16.50","16.97","17.40","16.31","31.82M","-2.83%"
"07/27/2015","16.98","17.28","17.32","16.66","26.80M","-2.97%"
"07/24/2015","17.50","17.71","17.72","17.44","12.80M","-1.24%"
"07/23/2015","17.72","17.85","17.85","17.71","5.10M","-0.51%"
"07/22/2015","17.81","17.84","17.85","17.81","8.75M","-0.17%"
"07/21/2015","17.84","17.95","17.92","17.82","729.10M","0.68%"
"07/16/2015","17.72","18.05","18.00","17.72","7.71M","-0.45%"
"07/15/2015","17.80","18.01","18.01","17.80","234.74M","-1.82%"
"07/14/2015","18.13","18.85","18.88","18.00","118.36M","-3.97%"
"07/13/2015","18.88","19.25","19.25","18.80","150.39M","-0.37%"
"07/10/2015","18.95","18.99","19.07","18.60","31.91M","1.28%"
"07/09/2015","18.71","19.05","19.05","18.71","72.02M","-1.63%"
"07/08/2015","19.02","19.03","19.05","19.00","48.39M","-0.26%"
"07/07/2015","19.07","18.99","19.10","18.99","84.76M","0.37%"
"07/06/2015","19.00","19.25","19.25","18.71","11.91M","-1.86%"
"07/03/2015","19.36","19.45","19.45","19.30","15.75M","-0.46%"
"07/02/2015","19.45","19.47","19.45","19.30","16.88M","1.25%"
"07/01/2015","19.21","19.40","19.40","19.20","63.63M","-0.21%"
"06/30/2015","19.25","19.42","19.94","19.25","90.38M","-2.28%"
"06/29/2015","19.70","19.25","19.72","19.25","7.15M","2.34%"
"06/26/2015","19.25","19.90","19.50","19.25","9.89M","-1.28%"
"06/25/2015","19.50","20.00","19.80","19.40","16.08M","-2.01%"
"06/24/2015","19.90","20.00","20.20","19.71","31.28M","0.00%"
"06/23/2015","19.90","19.41","19.99","19.50","42.67M","2.05%"
"06/22/2015","19.50","19.50","19.55","19.35","97.64M","0.15%"
"06/19/2015","19.47","19.60","19.50","19.38","112.98M","0.00%"
"06/18/2015","19.47","19.67","19.67","19.45","15.22M","-0.21%"
"06/17/2015","19.51","19.84","19.85","19.50","18.97M","-1.96%"
"06/16/2015","19.90","19.99","19.90","19.81","10.49M","0.51%"
"06/15/2015","19.80","20.20","20.03","19.80","12.26M","-1.10%"
"06/12/2015","20.02","20.00","20.48","19.99","7.86M","0.70%"
"06/11/2015","19.88","19.22","19.88","19.25","7.84M","3.54%"
"06/10/2015","19.20","20.00","19.84","19.18","20.27M","-3.23%"
"06/09/2015","19.84","20.00","19.90","19.75","26.93M","0.20%"
"06/08/2015","19.80","20.00","20.04","19.80","39.22M","-0.85%"
"06/05/2015","19.97","19.30","20.20","19.30","19.37M","3.74%"
"06/04/2015","19.25","20.20","20.20","19.20","20.28M","-4.70%"
"06/03/2015","20.20","20.29","20.40","20.20","24.73M","-1.75%"
"06/02/2015","20.56","20.92","21.00","20.50","21.61M","-1.67%"
"06/01/2015","20.91","21.50","21.51","20.61","60.86M","-2.47%"
"05/28/2015","21.44","22.00","22.00","21.33","30.69M","-2.55%"
"05/27/2015","22.00","21.90","22.00","21.75","6.79M","0.23%"
"05/26/2015","21.95","21.99","22.20","21.95","13.45M","-0.23%"
"05/25/2015","22.00","22.00","22.10","21.99","10.73M","-1.12%"
"05/22/2015","22.25","22.43","22.45","22.25","2.59M","-1.11%"
"05/21/2015","22.50","22.50","22.50","22.50","2.52M","-0.88%"
"05/20/2015","22.70","22.72","22.73","22.65","12.78M","-0.66%"
"05/19/2015","22.85","22.86","23.25","22.51","27.01M","0.18%"
"05/18/2015","22.81","22.01","22.90","22.50","13.82M","2.66%"
"05/15/2015","22.22","22.20","22.49","22.13","1.77M","0.09%"
"05/14/2015","22.20","21.33","22.50","21.33","54.04M","3.26%"
"05/13/2015","21.50","21.83","21.99","21.26","4.61M","2.48%"
"05/12/2015","20.98","21.74","21.74","20.96","6.68M","0.10%"
"05/11/2015","20.96","21.00","21.00","20.75","51.56M","-1.41%"
"05/08/2015","21.26","21.30","21.40","21.26","15.13M","-0.65%"
"05/07/2015","21.40","21.00","21.50","21.25","16.00M","0.19%"
"05/06/2015","21.36","21.35","21.70","21.20","19.11M","0.28%"
"05/05/2015","21.30","21.45","21.45","21.30","18.10M","-0.28%"
"05/04/2015","21.36","21.52","22.00","21.31","31.27M","0.99%"
"04/30/2015","21.15","21.20","21.30","20.94","28.06M","1.20%"
"04/29/2015","20.90","21.00","21.59","20.80","18.49M","-3.24%"
"04/28/2015","21.60","21.98","21.98","21.60","8.84M","-1.82%"
"04/27/2015","22.00","22.00","22.00","21.94","11.60M","0.00%"
"04/24/2015","22.00","21.90","22.03","21.90","14.37M","-0.23%"
"04/23/2015","22.05","22.82","22.82","22.00","23.35M","-3.37%"
"04/22/2015","22.82","23.01","23.05","22.81","11.12M","-1.64%"
"04/21/2015","23.20","23.01","23.22","23.00","31.08M","0.00%"
"04/20/2015","23.20","23.10","23.25","23.00","11.25M","0.87%"
"04/17/2015","23.00","22.80","23.20","22.55","28.44M","2.27%"
"04/16/2015","22.49","23.00","23.30","22.25","22.75M","-0.75%"
"04/15/2015","22.66","23.20","23.20","22.63","12.64M","-2.33%"
"04/14/2015","23.20","23.89","23.90","23.16","21.97M","-2.93%"
"04/13/2015","23.90","23.55","23.90","23.24","17.33M","1.62%"
"04/10/2015","23.52","23.25","23.70","23.50","21.22M","2.26%"
"04/09/2015","23.00","22.02","23.20","22.00","48.61M","1.72%"
"04/08/2015","22.61","23.00","23.50","22.61","22.41M","-5.00%"
"04/07/2015","23.80","23.94","24.39","23.80","120.83M","-4.99%"
"04/02/2015","25.05","24.27","25.48","23.25","114.57M","8.35%"
"04/01/2015","23.12","22.02","23.12","22.02","49.67M","10.20%"
"03/31/2015","20.98","19.99","20.98","20.00","29.63M","5.59%"
"03/30/2015","19.87","19.00","19.87","19.00","3.45M","5.13%"
"03/27/2015","18.90","18.00","18.90","18.10","35.37M","4.54%"
"03/26/2015","18.08","18.40","18.40","17.65","34.58M","3.14%"
"03/25/2015","17.53","17.00","17.53","17.00","60.73M","4.97%"
"03/24/2015","16.70","16.60","17.01","16.55","47.51M","0.66%"
"03/23/2015","16.59","16.74","16.90","16.54","35.30M","0.61%"
"03/20/2015","16.49","17.19","16.99","16.46","19.24M","-3.00%"
"03/19/2015","17.00","17.20","17.20","16.70","9.35M","-0.87%"
"03/18/2015","17.15","18.00","17.55","17.13","6.23M","-4.51%"
"03/17/2015","17.96","17.92","18.20","17.90","14.85M","-4.47%"
"03/16/2015","18.80","19.78","19.78","18.80","8.31M","-8.74%"
"03/13/2015","20.60","20.80","21.40","20.60","35.86M","-1.90%"
"03/12/2015","21.00","20.67","21.17","20.00","26.46M","1.60%"
"03/11/2015","20.67","21.76","21.76","20.67","31.10M","-4.97%"
"03/10/2015","21.75","21.88","22.00","21.08","37.39M","1.64%"
"03/09/2015","21.40","21.98","23.07","21.32","71.61M","2.20%"
"03/06/2015","20.94","19.95","20.94","19.95","25.49M","10.21%"
"03/05/2015","19.00","19.00","19.09","18.87","21.53M","-0.52%"
"03/04/2015","19.10","19.50","19.56","18.80","65.02M","1.92%"
"03/03/2015","18.74","18.00","18.74","18.00","24.96M","4.99%"
"03/02/2015","17.85","17.60","17.99","17.60","20.34M","1.42%"
"02/27/2015","17.60","18.00","18.00","17.59","17.92M","-2.22%"
"02/26/2015","18.00","18.75","18.79","17.90","44.53M","-4.00%"
"02/25/2015","18.75","18.58","18.87","18.58","23.50M","0.00%"
"02/24/2015","18.75","18.35","19.00","18.41","18.66M","2.85%"
"02/23/2015","18.23","17.99","18.23","17.99","9.74M","4.95%"
"02/20/2015","17.37","16.55","17.37","17.11","5.39M","0.99%"
"02/19/2015","17.20","17.07","17.69","16.25","26.47M","-2.27%"
"02/18/2015","17.60","17.87","18.18","17.40","16.41M","3.41%"
"02/17/2015","17.02","16.21","17.02","16.20","11.67M","5.39%"
"02/16/2015","16.15","15.82","16.15","15.82","11.89M","3.39%"
"02/13/2015","15.62","15.99","16.10","15.49","32.41M","-0.45%"
"02/12/2015","15.69","15.90","15.90","15.42","72.15M","-1.57%"
"02/11/2015","15.94","16.02","16.02","15.60","42.82M","-0.38%"
"02/10/2015","16.00","16.00","16.04","16.00","11.28M","0.00%"
"02/09/2015","16.00","16.06","16.07","15.87","30.64M","-0.62%"
"02/06/2015","16.10","16.62","16.99","16.01","39.18M","-7.95%"
"02/05/2015","17.49","18.41","18.21","17.49","17.40M","-3.42%"
"02/04/2015","18.11","17.55","18.27","17.29","27.36M","7.80%"
"02/03/2015","16.80","16.15","16.80","16.15","29.22M","5.00%"
"02/02/2015","16.00","16.00","16.49","16.00","15.15M","-0.06%"
"01/30/2015","16.01","16.35","16.17","15.90","59.50M","-0.99%"
"01/29/2015","16.17","17.00","17.00","16.17","23.42M","-4.99%"
"01/28/2015","17.02","17.11","17.14","17.02","18.69M","-0.53%"
"01/27/2015","17.11","17.10","17.15","17.10","5.43M","0.06%"
"01/26/2015","17.10","17.30","17.30","17.00","12.16M","-2.29%"
"01/23/2015","17.50","17.00","17.54","17.00","4.24M","4.04%"
"01/22/2015","16.82","17.49","17.10","16.73","3.82M","-1.64%"
"01/21/2015","17.10","18.00","17.56","17.10","16.74M","-2.29%"
"01/20/2015","17.50","18.16","18.16","17.36","35.31M","1.16%"
"01/19/2015","17.30","17.30","17.30","17.29","15.82M","4.98%"
"01/16/2015","16.48","15.98","16.48","15.80","18.08M","4.97%"
"01/15/2015","15.70","16.00","16.00","15.60","19.61M","0.64%"
"01/14/2015","15.60","16.46","16.55","15.60","51.38M","-4.99%"
"01/13/2015","16.42","16.10","16.76","15.82","8.45M","2.63%"
"01/12/2015","16.00","16.08","16.08","15.65","96.29M","-2.62%"
"01/09/2015","16.43","15.65","16.43","15.22","32.38M","9.53%"
"01/08/2015","15.00","15.30","16.06","14.54","29.41M","-2.85%"
"01/07/2015","15.44","16.25","16.30","15.44","36.61M","-9.71%"
"01/06/2015","17.10","18.00","18.00","17.10","19.18M","-5.00%"
"01/05/2015","18.00","18.41","18.50","17.76","33.82M","-2.23%"
"12/31/2014","18.41","18.98","18.97","18.15","5.67M","-3.11%"
"12/30/2014","19.00","19.79","19.79","19.00","29.69M","-4.28%"
"12/29/2014","19.85","19.60","20.00","19.26","52.82M","1.95%"
"12/24/2014","19.47","19.57","20.01","19.40","11.76M","-0.15%"
"12/23/2014","19.50","18.87","19.81","18.87","57.16M","8.45%"
"12/22/2014","17.98","17.13","17.98","17.98","7.72M","10.17%"
"12/19/2014","16.32","15.55","16.32","16.00","12.32M","6.18%"
"12/18/2014","15.37","15.49","15.69","14.73","17.82M","-1.60%"
"12/17/2014","15.62","16.00","16.00","15.62","17.34M","-4.99%"
"12/16/2014","16.44","17.30","17.00","16.44","18.23M","-3.41%"
"12/15/2014","17.02","17.15","17.30","17.02","27.05M","-1.33%"
"12/12/2014","17.25","17.50","17.99","17.17","9.94M","-1.32%"
"12/11/2014","17.48","18.20","18.20","17.48","27.08M","-5.00%"
"12/10/2014","18.40","18.10","18.49","18.07","16.89M","0.38%"
"12/09/2014","18.33","18.52","18.55","18.01","12.40M","-0.92%"
"12/08/2014","18.50","18.75","18.76","18.40","10.76M","-1.44%"
"12/05/2014","18.77","19.75","19.21","18.77","18.16M","-1.78%"
"12/04/2014","19.11","19.99","20.00","19.10","19.72M","0.00%"
"12/03/2014","19.11","19.65","19.65","19.06","5.91M","-1.85%"
"12/02/2014","19.47","20.45","20.45","19.47","7.87M","-4.23%"
"12/01/2014","20.33","20.80","20.51","20.07","7.24M","-0.93%"
"11/28/2014","20.52","20.85","20.85","20.32","25.53M","-1.82%"
"11/27/2014","20.90","20.85","21.44","20.85","65.86M","0.24%"
"11/26/2014","20.85","20.85","20.92","20.60","149.71M","0.00%"
"11/25/2014","20.85","20.62","20.90","20.62","65.57M","0.48%"
"11/24/2014","20.75","20.85","20.95","20.61","37.42M","-0.95%"
"11/21/2014","20.95","20.86","20.98","20.75","14.90M","-0.24%"
"11/20/2014","21.00","20.90","21.00","20.75","11.78M","-0.33%"
"11/19/2014","21.07","21.00","21.07","21.00","16.28M","0.33%"
"11/18/2014","21.00","20.90","21.00","20.90","17.23M","0.24%"
"11/17/2014","20.95","20.60","21.00","20.60","18.25M","0.72%"
"11/14/2014","20.80","21.00","21.00","20.49","54.06M","0.97%"
"11/13/2014","20.60","21.24","21.05","20.56","46.35M","-1.90%"
"11/12/2014","21.00","21.15","21.15","21.00","18.94M","-0.33%"
"11/11/2014","21.07","20.90","21.55","21.07","12.60M","0.33%"
"11/10/2014","21.00","20.44","21.12","20.39","14.58M","4.43%"
"11/07/2014","20.11","19.60","20.15","19.00","70.20M","-1.90%"
"11/06/2014","20.50","21.00","21.00","19.95","124.79M","-2.38%"
"11/05/2014","21.00","21.89","21.35","20.81","14.66M","-3.05%"
"11/04/2014","21.66","22.79","22.37","21.66","16.11M","-2.70%"
"11/03/2014","22.26","21.20","22.26","21.70","9.56M","5.00%"
"10/31/2014","21.20","21.25","21.60","21.00","11.32M","0.95%"
"10/30/2014","21.00","21.95","21.93","21.00","6.78M","-4.55%"
"10/29/2014","22.00","22.25","22.00","21.26","28.61M","0.00%"
"10/28/2014","22.00","22.75","22.75","21.78","15.63M","-3.30%"
"10/27/2014","22.75","23.00","22.80","22.20","19.16M","0.71%"
"10/24/2014","22.59","22.99","22.74","22.30","15.69M","-0.09%"
"10/23/2014","22.61","22.90","22.78","22.61","38.53M","0.04%"
"10/22/2014","22.60","22.20","22.60","22.20","4.66M","1.80%"
"10/21/2014","22.20","22.02","22.35","22.11","7.17M","0.91%"
"10/20/2014","22.00","21.08","22.13","21.40","19.72M","2.80%"
"10/17/2014","21.40","21.02","21.60","21.32","14.29M","1.52%"
"10/16/2014","21.08","22.00","22.00","21.06","77.35M","-4.62%"
"10/15/2014","22.10","21.38","22.40","20.70","33.36M","3.37%"
"10/14/2014","21.38","22.35","22.35","21.38","15.83M","-4.98%"
"10/13/2014","22.50","22.75","22.90","22.50","14.49M","-1.32%"
"10/10/2014","22.80","23.88","23.52","22.69","19.77M","-3.02%"
"10/09/2014","23.51","24.10","24.10","23.51","36.85M","-2.61%"
"10/08/2014","24.14","24.60","24.51","24.01","27.38M","-0.66%"
"10/03/2014","24.30","24.30","24.49","24.00","26.32M","-0.78%"
"10/02/2014","24.49","24.89","24.70","24.00","49.09M","-0.04%"
"09/30/2014","24.50","24.60","24.70","24.19","51.61M","0.41%"
"09/29/2014","24.40","24.00","24.46","24.00","27.45M","1.67%"
"09/26/2014","24.00","24.50","24.00","23.95","4.10M","-0.21%"
"09/25/2014","24.05","24.89","24.10","24.00","18.73M","0.21%"
"09/24/2014","24.00","24.34","24.45","23.80","21.42M","0.84%"
"09/23/2014","23.80","24.28","24.30","23.80","18.83M","-3.64%"
"09/22/2014","24.70","24.80","24.70","24.40","9.84M","0.20%"
"09/19/2014","24.65","24.43","24.65","24.41","7.13M","0.20%"
"09/18/2014","24.60","24.77","24.60","24.30","17.18M","1.44%"
"09/17/2014","24.25","24.11","24.35","24.07","16.83M","0.21%"
"09/16/2014","24.20","24.40","24.30","24.20","11.07M","0.00%"
"09/15/2014","24.20","24.84","24.50","24.10","11.13M","-1.63%"
"09/12/2014","24.60","24.13","24.60","24.00","26.98M","2.50%"
"09/11/2014","24.00","24.00","24.04","23.91","15.35M","0.00%"
"09/10/2014","24.00","24.21","24.00","23.90","6.24M","0.00%"
"09/09/2014","24.00","24.19","24.30","23.85","9.81M","-0.87%"
"09/08/2014","24.21","24.05","24.25","24.05","9.46M","-0.16%"
"09/05/2014","24.25","24.21","24.35","24.16","18.53M","0.21%"
"09/04/2014","24.20","24.20","24.25","24.19","3.53M","0.04%"
"09/03/2014","24.19","24.40","24.50","24.16","4.87M","-1.67%"
"09/02/2014","24.60","24.20","24.69","24.44","13.35M","2.46%"
"09/01/2014","24.01","24.60","24.60","24.01","7.12M","-2.40%"
"08/29/2014","24.60","24.67","24.90","24.41","11.01M","-0.61%"
"08/28/2014","24.75","24.30","24.80","24.30","8.86M","1.85%"
"08/27/2014","24.30","24.30","24.30","24.10","5.18M","0.21%"
"08/26/2014","24.25","24.40","24.40","24.25","2.99M","-0.21%"
"08/25/2014","24.30","24.50","24.50","24.30","1.52M","-1.62%"
"08/22/2014","24.70","24.60","24.80","24.52","3.96M","-1.12%"
"08/21/2014","24.98","24.30","24.99","24.38","7.92M","1.96%"
"08/20/2014","24.50","24.50","24.55","24.32","4.93M","0.00%"
"08/19/2014","24.50","24.11","24.60","24.11","32.66M","1.66%"
"08/18/2014","24.10","24.10","24.19","24.04","16.14M","0.84%"
"08/15/2014","23.90","24.25","24.25","23.80","14.73M","-1.04%"
"08/14/2014","24.15","24.40","24.45","24.15","10.37M","-0.78%"
"08/13/2014","24.34","24.50","24.51","24.25","12.43M","-1.02%"
"08/12/2014","24.59","24.90","24.99","24.50","7.90M","-1.24%"
"08/11/2014","24.90","25.00","25.00","24.90","4.08M","-0.40%"
"08/08/2014","25.00","25.00","25.01","24.90","9.78M","0.04%"
"08/07/2014","24.99","25.10","25.10","24.89","34.38M","-0.44%"
"08/06/2014","25.10","25.00","25.20","25.00","40.32M","0.40%"
"08/05/2014","25.00","25.00","25.45","25.00","12.34M","0.00%"
"08/04/2014","25.00","25.06","25.08","24.78","10.69M","-0.24%"
"08/01/2014","25.06","25.00","25.07","25.00","18.49M","-0.08%"
"07/31/2014","25.08","25.25","25.60","24.32","22.12M","-2.03%"
"07/30/2014","25.60","25.15","25.80","25.00","31.34M","1.47%"
"07/25/2014","25.23","25.00","25.30","24.80","11.08M","1.12%"
"07/23/2014","24.95","25.00","25.00","24.90","2.58M","-0.20%"
"07/22/2014","25.00","25.20","25.02","24.85","4.83M","0.20%"
"07/21/2014","24.95","25.22","25.22","24.95","7.54M","-1.07%"
"07/18/2014","25.22","25.25","25.30","25.20","4.21M","0.08%"
"07/17/2014","25.20","25.21","25.25","25.19","16.52M","0.00%"
"07/16/2014","25.20","25.10","25.40","25.01","7.24M","0.16%"
"07/15/2014","25.16","25.15","25.20","25.04","5.84M","0.04%"
"07/14/2014","25.15","25.00","25.15","25.00","8.43M","0.56%"
"07/11/2014","25.01","25.30","25.30","25.01","5.77M","-1.15%"
"07/10/2014","25.30","25.30","25.32","25.23","9.13M","0.40%"
"07/09/2014","25.20","25.06","25.30","25.06","8.88M","-0.40%"
"07/08/2014","25.30","25.13","25.35","25.01","26.98M","0.00%"
"07/07/2014","25.30","25.20","25.59","25.20","10.13M","0.80%"
"07/04/2014","25.10","25.20","25.20","25.01","2.70M","-0.04%"
"07/03/2014","25.11","25.00","25.15","24.90","65.02M","-0.16%"
"07/02/2014","25.15","25.40","25.45","25.15","12.13M","-1.37%"
"07/01/2014","25.50","24.91","25.50","24.91","28.81M","1.80%"
"06/30/2014","25.05","25.00","25.17","24.98","10.67M","0.20%"
"06/27/2014","25.00","24.99","25.30","24.73","11.33M","0.00%"
"06/26/2014","25.00","24.40","25.10","24.83","8.40M","0.00%"
"06/25/2014","25.00","24.75","25.00","24.40","28.89M","0.00%"
"06/24/2014","25.00","24.70","25.03","24.40","19.89M","1.21%"
"06/23/2014","24.70","23.94","24.70","23.90","12.22M","3.78%"
"06/20/2014","23.80","24.20","24.30","23.80","10.24M","-0.83%"
"06/19/2014","24.00","24.75","24.79","23.66","16.77M","-3.23%"
"06/18/2014","24.80","24.89","24.89","24.38","6.93M","-0.40%"
"06/17/2014","24.90","25.00","25.08","24.63","17.46M","-1.15%"
"06/16/2014","25.19","25.20","25.30","25.00","4.36M","-0.43%"
"06/13/2014","25.30","25.30","25.40","25.28","13.17M","0.00%"
"06/12/2014","25.30","25.30","25.30","25.13","7.01M","0.00%"
"06/11/2014","25.30","25.30","25.40","25.24","9.42M","0.40%"
"06/10/2014","25.20","25.10","25.20","25.10","13.41M","0.80%"
"06/09/2014","25.00","25.00","25.20","25.00","11.28M","0.00%"
"06/06/2014","25.00","25.06","25.10","24.95","6.91M","-0.08%"
"06/05/2014","25.02","24.82","25.45","24.82","118.57M","0.08%"
"06/04/2014","25.00","24.54","25.15","24.51","24.84M","1.83%"
"06/03/2014","24.55","25.20","25.20","24.55","23.51M","-1.84%"
"06/02/2014","25.01","24.56","25.41","25.00","25.79M","-1.54%"
"05/30/2014","25.40","24.20","25.41","24.30","73.13M","5.70%"
"05/28/2014","24.03","23.50","24.10","23.50","255.64M","2.87%"
"05/27/2014","23.36","23.17","23.50","23.17","36.53M","1.08%"
"05/26/2014","23.11","23.16","23.16","23.11","1.63M","-1.28%"
"05/23/2014","23.41","23.12","23.48","23.11","7.20M","0.69%"
"05/22/2014","23.25","23.00","23.25","23.00","8.30M","1.53%"
"05/21/2014","22.90","23.30","23.50","22.90","217.91M","-1.72%"
"05/20/2014","23.30","23.00","23.30","22.96","31.10M","1.35%"
"05/19/2014","22.99","22.95","23.25","22.73","29.68M","0.17%"
"05/16/2014","22.95","23.30","23.30","22.91","6.10M","-2.34%"
"05/15/2014","23.50","23.34","23.50","23.32","29.16M","0.86%"
"05/14/2014","23.30","22.85","23.30","22.85","59.77M","1.70%"
"05/13/2014","22.91","22.80","22.92","22.75","14.49M","0.75%"
"05/12/2014","22.74","22.63","22.84","22.60","14.11M","0.49%"
"05/09/2014","22.63","23.00","23.00","22.40","54.01M","-1.61%"
"05/08/2014","23.00","22.60","23.00","22.60","17.76M","0.44%"
"05/07/2014","22.90","22.35","22.90","22.37","2.94M","1.78%"
"05/06/2014","22.50","22.20","22.50","22.20","4.12M","-0.22%"
"05/05/2014","22.55","22.50","22.60","22.50","3.36M","-0.66%"
"05/02/2014","22.70","22.10","23.15","22.56","40.95M","0.00%"
"04/30/2014","22.70","21.75","22.90","21.75","20.32M","3.56%"
"04/29/2014","21.92","22.00","22.00","21.70","23.15M","-1.22%"
"04/28/2014","22.19","21.96","22.45","21.97","4.37M","-0.72%"
"04/25/2014","22.35","23.50","23.50","22.35","14.45M","-4.89%"
"04/24/2014","23.50","23.00","23.74","23.14","130.73M","1.29%"
"04/23/2014","23.20","22.98","23.25","22.98","46.05M","0.91%"
"04/22/2014","22.99","22.30","23.00","22.30","14.85M","2.18%"
"04/17/2014","22.50","22.00","22.50","22.00","12.73M","0.36%"
"04/16/2014","22.42","22.10","22.80","22.10","27.38M","1.45%"
"04/15/2014","22.10","21.70","22.14","21.70","22.50M","1.84%"
"04/14/2014","21.70","21.84","21.84","21.40","9.73M","0.00%"
"04/11/2014","21.70","21.40","21.70","21.21","9.48M","2.12%"
"04/10/2014","21.25","22.00","22.03","20.90","29.70M","-3.85%"
"04/09/2014","22.10","21.75","22.10","21.88","46.79M","1.61%"
"04/08/2014","21.75","20.72","21.75","21.10","63.91M","3.57%"
"04/07/2014","21.00","21.29","21.40","20.74","68.14M","0.82%"
"04/04/2014","20.83","20.56","21.30","20.45","11.09M","-2.66%"
"04/03/2014","21.40","21.00","21.40","21.00","10.99M","0.09%"
"04/02/2014","21.38","21.39","21.38","20.91","37.33M","2.05%"
"04/01/2014","20.95","20.00","20.95","19.88","40.61M","4.75%"
"03/31/2014","20.00","19.79","20.00","19.75","17.48M","2.04%"
"03/28/2014","19.60","19.75","19.76","19.60","7.58M","0.00%"
"03/27/2014","19.60","19.79","19.80","19.50","43.02M","-0.51%"
"03/26/2014","19.70","20.05","20.11","19.65","18.23M","-2.04%"
"03/25/2014","20.11","20.15","20.59","20.00","41.35M","-0.20%"
"03/24/2014","20.15","20.98","20.50","20.05","17.11M","-8.41%"
"03/21/2014","22.00","21.40","22.05","21.05","56.42M","5.82%"
"03/20/2014","20.79","21.30","21.40","20.71","25.62M","1.37%"
"03/19/2014","20.51","20.85","20.80","20.50","71.95M","0.05%"
"03/18/2014","20.50","21.00","21.10","20.50","17.04M","-4.12%"
"03/17/2014","21.38","21.59","21.41","20.60","16.04M","0.00%"
"03/14/2014","21.38","22.50","22.00","21.38","15.05M","-3.17%"
"03/13/2014","22.08","22.40","22.60","22.08","9.20M","-2.17%"
"03/12/2014","22.57","22.00","22.90","22.02","19.70M","2.64%"
"03/11/2014","21.99","21.91","22.70","21.64","34.06M","1.81%"
"03/10/2014","21.60","21.45","21.60","21.40","8.96M","0.70%"
"03/07/2014","21.45","21.40","21.45","21.28","10.95M","0.00%"
"03/06/2014","21.45","21.38","21.45","21.00","47.13M","0.23%"
"03/05/2014","21.40","20.80","21.40","20.90","56.03M","0.52%"
"03/04/2014","21.29","21.00","21.60","20.81","75.91M","1.72%"
"03/03/2014","20.93","20.60","20.93","20.50","33.01M","2.10%"
"02/28/2014","20.50","20.16","20.50","20.32","73.17M","-0.49%"
"02/27/2014","20.60","20.50","20.65","20.50","22.51M","-1.86%"
"02/26/2014","20.99","21.80","21.70","20.71","25.59M","-1.22%"
"02/25/2014","21.25","20.99","21.90","20.90","29.39M","3.41%"
"02/24/2014","20.55","20.00","20.95","19.75","20.59M","3.27%"
"02/21/2014","19.90","19.95","20.06","19.67","15.37M","-0.45%"
"02/20/2014","19.99","20.70","20.80","19.67","69.06M","-3.89%"
"02/19/2014","20.80","21.00","21.00","20.71","20.67M","0.48%"
"02/18/2014","20.70","21.40","20.91","20.56","42.98M","0.98%"
"02/17/2014","20.50","20.66","21.18","19.96","55.58M","1.99%"
"02/14/2014","20.10","20.64","20.10","19.61","44.53M","-0.54%"
"02/13/2014","20.21","21.20","21.20","20.14","46.05M","-3.53%"
"02/12/2014","20.95","21.34","21.34","20.43","28.99M","-1.37%"
"02/11/2014","21.24","22.35","22.10","21.24","26.49M","-2.57%"
"02/10/2014","21.80","22.90","22.00","21.77","34.68M","-1.93%"
"02/07/2014","22.23","23.39","22.99","22.23","22.69M","-3.35%"
"02/06/2014","23.00","23.00","23.03","22.98","17.55M","0.00%"
"02/05/2014","23.00","23.00","23.01","22.90","25.86M","0.00%"
"02/04/2014","23.00","23.15","23.40","22.72","41.66M","-2.13%"
"02/03/2014","23.50","23.35","23.51","23.33","74.47M","0.86%"
"01/31/2014","23.30","23.20","23.50","23.20","8.51M","1.30%"
"01/30/2014","23.00","23.00","23.00","22.50","11.41M","0.00%"
"01/29/2014","23.00","23.00","23.00","22.50","11.41M","0.00%"
"01/28/2014","23.00","23.87","23.87","22.93","48.66M","-1.71%"
"01/27/2014","23.40","24.01","24.29","22.85","30.96M","-4.88%"
"01/24/2014","24.60","25.49","25.70","24.22","41.76M","-3.53%"
"01/23/2014","25.50","24.50","25.50","24.50","17.62M","4.72%"
"01/22/2014","24.35","24.00","24.35","22.81","21.10M","-3.03%"
"01/21/2014","25.11","25.60","25.48","25.00","14.37M","1.01%"
"01/20/2014","24.86","25.90","25.90","24.86","13.75M","-1.00%"
"01/17/2014","25.11","25.00","25.11","25.00","12.75M","0.44%"
"01/16/2014","25.00","23.91","25.00","24.00","26.06M","4.12%"
"01/15/2014","24.01","23.85","24.20","23.79","13.40M","2.56%"
"01/13/2014","23.41","23.94","23.45","23.25","26.99M","0.91%"
"01/10/2014","23.20","23.78","23.50","23.14","19.08M","0.26%"
"01/09/2014","23.14","23.00","23.30","22.70","19.57M","1.94%"
"01/08/2014","22.70","23.70","23.04","22.54","29.31M","-2.91%"
"01/07/2014","23.38","24.60","24.21","23.37","20.19M","-3.43%"
"01/06/2014","24.21","25.48","25.00","24.21","5.71M","-3.55%"
"01/03/2014","25.10","25.02","25.20","25.00","16.62M","0.40%"
"01/02/2014","25.00","26.20","26.20","24.90","16.02M","-8.76%"
"12/31/2013","27.40","26.11","27.40","25.00","18.36M","10.17%"
"12/30/2013","24.87","23.69","24.87","23.49","5.14M","5.83%"
"12/27/2013","23.50","23.05","23.50","23.05","20.58M","1.73%"
"12/24/2013","23.10","23.10","23.35","23.05","10.75M","-0.17%"
"12/23/2013","23.14","22.90","23.14","22.90","5.70M","1.05%"
"12/20/2013","22.90","23.15","23.00","22.88","8.18M","-1.76%"
"12/19/2013","23.31","22.20","23.31","21.85","8.51M","6.15%"
"12/18/2013","21.96","21.68","22.35","21.68","29.97M","2.14%"
"12/17/2013","21.50","21.50","21.55","21.50","7.91M","1.37%"
"12/16/2013","21.21","21.14","21.85","21.21","17.11M","-2.93%"
"12/13/2013","21.85","21.25","21.95","21.49","18.34M","1.39%"
"12/12/2013","21.55","21.50","21.63","21.21","12.38M","0.23%"
"12/11/2013","21.50","21.37","21.51","21.37","18.59M","0.61%"
"12/10/2013","21.37","21.10","21.40","21.00","24.89M","-0.09%"
"12/09/2013","21.39","21.49","21.49","21.00","28.48M","0.90%"
"12/06/2013","21.20","21.50","21.29","21.11","7.93M","-0.47%"
"12/05/2013","21.30","21.27","21.30","21.02","19.54M","-0.93%"
"12/04/2013","21.50","21.39","21.90","21.27","58.90M","0.94%"
"12/03/2013","21.30","21.20","21.40","21.22","62.16M","-0.28%"
"12/02/2013","21.36","21.15","21.40","21.15","19.09M","0.28%"
"11/29/2013","21.30","21.02","21.30","21.02","16.54M","0.14%"
"11/28/2013","21.27","21.07","21.35","21.09","13.69M","-0.37%"
"11/27/2013","21.35","21.10","21.35","21.00","58.77M","0.61%"
"11/26/2013","21.22","21.30","21.30","21.01","22.20M","0.05%"
"11/25/2013","21.21","21.32","21.32","21.18","13.50M","0.14%"
"11/22/2013","21.18","21.20","21.20","21.17","2.79M","-0.09%"
"11/21/2013","21.20","21.09","21.30","21.09","5.04M","-0.47%"
"11/20/2013","21.30","21.39","21.40","21.30","18.96M","-0.42%"
"11/19/2013","21.39","21.29","21.40","21.29","7.02M","0.42%"
"11/18/2013","21.30","21.10","21.40","21.02","41.95M","0.24%"
"11/15/2013","21.25","21.20","21.29","21.01","7.55M","-0.14%"
"11/14/2013","21.28","21.24","21.30","21.24","22.53M","1.29%"
"11/13/2013","21.01","21.35","21.35","21.00","45.87M","-1.36%"
"11/12/2013","21.30","21.35","21.35","21.27","3.43M","-0.93%"
"11/11/2013","21.50","21.69","21.50","21.05","6.29M","0.99%"
"11/08/2013","21.29","21.50","21.50","21.14","26.44M","-0.75%"
"11/07/2013","21.45","21.65","21.68","21.21","39.43M","-1.06%"
"11/06/2013","21.68","21.44","21.70","21.50","91.61M","-0.05%"
"11/05/2013","21.69","21.11","21.70","21.30","6.20M","1.83%"
"11/04/2013","21.30","21.35","21.35","21.05","29.86M","0.00%"
"11/01/2013","21.30","21.30","21.35","21.20","17.53M","-1.11%"
"10/31/2013","21.54","21.05","21.85","21.00","43.40M","2.52%"
"10/30/2013","21.01","21.00","21.33","20.75","18.67M","-0.90%"
"10/29/2013","21.20","21.36","21.50","21.02","9.77M","-1.17%"
"10/28/2013","21.45","21.50","21.50","21.20","5.31M","-1.15%"
"10/25/2013","21.70","21.85","21.89","21.46","6.06M","-0.23%"
"10/24/2013","21.75","21.65","21.75","21.46","6.75M","1.54%"
"10/23/2013","21.42","21.91","21.91","21.39","10.26M","-0.60%"
"10/22/2013","21.55","21.85","22.01","21.55","11.03M","-1.46%"
"10/21/2013","21.87","22.00","22.08","21.85","60.53M","-0.77%"
"10/18/2013","22.04","21.40","22.10","21.76","110.48M","1.90%"
"10/17/2013","21.63","21.50","21.89","21.50","18.09M","-0.96%"
"10/14/2013","21.84","21.30","21.88","20.84","30.79M","1.53%"
"10/11/2013","21.51","20.90","21.58","20.90","27.44M","3.31%"
"10/10/2013","20.82","20.70","20.98","20.79","10.47M","-1.65%"
"10/09/2013","21.17","20.26","21.26","20.25","10.44M","4.54%"
"10/08/2013","20.25","20.20","20.40","20.20","9.58M","0.25%"
"10/07/2013","20.20","20.19","20.22","20.15","12.38M","0.10%"
"10/04/2013","20.18","20.00","20.18","20.03","6.79M","0.85%"
"10/03/2013","20.01","20.00","20.19","20.00","74.81M","0.05%"
"10/02/2013","20.00","20.00","20.25","20.00","61.75M","0.05%"
"09/30/2013","19.99","20.00","20.10","19.92","23.59M","0.45%"
"09/27/2013","19.90","19.90","19.99","19.90","3.13M","0.00%"
"09/26/2013","19.90","19.92","20.00","19.87","18.41M","1.02%"
"09/25/2013","19.70","19.98","19.98","19.70","1.61M","-1.50%"
"09/24/2013","20.00","20.00","20.02","19.73","35.58M","0.00%"
"09/23/2013","20.00","19.87","20.00","19.52","3.58M","0.50%"
"09/20/2013","19.90","19.90","19.90","19.80","7.66M","0.00%"
"09/19/2013","19.90","19.50","20.00","19.50","21.56M","2.31%"
"09/18/2013","19.45","19.30","19.50","19.30","20.52M","0.52%"
"09/17/2013","19.35","19.58","19.58","19.35","3.94M","-1.33%"
"09/16/2013","19.61","19.50","19.62","19.50","3.00M","-0.20%"
"09/13/2013","19.65","19.65","19.69","19.56","14.34M","1.13%"
"09/12/2013","19.43","19.60","19.65","19.43","6.89M","-1.82%"
"09/11/2013","19.79","19.45","19.79","19.42","14.81M","2.01%"
"09/10/2013","19.40","19.51","19.51","19.40","2.58M","-0.82%"
"09/09/2013","19.56","19.58","19.70","19.56","4.24M","0.31%"
"09/06/2013","19.50","19.61","19.61","19.50","12.59M","-0.56%"
"09/05/2013","19.61","19.79","19.85","19.61","19.76M","-1.21%"
"09/04/2013","19.85","19.85","19.90","19.71","13.29M","0.00%"
"09/03/2013","19.85","19.90","19.90","19.85","2.15M","0.00%"
"09/02/2013","19.85","20.00","20.00","19.76","15.93M","0.71%"
"08/30/2013","19.71","19.59","19.85","19.59","6.86M","0.56%"
"08/29/2013","19.60","19.61","19.61","19.23","11.41M","-0.25%"
"08/28/2013","19.65","20.00","20.00","19.65","6.89M","-0.86%"
"08/27/2013","19.82","20.00","20.00","19.82","13.27M","-0.90%"
"08/26/2013","20.00","20.10","20.12","19.95","6.98M","-0.70%"
"08/23/2013","20.14","20.13","20.24","20.13","5.21M","0.20%"
"08/22/2013","20.10","19.92","20.30","19.90","30.54M","1.01%"
"08/21/2013","19.90","20.00","20.03","19.76","23.97M","-0.50%"
"08/20/2013","20.00","20.50","20.50","19.98","11.08M","-4.72%"
"08/19/2013","20.99","20.61","20.99","20.11","5.54M","0.72%"
"08/16/2013","20.84","20.99","21.00","20.50","5.94M","-0.53%"
"08/15/2013","20.95","21.00","21.05","20.80","27.87M","-0.24%"
"08/14/2013","21.00","21.00","21.10","20.96","246.06M","0.00%"
"08/13/2013","21.00","21.25","21.27","20.99","43.92M","-1.32%"
"08/12/2013","21.28","21.12","21.37","21.00","7.97M","0.81%"
"08/07/2013","21.11","21.10","21.20","21.05","22.33M","0.05%"
"08/06/2013","21.10","21.02","21.40","20.76","33.38M","0.38%"
"08/05/2013","21.02","20.93","21.10","20.80","6.93M","0.43%"
"08/02/2013","20.93","20.35","21.00","20.22","16.90M","3.61%"
"08/01/2013","20.20","19.70","20.20","19.70","20.60M","2.28%"
"07/31/2013","19.75","20.01","20.06","19.62","11.63M","-1.25%"
"07/30/2013","20.00","20.48","20.94","20.00","18.46M","-0.25%"
"07/29/2013","20.05","20.00","20.24","19.90","10.50M","3.08%"
"07/26/2013","19.45","20.00","20.10","19.32","13.24M","-1.47%"
"07/25/2013","19.74","20.30","20.30","19.71","6.87M","-1.30%"
"07/24/2013","20.00","21.50","21.50","19.72","20.27M","-5.53%"
"07/23/2013","21.17","21.31","21.31","21.00","12.82M","-1.07%"
"07/22/2013","21.40","21.13","21.50","21.13","9.39M","-0.93%"
"07/19/2013","21.60","21.50","21.60","21.50","20.83M","0.47%"
"07/18/2013","21.50","21.69","21.69","21.38","8.79M","0.47%"
"07/17/2013","21.40","21.50","21.60","21.20","9.42M","-0.33%"
"07/16/2013","21.47","21.30","21.49","21.10","23.04M","2.24%"
"07/15/2013","21.00","20.99","21.10","20.99","10.91M","1.01%"
"07/12/2013","20.79","20.73","20.79","20.51","4.86M","2.36%"
"07/11/2013","20.31","20.50","20.55","20.31","20.01M","0.05%"
"07/10/2013","20.30","20.46","20.47","20.11","9.20M","-0.73%"
"07/09/2013","20.45","20.90","20.90","20.45","5.49M","0.74%"
"07/08/2013","20.30","20.80","20.80","20.18","4.79M","-1.93%"
"07/05/2013","20.70","20.48","21.10","20.20","16.44M","1.32%"
"07/04/2013","20.43","20.10","20.65","20.10","8.07M","2.61%"
"07/03/2013","19.91","20.25","20.25","19.91","2.27M","-1.68%"
"07/02/2013","20.25","20.00","20.40","19.91","16.76M","2.74%"
"07/01/2013","19.71","19.80","19.80","19.70","2.60M","-0.45%"
"06/28/2013","19.80","20.00","20.00","19.80","21.75M","1.02%"
"06/27/2013","19.60","19.05","20.00","19.05","34.31M","4.26%"
"06/26/2013","18.80","19.00","19.46","18.80","92.85M","5.15%"
"06/25/2013","17.88","19.85","19.90","17.80","41.97M","-6.39%"
"06/24/2013","19.10","20.00","20.11","19.00","13.25M","-5.54%"
"06/21/2013","20.22","20.65","20.70","20.22","53.85M","-2.32%"
"06/20/2013","20.70","20.90","20.99","20.50","27.16M","-1.94%"
"06/19/2013","21.11","20.90","21.45","20.90","30.52M","1.00%"
"06/18/2013","20.90","20.00","20.92","20.00","20.16M","4.50%"
"06/17/2013","20.00","20.49","20.50","19.76","15.85M","-2.39%"
"06/14/2013","20.49","20.90","21.80","20.30","14.75M","-1.96%"
"06/13/2013","20.90","22.00","22.24","20.25","20.89M","-6.07%"
"06/12/2013","22.25","22.70","22.80","22.11","16.71M","-2.41%"
"06/11/2013","22.80","22.51","22.85","22.41","24.03M","0.04%"
"06/10/2013","22.79","22.79","22.95","22.51","28.27M","-0.04%"
"06/07/2013","22.80","22.50","22.80","22.41","46.01M","1.33%"
"06/06/2013","22.50","22.40","22.50","22.35","39.10M","0.45%"
"06/05/2013","22.40","22.20","22.54","22.20","31.09M","0.22%"
"06/04/2013","22.35","22.30","22.41","22.20","46.14M","0.00%"
"06/03/2013","22.35","22.70","22.94","22.00","15.01M","0.68%"
"05/31/2013","22.20","22.60","22.60","22.15","12.56M","-2.63%"
"05/30/2013","22.80","23.00","23.00","22.57","13.36M","0.88%"
"05/28/2013","22.60","22.70","22.77","22.51","27.11M","-0.44%"
"05/27/2013","22.70","22.75","22.75","22.65","5.75M","-0.22%"
"05/24/2013","22.75","22.20","23.00","22.20","15.69M","2.94%"
"05/23/2013","22.10","22.19","22.20","22.08","56.40M","0.00%"
"05/22/2013","22.10","21.76","22.25","21.75","30.54M","1.24%"
"05/21/2013","21.83","21.76","21.83","21.75","16.53M","0.23%"
"05/20/2013","21.78","21.70","21.80","21.70","21.80M","0.37%"
"05/17/2013","21.70","21.79","21.79","21.61","14.77M","-0.69%"
"05/16/2013","21.85","21.84","21.85","21.50","22.91M","0.92%"
"05/15/2013","21.65","21.80","21.85","21.56","28.71M","0.42%"
"05/14/2013","21.56","21.88","21.88","21.48","18.93M","-0.05%"
"05/13/2013","21.57","21.80","22.00","21.49","47.69M","0.37%"
"05/10/2013","21.49","21.60","21.80","21.46","4.35M","0.19%"
"05/09/2013","21.45","21.39","21.50","21.21","36.73M","0.23%"
"05/08/2013","21.40","20.57","21.50","20.50","34.99M","5.16%"
"05/07/2013","20.35","20.39","20.40","20.22","22.50M","0.69%"
"05/06/2013","20.21","20.20","20.30","20.16","9.53M","0.05%"
"05/03/2013","20.20","20.25","20.25","20.20","16.10M","0.50%"
"05/02/2013","20.10","20.15","20.40","20.05","60.71M","-0.25%"
"04/30/2013","20.15","20.20","20.30","20.04","9.26M","0.00%"
"04/29/2013","20.15","20.20","20.20","19.98","7.78M","0.75%"
"04/26/2013","20.00","20.43","20.43","20.00","6.75M","-1.23%"
"04/25/2013","20.25","20.50","20.50","20.15","48.35M","0.05%"
"04/24/2013","20.24","20.80","20.80","20.00","33.96M","-0.05%"
"04/23/2013","20.25","19.90","20.30","19.55","34.24M","2.79%"
"04/22/2013","19.70","19.50","20.00","19.31","28.62M","2.60%"
"04/19/2013","19.20","19.47","19.47","19.10","19.30M","0.00%"
"04/18/2013","19.20","19.40","19.40","19.17","35.24M","-1.03%"
"04/17/2013","19.40","19.12","19.50","19.12","30.02M","1.89%"
"04/16/2013","19.04","19.46","20.00","19.04","28.48M","-5.08%"
"04/15/2013","20.06","20.06","20.06","20.06","37.71M","-7.39%"
"04/12/2013","21.66","21.79","21.98","21.62","38.30M","-0.64%"
"04/11/2013","21.80","21.50","22.00","21.50","22.82M","3.81%"
"04/10/2013","21.00","21.70","21.98","19.90","33.82M","-3.23%"
"04/09/2013","21.70","21.95","21.99","21.65","20.83M","-1.14%"
"04/08/2013","21.95","22.25","22.25","21.90","32.19M","2.05%"
"04/05/2013","21.51","22.45","22.50","21.51","20.24M","-3.67%"
"04/04/2013","22.33","22.75","23.10","22.20","28.03M","0.22%"
"04/03/2013","22.28","21.99","23.80","21.99","68.76M","2.91%"
"04/02/2013","21.65","21.30","21.93","21.30","24.57M","1.64%"
"03/28/2013","21.30","21.69","21.69","21.05","17.00M","0.05%"
"03/27/2013","21.29","21.50","21.50","21.00","18.33M","1.38%"
"03/26/2013","21.00","21.30","21.50","20.99","15.97M","-0.43%"
"03/25/2013","21.09","21.20","21.75","21.00","23.88M","0.43%"
"03/22/2013","21.00","21.25","21.28","20.56","11.07M","-0.94%"
"03/21/2013","21.20","21.28","21.49","21.15","29.57M","-0.93%"
"03/20/2013","21.40","21.65","21.89","21.26","11.32M","-1.15%"
"03/19/2013","21.65","21.60","21.80","21.50","8.69M","0.93%"
"03/18/2013","21.45","21.60","21.75","21.40","14.41M","-0.60%"
"03/15/2013","21.58","21.85","21.85","21.50","16.09M","-0.55%"
"03/14/2013","21.70","21.88","21.90","21.59","20.35M","-0.87%"
"03/13/2013","21.89","21.90","21.99","21.79","16.41M","-0.05%"
"03/12/2013","21.90","21.66","21.90","21.66","35.83M","0.92%"
"03/11/2013","21.70","21.85","21.85","21.70","5.45M","0.00%"
"03/08/2013","21.70","21.70","21.98","21.55","48.98M","0.46%"
"03/07/2013","21.60","21.40","21.66","21.39","19.02M","0.47%"
"03/06/2013","21.50","21.49","21.90","21.31","26.21M","0.05%"
"03/05/2013","21.49","21.00","21.49","20.90","21.21M","2.82%"
"03/04/2013","20.90","20.71","20.90","20.70","53.66M","-0.95%"
"03/01/2013","21.10","20.65","21.15","20.65","11.87M","1.69%"
"02/28/2013","20.75","21.50","21.55","20.75","20.48M","-1.71%"
"02/27/2013","21.11","21.51","21.70","21.00","96.04M","-1.81%"
"02/26/2013","21.50","21.08","21.50","21.08","17.00M","1.99%"
"02/25/2013","21.08","21.00","21.16","20.98","9.67M","2.78%"
"02/22/2013","20.51","21.00","21.00","20.50","56.23M","-0.73%"
"02/21/2013","20.66","21.15","21.25","20.66","16.06M","-2.32%"
"02/20/2013","21.15","21.20","21.33","21.04","11.16M","-0.24%"
"02/19/2013","21.20","21.02","21.30","20.80","17.34M","0.57%"
"02/18/2013","21.08","21.00","21.25","20.87","11.45M","0.38%"
"02/15/2013","21.00","20.61","21.00","20.53","17.22M","2.14%"
"02/14/2013","20.56","21.01","21.07","20.55","17.43M","-2.56%"
"02/13/2013","21.10","21.21","21.21","21.05","9.86M","-0.94%"
"02/12/2013","21.30","21.10","21.30","21.10","11.34M","1.43%"
"02/11/2013","21.00","21.00","21.10","20.99","41.18M","0.00%"
"02/08/2013","21.00","21.10","21.15","20.97","7.83M","0.00%"
"02/07/2013","21.00","21.40","21.50","21.00","11.79M","-1.87%"
"02/06/2013","21.40","21.51","21.60","21.11","21.07M","-0.28%"
"02/05/2013","21.46","21.30","21.51","21.20","32.39M","0.99%"
"02/04/2013","21.25","21.00","21.50","21.00","17.40M","1.24%"
"02/01/2013","20.99","20.51","20.99","20.50","16.32M","2.39%"
"01/31/2013","20.50","20.59","20.80","20.36","13.04M","-1.44%"
"01/30/2013","20.80","21.02","21.25","20.60","9.89M","-2.12%"
"01/29/2013","21.25","21.44","21.44","21.22","6.92M","-1.12%"
"01/28/2013","21.49","21.50","21.79","21.02","15.06M","1.85%"
"01/25/2013","21.10","20.39","21.20","20.39","35.00M","3.43%"
"01/23/2013","20.40","20.20","20.40","20.20","7.42M","1.49%"
"01/22/2013","20.10","20.30","20.55","20.06","9.99M","-0.94%"
"01/21/2013","20.29","20.85","20.85","20.22","6.10M","-1.79%"
"01/18/2013","20.66","20.60","20.75","20.55","44.19M","0.29%"
"01/17/2013","20.60","20.06","20.75","20.06","12.35M","0.49%"
"01/16/2013","20.50","20.31","20.80","20.31","16.31M","0.99%"
"01/15/2013","20.30","20.12","20.40","20.01","18.20M","0.89%"
"01/14/2013","20.12","20.10","20.15","19.85","21.40M","-0.05%"
"01/11/2013","20.13","19.80","20.23","19.80","39.32M","2.18%"
"01/10/2013","19.70","21.00","21.00","19.70","9.15M","-6.19%"
"01/09/2013","21.00","21.50","21.59","21.00","42.11M","-0.47%"
"01/08/2013","21.10","20.60","21.10","20.60","44.32M","1.20%"
"01/07/2013","20.85","20.50","20.98","20.10","15.53M","5.36%"
"01/04/2013","19.79","19.80","19.85","19.72","41.91M","-0.05%"
"01/03/2013","19.80","19.70","19.99","19.49","18.05M","2.06%"
"01/02/2013","19.40","19.25","19.59","19.20","26.29M","-0.46%"
"12/31/2012","19.49","18.80","19.50","18.68","9.89M","4.62%"
"12/28/2012","18.63","18.80","18.80","18.62","15.71M","-0.05%"
"12/27/2012","18.64","18.30","18.64","18.30","26.42M","0.22%"
"12/24/2012","18.60","18.30","18.70","18.16","14.05M","2.20%"
"12/21/2012","18.20","18.15","18.95","18.15","18.56M","0.50%"
"12/20/2012","18.11","18.15","18.22","18.11","18.96M","-0.22%"
"12/19/2012","18.15","18.20","18.34","17.96","10.22M","0.06%"
"12/18/2012","18.14","18.00","18.50","18.00","9.87M","0.78%"
"12/17/2012","18.00","17.90","18.00","17.90","76.59M","0.17%"
"12/14/2012","17.97","17.66","18.05","17.66","6.65M","2.33%"
"12/13/2012","17.56","18.00","18.00","17.35","88.56M","-1.79%"
"12/12/2012","17.88","17.80","18.05","17.80","61.76M","0.90%"
"12/11/2012","17.72","17.67","17.75","17.67","33.81M","-0.45%"
"12/10/2012","17.80","17.75","17.83","17.75","25.61M","0.00%"
"12/07/2012","17.80","17.13","17.80","17.13","35.41M","0.85%"
"12/06/2012","17.65","17.16","17.76","17.15","30.70M","1.96%"
"12/05/2012","17.31","17.20","17.31","17.11","12.63M","0.64%"
"12/04/2012","17.20","17.11","17.20","17.10","14.20M","0.00%"
"12/03/2012","17.20","17.25","17.25","17.17","16.86M","-0.52%"
"11/30/2012","17.29","16.89","17.29","16.89","16.36M","2.31%"
"11/29/2012","16.90","16.60","16.90","16.60","18.22M","2.42%"
"11/28/2012","16.50","16.70","16.96","16.32","7.86M","0.30%"
"11/27/2012","16.45","16.61","16.61","16.41","5.94M","-3.24%"
"11/26/2012","17.00","17.30","17.30","16.55","12.43M","-0.82%"
"11/23/2012","17.14","17.20","17.20","17.07","6.31M","-0.35%"
"11/22/2012","17.20","17.70","17.75","17.02","11.61M","-1.66%"
"11/21/2012","17.49","17.78","17.78","17.35","4.83M","-2.29%"
"11/20/2012","17.90","17.70","17.91","17.70","26.41M","0.67%"
"11/19/2012","17.78","17.79","17.79","17.44","41.37M","-0.95%"
"11/16/2012","17.95","17.70","17.95","17.66","7.71M","1.41%"
"11/15/2012","17.70","17.70","17.71","17.66","11.37M","0.00%"
"11/14/2012","17.70","17.60","17.75","17.60","18.37M","0.40%"
"11/13/2012","17.63","17.41","17.63","17.41","7.02M","-1.23%"
"11/12/2012","17.85","17.75","17.85","17.73","10.96M","0.56%"
"11/09/2012","17.75","17.80","17.81","17.60","14.72M","-0.39%"
"11/08/2012","17.82","17.70","17.90","17.60","21.50M","-0.45%"
"11/07/2012","17.90","17.90","17.97","17.70","20.89M","1.42%"
"11/06/2012","17.65","17.60","17.70","17.60","35.22M","0.28%"
"11/05/2012","17.60","17.85","17.90","17.60","10.36M","-0.96%"
"11/02/2012","17.77","17.68","17.77","17.68","1.83M","-1.28%"
"11/01/2012","18.00","17.76","18.00","17.75","8.40M","-0.11%"
"10/31/2012","18.02","18.30","18.30","17.90","9.19M","0.11%"
"10/30/2012","18.00","18.39","18.39","18.00","11.20M","0.00%"
"10/29/2012","18.00","17.50","18.04","17.50","58.33M","2.86%"
"10/24/2012","17.50","18.39","18.39","17.17","49.15M","-3.31%"
"10/23/2012","18.10","18.20","18.20","17.80","38.33M","-1.63%"
"10/22/2012","18.40","18.15","18.40","18.15","34.52M","1.10%"
"10/19/2012","18.20","17.91","18.20","17.91","42.84M","0.39%"
"10/18/2012","18.13","18.24","18.24","18.00","15.92M","0.72%"
"10/17/2012","18.00","18.23","18.25","17.60","47.16M","-1.64%"
"10/16/2012","18.30","17.37","18.30","17.37","27.24M","-0.27%"
"10/12/2012","18.35","18.40","18.49","18.20","39.04M","-0.27%"
"10/11/2012","18.40","17.80","18.40","17.80","86.35M","3.37%"
"10/10/2012","17.80","17.78","17.90","17.43","29.06M","0.06%"
"10/09/2012","17.79","17.25","17.90","17.21","15.91M","-1.06%"
"10/08/2012","17.98","17.50","17.98","17.00","7.71M","5.15%"
"10/05/2012","17.10","16.83","17.25","16.83","5.00M","0.65%"
"10/04/2012","16.99","16.98","16.99","16.80","6.67M","1.74%"
"10/03/2012","16.70","16.40","16.75","16.40","13.09M","1.21%"
"10/02/2012","16.50","16.30","16.50","16.06","35.81M","1.23%"
"09/28/2012","16.30","16.15","16.30","16.05","19.11M","1.24%"
"09/27/2012","16.10","16.10","16.24","16.10","88.28M","0.00%"
"09/26/2012","16.10","16.10","16.20","16.01","34.13M","-1.23%"
"09/25/2012","16.30","16.13","16.37","16.01","85.43M","-0.61%"
"09/24/2012","16.40","16.50","16.50","16.20","5.15M","-0.61%"
"09/21/2012","16.50","16.05","16.55","16.05","64.24M","3.13%"
"09/20/2012","16.00","16.03","16.27","15.99","8.60M","-1.78%"
"09/19/2012","16.29","16.38","16.40","15.92","137.95M","1.24%"
"09/18/2012","16.09","16.00","16.20","15.93","29.43M","-1.23%"
"09/17/2012","16.29","16.04","16.30","15.92","21.23M","-0.18%"
"09/14/2012","16.32","16.04","16.40","16.00","27.60M","-0.49%"
"09/13/2012","16.40","16.15","16.50","16.00","59.91M","-0.61%"
"09/12/2012","16.50","16.30","16.50","16.00","66.89M","1.54%"
"09/11/2012","16.25","16.48","16.48","15.80","36.66M","0.12%"
"09/10/2012","16.23","16.80","17.00","16.00","22.02M","-2.81%"
"09/07/2012","16.70","16.40","17.00","15.85","76.04M","1.83%"
"09/06/2012","16.40","15.79","16.50","15.70","12.20M","3.86%"
"09/05/2012","15.79","15.60","15.95","15.56","9.25M","1.87%"
"09/04/2012","15.50","15.40","15.50","15.34","6.91M","0.32%"
"09/03/2012","15.45","15.38","15.50","15.30","8.77M","0.46%"
"08/31/2012","15.38","15.40","15.80","15.10","41.62M","-0.77%"
"08/30/2012","15.50","15.79","16.00","15.40","49.94M","-0.96%"
"08/29/2012","15.65","15.20","15.80","15.20","9.41M","0.64%"
"08/28/2012","15.55","15.50","16.00","15.02","34.09M","0.32%"
"08/27/2012","15.50","15.48","15.55","15.21","28.93M","0.13%"
"08/24/2012","15.48","15.48","15.49","15.22","47.55M","0.85%"
"08/23/2012","15.35","15.40","15.50","15.20","38.72M","-0.58%"
"08/22/2012","15.44","15.50","15.50","15.19","43.18M","0.32%"
"08/17/2012","15.39","15.10","15.50","15.10","18.48M","2.46%"
"08/16/2012","15.02","15.08","15.13","15.02","4.81M","-0.53%"
"08/15/2012","15.10","15.16","15.20","15.00","15.75M","-0.26%"
"08/14/2012","15.14","15.00","15.14","15.00","4.68M","0.26%"
"08/13/2012","15.10","15.00","15.10","14.98","18.47M","0.67%"
"08/10/2012","15.00","15.00","15.05","14.80","15.80M","0.00%"
"08/09/2012","15.00","15.00","15.10","14.96","19.31M","-0.66%"
"08/08/2012","15.10","15.05","15.14","14.92","4.14M","0.33%"
"08/07/2012","15.05","15.00","15.05","14.80","59.88M","0.33%"
"08/06/2012","15.00","14.95","15.10","14.95","55.65M","0.33%"
"08/03/2012","14.95","14.98","15.25","14.70","8.73M","1.70%"
"08/02/2012","14.70","14.71","14.95","14.70","15.54M","-1.74%"
"08/01/2012","14.96","14.40","15.00","14.37","96.17M","3.89%"
"07/31/2012","14.40","14.15","14.48","14.15","119.42M","-0.62%"
"07/30/2012","14.49","14.50","14.50","14.13","12.82M","-0.07%"
"07/27/2012","14.50","14.39","14.59","14.15","14.90M","-1.29%"
"07/26/2012","14.69","14.61","14.69","14.21","23.09M","0.07%"
"07/25/2012","14.68","14.70","14.91","14.61","26.14M","-0.14%"
"07/24/2012","14.70","14.50","14.97","14.15","18.91M","0.00%"
"07/23/2012","14.70","14.72","15.05","14.64","24.85M","0.00%"
"07/20/2012","14.70","14.65","15.00","14.60","3.18M","-2.33%"
"07/19/2012","15.05","15.03","15.25","14.99","25.79M","-1.18%"
"07/18/2012","15.23","15.10","15.49","15.00","12.80M","1.53%"
"07/17/2012","15.00","15.01","15.10","14.93","24.68M","0.00%"
"07/16/2012","15.00","14.40","15.00","14.40","8.71M","4.17%"
"07/13/2012","14.40","14.50","14.55","14.40","8.80M","-0.69%"
"07/12/2012","14.50","14.50","14.66","14.49","4.21M","-1.43%"
"07/11/2012","14.71","14.05","14.71","14.05","21.17M","5.00%"
"07/10/2012","14.01","14.37","14.37","14.01","17.82M","-2.51%"
"07/09/2012","14.37","14.40","14.40","14.30","9.03M","-0.83%"
"07/06/2012","14.49","14.32","14.49","14.30","6.92M","1.33%"
"07/05/2012","14.30","14.70","14.70","14.30","32.30M","-3.70%"
"07/04/2012","14.85","14.05","14.85","14.05","14.53M","4.95%"
"07/03/2012","14.15","14.30","14.37","14.06","8.41M","0.00%"
"07/02/2012","14.15","13.80","14.15","13.80","6.04M","2.91%"
"06/29/2012","13.75","13.70","13.75","13.64","10.66M","0.36%"
"06/28/2012","13.70","13.65","13.71","13.60","9.51M","-0.36%"
"06/27/2012","13.75","14.00","14.00","13.70","8.27M","0.36%"
"06/26/2012","13.70","13.90","13.90","13.67","5.62M","-0.15%"
"06/25/2012","13.72","13.70","13.73","13.70","7.44M","-1.29%"
"06/22/2012","13.90","13.69","13.90","13.69","9.25M","1.46%"
"06/21/2012","13.70","14.20","14.54","13.70","17.11M","-1.65%"
"06/20/2012","13.93","13.29","13.95","13.29","10.23M","4.82%"
"06/19/2012","13.29","13.21","13.32","13.21","18.17M","-0.08%"
"06/18/2012","13.30","13.25","13.30","13.15","11.50M","0.38%"
"06/15/2012","13.25","13.35","13.37","13.25","12.92M","-0.75%"
"06/14/2012","13.35","13.26","13.40","13.26","8.97M","-1.11%"
"06/13/2012","13.50","13.25","13.50","13.25","11.11M","1.89%"
"06/12/2012","13.25","13.35","13.35","13.25","6.58M","-1.85%"
"06/11/2012","13.50","13.70","13.93","13.27","6.22M","0.00%"
"06/08/2012","13.50","13.70","13.70","13.25","50.39M","-1.46%"
"06/07/2012","13.70","14.00","14.00","13.45","11.30M","-2.14%"
"06/06/2012","14.00","13.50","14.00","13.50","8.16M","4.48%"
"06/05/2012","13.40","13.35","13.80","13.25","23.23M","1.13%"
"06/04/2012","13.25","13.61","14.02","13.25","10.37M","-1.49%"
"06/01/2012","13.45","13.89","13.89","13.45","5.77M","-3.86%"
"05/31/2012","13.99","14.50","14.50","13.87","7.91M","-3.52%"
"05/30/2012","14.50","14.70","14.70","14.25","36.20M","-1.36%"
"05/28/2012","14.70","14.55","14.70","14.25","5.68M","-0.68%"
"05/25/2012","14.80","14.99","14.99","14.61","29.05M","-0.67%"
"05/24/2012","14.90","15.05","15.14","14.56","21.40M","-0.67%"
"05/23/2012","15.00","14.94","15.00","14.85","22.09M","0.81%"
"05/22/2012","14.88","14.84","14.89","14.70","10.75M","0.20%"
"05/21/2012","14.85","14.88","14.88","14.57","19.23M","0.00%"
"05/18/2012","14.85","14.44","14.85","14.44","36.32M","1.43%"
"05/17/2012","14.64","14.70","14.70","14.52","9.91M","-0.34%"
"05/16/2012","14.69","14.95","14.95","14.69","13.75M","-1.74%"
"05/15/2012","14.95","14.95","14.95","14.67","27.27M","0.00%"
"05/14/2012","14.95","15.08","15.08","14.75","20.35M","-0.27%"
"05/11/2012","14.99","15.07","15.07","14.70","59.02M","-0.07%"
"05/10/2012","15.00","15.19","15.19","14.81","16.89M","-1.19%"
"05/09/2012","15.18","15.80","15.80","14.61","73.78M","-0.78%"
"05/08/2012","15.30","15.50","15.54","14.82","73.67M","2.68%"
"05/07/2012","14.90","15.53","15.53","14.76","46.37M","-4.06%"
"05/04/2012","15.53","15.70","15.70","15.22","33.38M","-0.38%"
"05/03/2012","15.59","15.31","15.60","14.91","50.65M","4.91%"
"05/02/2012","14.86","14.75","14.86","14.40","78.85M","4.94%"
"04/30/2012","14.16","14.23","14.40","14.15","63.22M","0.21%"
"04/27/2012","14.13","14.35","14.35","14.04","8.07M","-0.28%"
"04/26/2012","14.17","13.92","14.19","13.92","89.90M","2.31%"
"04/25/2012","13.85","14.17","14.17","13.50","19.70M","-1.07%"
"04/24/2012","14.00","14.15","14.31","13.79","68.61M","-0.71%"
"04/23/2012","14.10","14.30","14.35","13.75","30.27M","3.15%"
"04/20/2012","13.67","13.20","13.67","13.13","42.67M","4.99%"
"04/19/2012","13.02","13.00","13.20","12.90","37.86M","0.77%"
"04/18/2012","12.92","12.90","13.00","12.75","27.39M","0.16%"
"04/17/2012","12.90","13.25","13.25","12.80","30.54M","-0.77%"
"04/13/2012","13.00","13.09","13.09","12.81","46.25M","0.70%"
"04/12/2012","12.91","12.99","12.99","12.62","13.66M","0.08%"
"04/11/2012","12.90","13.05","13.08","12.50","13.25M","-1.38%"
"04/10/2012","13.08","13.01","13.10","12.90","23.91M","-0.61%"
"04/05/2012","13.16","13.19","13.20","13.10","21.62M","-0.30%"
"04/04/2012","13.20","13.60","13.60","13.01","31.40M","1.54%"
"04/03/2012","13.00","12.60","13.00","12.40","31.22M","4.84%"
"04/02/2012","12.40","12.38","12.40","12.20","14.12M","0.00%"
"03/30/2012","12.40","12.40","12.40","12.10","22.65M","0.00%"
"03/29/2012","12.40","12.40","12.59","12.20","14.59M","0.40%"
"03/28/2012","12.35","12.30","12.68","12.20","44.87M","0.41%"
"03/27/2012","12.30","12.70","12.70","12.13","102.04M","-3.53%"
"03/26/2012","12.75","12.75","12.75","12.75","26.12M","-6.93%"
"03/23/2012","13.70","13.00","13.70","13.00","69.13M","2.24%"
"03/22/2012","13.40","13.17","13.45","13.01","18.05M","3.08%"
"03/21/2012","13.00","13.10","13.10","12.99","113.58M","0.00%"
"03/20/2012","13.00","13.29","13.29","12.60","27.88M","-0.76%"
"03/19/2012","13.10","13.30","13.30","13.00","11.03M","0.69%"
"03/16/2012","13.01","13.15","13.40","12.96","35.94M","0.77%"
"03/15/2012","12.91","13.15","13.15","12.91","7.13M","-1.83%"
"03/14/2012","13.15","13.31","13.31","13.15","26.46M","-0.45%"
"03/13/2012","13.21","13.60","13.63","13.21","44.51M","-3.65%"
"03/12/2012","13.71","13.70","13.79","13.61","99.22M","1.11%"
"03/09/2012","13.56","14.00","14.00","13.30","47.30M","-2.45%"
"03/08/2012","13.90","13.75","13.90","13.10","36.97M","1.76%"
"03/07/2012","13.66","13.60","13.89","13.50","33.99M","0.07%"
"03/06/2012","13.65","13.58","13.71","13.58","15.08M","-1.23%"
"03/05/2012","13.82","13.60","14.15","13.40","34.37M","-1.64%"
"03/02/2012","14.05","13.51","14.05","13.51","25.73M","4.00%"
"03/01/2012","13.51","13.40","13.52","13.40","4.17M","1.35%"
"02/29/2012","13.33","13.06","13.40","13.06","29.67M","0.98%"
"02/28/2012","13.20","13.20","13.30","13.15","20.76M","-0.68%"
"02/27/2012","13.29","13.07","13.32","13.07","22.93M","-0.45%"
"02/24/2012","13.35","13.50","13.77","12.70","78.60M","1.75%"
"02/23/2012","13.12","12.50","13.12","12.50","16.79M","4.96%"
"02/22/2012","12.50","12.32","12.54","12.31","20.62M","1.38%"
"02/21/2012","12.33","12.25","12.35","12.20","3.28M","0.65%"
"02/20/2012","12.25","12.30","12.40","12.25","82.53M","-0.24%"
"02/17/2012","12.28","12.27","12.30","12.25","52.80M","0.16%"
"02/16/2012","12.26","12.22","12.30","12.22","6.87M","0.25%"
"02/15/2012","12.23","12.21","12.23","12.17","5.55M","-0.16%"
"02/14/2012","12.25","12.20","12.26","12.20","14.58M","0.00%"
"02/13/2012","12.25","12.25","12.26","12.20","23.27M","-0.24%"
"02/10/2012","12.28","12.25","12.28","12.20","8.47M","0.24%"
"02/09/2012","12.25","12.30","12.30","12.20","19.12M","0.66%"
"02/08/2012","12.17","12.33","12.33","12.11","5.69M","-1.85%"
"02/07/2012","12.40","12.25","12.64","12.25","14.37M","0.00%"
"02/03/2012","12.40","12.12","12.40","12.12","6.88M","1.89%"
"02/02/2012","12.17","12.02","12.17","12.02","12.85M","1.33%"
"02/01/2012","12.01","12.47","12.50","12.01","14.89M","-3.53%"
"01/31/2012","12.45","12.11","12.45","12.11","24.20M","3.66%"
"01/30/2012","12.01","12.06","12.07","12.00","3.04M","-0.74%"
"01/27/2012","12.10","12.01","12.22","12.01","117.01M","0.67%"
"01/26/2012","12.02","12.00","12.02","11.97","61.36M","0.17%"
"01/25/2012","12.00","12.00","12.10","11.95","46.58M","0.33%"
"01/24/2012","11.96","12.00","12.00","11.95","8.27M","-0.33%"
"01/23/2012","12.00","12.05","12.05","11.95","16.15M","-0.83%"